"Code AGB","Code CIQUAL","Groupe d'aliment","Sous-groupe d'aliment","Nom du Produit en Français","LCI Name","code saison","code avion","Livraison","Préparation","DQR","Score unique EF","Changement climatique","Appauvrissement de la couche d'ozone","Rayonnements ionisants","Formation photochimique d'ozone","Particules fines","Effets toxicologiques sur la santé humaine : substances non-cancérogènes","Effets toxicologiques sur la santé humaine : substances cancérogènes","Acidification terrestre et eaux douces","Eutrophisation eaux douces","Eutrophisation marine","Eutrophisation terrestre","Écotoxicité pour écosystèmes aquatiques d'eau douce","Utilisation du sol","Épuisement des ressources eau","Épuisement des ressources énergétiques","Épuisement des ressources minéraux","Matériau d'emballage"
"12112","12112","lait et produits laitiers","fromages","Abondance","Abondance cheese, from cow's milk","2",0,"Glacé","Pas de préparation",5,0.53606708,4.9830797,4.7845077e-8,0.57644073,0.010952812,5.4468634e-7,8.6957103e-8,2.2749559e-9,0.074981339,0.00049271369,0.018204558,0.31908472,45.017853,178.4429,0.66368498,32.429708,0.000012179005,"PACK AGB"
"11168","11168","aides culinaires et ingrédients divers","sauces","Sauce aïoli, préemballée","Aioli sauce (garlic and olive oil mayonnaise), prepacked","2",0,"Glacé","Pas de préparation",5,0.54796434,1.4369781,9.4393458e-7,0.80468562,0.011901559,2.702609e-7,1.8172903e-7,4.8777872e-9,0.036402346,0.00058758783,0.017843532,0.14883257,41.16699,512.37,19.147918,41.804863,0.000035672177,"PACK PROXY"
"26006","26006","viandes, œufs, poissons","poissons crus","Lieu ou colin d'Alaska, cru","Alaska pollock, raw","2",0,"Glacé","Pas de préparation",5,1.9688571000000001,12.188752,0.0000017640754,0.28003355,0.23912983,0.0000024713049,4.7505226e-8,5.4092627e-9,0.31970158,0.00052943654,0.078563124,0.85806833,12.058341,16.31433,0.39493123,161.74181,0.000065558231,"PACK PROXY"
"26152","26152","viandes, œufs, poissons","poissons cuits","Lieu ou colin d'Alaska, fumé","Alaska pollock, smoked","2",0,"Glacé","Pas de préparation",5,1.9655582,12.175313,0.0000017638183,0.23024889,0.23909588,0.00000247075,4.7148726e-8,5.4028163e-9,0.3196372,0.00052485757,0.078549585,0.85796559,12.003892,16.251565,0.39152082,160.62961,0.000065150647,"PACK PROXY"
"26179","26179","viandes, œufs, poissons","produits à base de poissons et produits de la mer","Thon germon ou thon blanc, à l'huile d'olive, appertisé, égoutté","Albacore, in olive oil, canned, drained","2",0,"Ambiant (long)","Pas de préparation",5,1.7204922,9.9544817,3.0881245e-7,1.1473412,0.18017406,0.0000019798854,1.3389395e-7,1.1494029e-8,0.2523893,0.00077538958,0.066497071,0.69993636,25.723008,293.17582,11.334169,150.04028,0.000026030631,"PACK AGB"
"26076","26076","viandes, œufs, poissons","poissons crus","Thon germon ou thon blanc, cru","Albacore, raw","2",0,"Glacé","Pas de préparation",5,1.5620645,9.4899756,0.0000016943765,0.25112575,0.18997509,0.0000019621315,3.6619336e-8,4.1881834e-9,0.25454639,0.00035922784,0.062495765,0.68239954,8.4537606,11.955942,0.26181055,126.71945,0.00005747009,"PACK PROXY"
"26077","26077","viandes, œufs, poissons","produits à base de poissons et produits de la mer","Thon germon ou thon blanc, cuit à la vapeur sous pression","Albacore, steamed under pressure","2",0,"Glacé","Four",5,1.9587625,11.797847,0.0000024112274,0.82932201,0.23268181,0.0000024052901,4.9308064e-8,5.2070352e-9,0.31181695,0.00050527651,0.076520172,0.83496892,11.137916,15.558885,0.37320653,168.05008,0.00008292289,"PACK PROXY"
"15029","15029","fruits, légumes, légumineuses et oléagineux","fruits à coque et graines oléagineuses","Luzerne, graine germée","Alfalfa seeds, sprouted, raw","2",0,"Ambiant (long)","Pas de préparation",5,0.39560738,3.0437335,4.3216743e-8,0.26075154,0.0096008606,2.4619577e-7,5.9493395e-8,4.6522348e-9,0.034151974,0.001238007,0.024873818,0.1429252,25.87531,517.85434,1.3109581,25.877063,0.000013428055,"PACK PROXY"
"24664","24664","produits céréaliers","gâteaux et pâtisseries","Gâteau aux amandes type financier","Almond cake","2",0,"Ambiant (long)","Pas de préparation",5,0.88910294,3.9530961,7.3058623e-8,0.67749656,0.015493265,4.9595681e-7,2.7161727e-7,2.043799e-9,0.060042864,0.0007300593,0.020368624,0.24883947,67.882123,228.37951,44.545148,53.787728,0.000024745815,"PACK PROXY"
"18107","18107","boissons","boissons sans alcool","Boisson à l'amande","Almond drink not sweet, not fortified, prepacked","2",0,"Ambiant (long)","Pas de préparation",5,0.11992001000000001,0.33993838,1.1891291e-8,0.16231949,0.0020658204,5.1573776e-8,4.180804e-8,2.4391044e-10,0.0044851067,0.00013952814,0.0019056144,0.016047283,7.3456027,27.080658,7.5247024,9.352937,0.0000045837336,"PACK PROXY"
"15201","15201","fruits, légumes, légumineuses et oléagineux","fruits à coque et graines oléagineuses","Pâte d'amande, préemballée","Almond paste or marzipan, prepacked","2",0,"Ambiant (long)","Pas de préparation",5,1.6322033,1.4509826,7.458403e-8,0.76060681,0.019313806,6.4101712e-7,7.0032262e-7,1.7040209e-9,0.061929973,0.0011871189,0.026817031,0.25052641,102.28178,347.51885,133.60037,50.382911,0.000045724694,"PACK PROXY"
"15000","15000","fruits, légumes, légumineuses et oléagineux","fruits à coque et graines oléagineuses","Amande (avec peau)","Almond, (with peel)","2",0,"Ambiant (long)","Pas de préparation",5,2.860979,1.1227794,1.1304298e-7,0.50117788,0.030393488,0.0000010353135,0.0000013262382,2.4949147e-9,0.093990284,0.0019232513,0.041190349,0.37769183,168.36958,584.91558,252.6364,60.417832,0.000079160115,"PACK PROXY"
"15042","15042","fruits, légumes, légumineuses et oléagineux","fruits à coque et graines oléagineuses","Amande, grillée, salée","Almond, grilled, salted","2",0,"Ambiant (long)","Pas de préparation",5,2.860979,1.1227794,1.1304298e-7,0.50117788,0.030393488,0.0000010353135,0.0000013262382,2.4949147e-9,0.093990284,0.0019232513,0.041190349,0.37769183,168.36958,584.91558,252.6364,60.417832,0.000079160115,"PACK PROXY"
"15041","15041","fruits, légumes, légumineuses et oléagineux","fruits à coque et graines oléagineuses","Amande, mondée, émondée ou blanchie","Almond, peeled, unpeeled or blanched","2",0,"Ambiant (long)","Pas de préparation",5,2.860979,1.1227794,1.1304298e-7,0.50117788,0.030393488,0.0000010353135,0.0000013262382,2.4949147e-9,0.093990284,0.0019232513,0.041190349,0.37769183,168.36958,584.91558,252.6364,60.417832,0.000079160115,"PACK PROXY"
"15032","15032","fruits, légumes, légumineuses et oléagineux","fruits à coque et graines oléagineuses","Luzerne, graine","Alphalfa seeds, raw","2",0,"Ambiant (long)","Pas de préparation",5,0.39560738,3.0437335,4.3216743e-8,0.26075154,0.0096008606,2.4619577e-7,5.9493395e-8,4.6522348e-9,0.034151974,0.001238007,0.024873818,0.1429252,25.87531,517.85434,1.3109581,25.877063,0.000013428055,"PACK PROXY"
"9345","9345","produits céréaliers","pâtes, riz et céréales","Amarante, crue","Amaranth, raw","2",0,"Ambiant (long)","Pas de préparation",5,0.11104133000000001,0.83660047,1.2287685e-8,0.086187939,0.003109876,8.642347e-8,1.5696176e-8,9.0558429e-10,0.012086074,0.0001859229,0.0077017446,0.050089402,5.61428,87.91877,0.25405188,8.1817076,0.0000042075661,"PACK AGB"
"26001","26001","viandes, œufs, poissons","poissons crus","Bar rayé ou bar d'Amérique, cru","American bass, raw","2",0,"Glacé","Pas de préparation",5,1.9980886,12.822659,0.0000015610333,1.5136074,0.062680032,7.4794584e-7,2.7538534e-7,5.5437332e-9,0.068529816,0.0012351703,0.56058275,0.24958185,114.99832,369.98448,2.6279663,177.58084,0.00005705798,"PACK PROXY"
"10048","10048","viandes, œufs, poissons","mollusques et crustacés crus","Pecten d'Amérique ou Peigne du canada, noix, crue","American or Canadian sea scallop, without coral, raw","2",0,"Glacé","Pas de préparation",5,1.3804653999999998,12.229685,2.9222873e-7,0.4927254,0.13936833,0.0000013887729,5.90849e-8,3.4175569e-9,0.17735753,0.0011691214,0.051241339,0.48385965,41.613058,29.820754,0.42927248,123.34808,0.000061603912,"PACK PROXY"
"11167","11167","aides culinaires et ingrédients divers","sauces","Sauce américaine, préemballée","American-style sauce, prepacked","2",0,"Glacé","Pas de préparation",5,0.41754502,3.475397,9.4202234e-7,0.82659523,0.014037416,3.5023695e-7,5.242026e-8,1.5601135e-9,0.045418519,0.00040488866,0.012347098,0.17486717,25.328961,102.40615,0.76566699,43.280194,0.000032391539,"PACK PROXY"
"26000","26000","viandes, œufs, poissons","produits à base de poissons et produits de la mer","Anchois, filets à l'huile, semi-conserve, égoutté","Anchovy, fillets, in oil, semi-preserved, drained","2",0,"Glacé","Pas de préparation",5,0.8462767,9.7302632,4.1297679e-7,0.45369995,0.049908285,5.9906847e-7,8.0015516e-8,3.587163e-9,0.073449421,0.0014160689,0.02428722,0.19969925,65.744993,223.04227,3.675977,83.8312,0.000034480029,"PACK AGB"
"25999","25999","viandes, œufs, poissons","produits à base de poissons et produits de la mer","Anchois, filets roulés aux câpres, semi-conserve, égoutté","Anchovy, fillets, rolled with capers, semi-preserved, drained","2",0,"Glacé","Pas de préparation",5,0.3484509,2.8210407,8.9014962e-8,0.86375014,0.019778456,2.5353756e-7,3.9062387e-8,3.0372005e-9,0.027599286,0.00096792699,0.0093956137,0.071893357,25.707231,77.09921,0.45194622,49.463256,0.000024429847,"PACK AGB"
"26177","26177","viandes, œufs, poissons","produits à base de poissons et produits de la mer","Anchois au sel (anchoité, semi-conserve)","Anchovy, in salt (semi-preserved)","2",0,"Glacé","Pas de préparation",5,0.3767462,2.6853612,0.000001814735,0.2250797,0.030363525,3.0585733e-7,1.9735096e-8,8.4634599e-10,0.037766203,0.00026819928,0.0095591166,0.10299421,5.6389488,9.0029562,0.19778889,38.89963,0.000062908717,"PACK PROXY"
"26081","26081","viandes, œufs, poissons","poissons cuits","Lotte ou baudroie, grillée/poêlée","Anglerfish, grilled","2",0,"Glacé","Four",5,2.4367512000000002,14.971152,0.0000021565617,0.85906355,0.29233644,0.0000030233252,6.1668391e-8,6.670658e-9,0.39103808,0.00069325312,0.096056254,1.0488041,15.250525,20.57012,0.51751326,208.98779,0.000084280085,"PACK PROXY"
"26018","26018","viandes, œufs, poissons","poissons crus","Lotte ou baudroie, crue","Anglerfish, raw","2",0,"Glacé","Pas de préparation",5,1.9688571000000001,12.188752,0.0000017640754,0.28003355,0.23912983,0.0000024713049,4.7505226e-8,5.4092627e-9,0.31970158,0.00052943654,0.078563124,0.85806833,12.058341,16.31433,0.39493123,161.74181,0.000065558231,"PACK PROXY"
"13038","13038","fruits, légumes, légumineuses et oléagineux","fruits","Compote de pomme","Apple compote","2",0,"Glacé","Pas de préparation",5,0.1483063,1.3111671,1.5849893e-7,0.64743175,0.0050309341,6.7654661e-8,1.6478583e-8,5.4102364e-10,0.0071624373,0.00025896194,0.0029360265,0.025246645,13.113241,28.21372,0.81675145,29.307958,0.0000099315761,"PACK AGB"
"23493","23493","produits céréaliers","gâteaux et pâtisseries","Crumble aux pommes","Apple crumble","2",0,"Ambiant (long)","Pas de préparation",5,0.28810855,2.1472862,0.0000017845706,0.57576482,0.0062948399,1.7750538e-7,3.2347289e-8,9.1070814e-10,0.023309178,0.00027228502,0.0072540341,0.095063057,21.454035,69.323101,0.82693295,29.655543,0.000050276536,"PACK PROXY"
"2074","2074","boissons","boissons sans alcool","Jus de pomme, pur jus","Apple juice, pure juice","2",0,"Ambiant (long)","Pas de préparation",5,0.09387532900000001,0.83770808,5.3422555e-7,0.17851369,0.0030462711,2.7919306e-8,1.618976e-8,3.5671613e-10,0.0027910702,0.00012994444,0.0015682627,0.0091554018,17.398353,23.379124,0.45475565,12.073644,0.000017339987,"PACK PROXY"
"23481","23481","produits céréaliers","gâteaux et pâtisseries","Tarte normande aux pommes (garniture farine, œufs, crème, sucre, calvados)","Apple pie with custard (flour, eggs, cream, sugar, apple alcohol)","2",0,"Ambiant (long)","Pas de préparation",5,0.63765156,2.7471919,0.0000017953118,0.65347961,0.010267907,3.4819673e-7,1.7625267e-7,1.496838e-9,0.04280697,0.00050367839,0.01390849,0.17649243,46.78191,157.82607,26.504009,36.845666,0.000059054168,"PACK PROXY"
"23490","23490","produits céréaliers","gâteaux et pâtisseries","Tarte ou tartelette aux pommes","Apple tart","2",0,"Ambiant (long)","Pas de préparation",5,0.26434322,1.9745089,0.0000017837409,0.56739551,0.0058254883,1.5085432e-7,3.2057817e-8,8.4866319e-10,0.019577028,0.00024915227,0.0061880606,0.078965483,20.147035,60.888606,0.62458398,28.657133,0.000049795968,"PACK PROXY"
"23480","23480","produits céréaliers","pains et viennoiseries","Chausson aux pommes","Apple turnover","2",0,"Ambiant (court)","Pas de préparation",5,0.21285425000000002,1.8417667,2.6649648e-8,0.4998098,0.0049935417,1.7816553e-7,3.3782635e-8,8.9580304e-10,0.024575042,0.00017774036,0.0073397246,0.10449539,21.724903,74.737601,0.61394032,21.107825,0.000006078944,"PACK PROXY"
"13085","13085","fruits, légumes, légumineuses et oléagineux","fruits","Pomme Canada, pulpe, crue","Apple, Canada, pulp, raw","2",0,"Ambiant (moyen)","Pas de préparation",5,0.055669111,0.52882804,2.9846672e-8,0.06381576,0.0026716997,2.5098815e-8,1.3322713e-8,2.9145162e-10,0.0023956276,0.000068046373,0.0010173999,0.0091469355,13.783948,20.12695,0.38577287,7.2448096,0.0000041230688,"PACK AGB"
"13111","13111","fruits, légumes, légumineuses et oléagineux","fruits","Pomme, sèche","Apple, dried","2",0,"Ambiant (moyen)","Pas de préparation",5,0.42515780000000003,2.2593045,9.7846117e-8,4.8212429,0.011175071,1.0795645e-7,5.9198654e-8,1.3736755e-9,0.011492433,0.00049109267,0.0045030974,0.037549287,58.755465,90.364963,2.0006915,125.84986,0.000020799179,"PACK AGB"
"13039","13039","fruits, légumes, légumineuses et oléagineux","fruits","Pomme, pulpe et peau, crue","Apple, pulp and peel, raw","2",0,"Ambiant (moyen)","Pas de préparation",5,0.055669111,0.52882804,2.9846672e-8,0.06381576,0.0026716997,2.5098815e-8,1.3322713e-8,2.9145162e-10,0.0023956276,0.000068046373,0.0010173999,0.0091469355,13.783948,20.12695,0.38577287,7.2448096,0.0000041230688,"PACK AGB"
"13050","13050","fruits, légumes, légumineuses et oléagineux","fruits","Pomme, pulpe, crue","Apple, pulp, raw","2",0,"Ambiant (moyen)","Pas de préparation",5,0.055669111,0.52882804,2.9846672e-8,0.06381576,0.0026716997,2.5098815e-8,1.3322713e-8,2.9145162e-10,0.0023956276,0.000068046373,0.0010173999,0.0091469355,13.783948,20.12695,0.38577287,7.2448096,0.0000041230688,"PACK AGB"
"13175","13175","fruits, légumes, légumineuses et oléagineux","fruits","Pomme, pulpe, rôtie/cuite au four","Apple, pulp, roasted/baked","2",0,"Ambiant (moyen)","Four",5,0.16952298999999998,1.6054791,2.1496714e-7,0.67411406,0.0063195327,6.1794979e-8,2.5835653e-8,7.7775861e-10,0.0057746762,0.00032774194,0.0019752389,0.017065157,19.62663,33.228767,0.75662073,33.463557,0.000015264939,"PACK AGB"
"13620","13620","fruits, légumes, légumineuses et oléagineux","fruits","Pomme Golden, pulpe et peau, crue","Apple, var. Golden, pulp and skin, raw","2",0,"Ambiant (moyen)","Pas de préparation",5,0.055669111,0.52882804,2.9846672e-8,0.06381576,0.0026716997,2.5098815e-8,1.3322713e-8,2.9145162e-10,0.0023956276,0.000068046373,0.0010173999,0.0091469355,13.783948,20.12695,0.38577287,7.2448096,0.0000041230688,"PACK AGB"
"13176","13176","fruits, légumes, légumineuses et oléagineux","fruits","Pomme, pulpe, bouillie/cuite à l'eau","Apples, raw, without skin, cooked, boiled/cooked in water","2",0,"Ambiant (moyen)","Cuisson à l'eau",5,0.14784854,1.6152706,2.1608184e-7,0.25949267,0.0061778773,5.7621265e-8,2.3069032e-8,7.4080655e-10,0.0053195144,0.00029375658,0.0019085183,0.016473132,19.281131,32.738034,0.73062499,25.513458,0.000011950248,"PACK AGB"
"2043","2043","boissons","boissons sans alcool","Nectar d'abricot","Apricot nectar","2",0,"Ambiant (long)","Pas de préparation",5,0.12713885,0.57623714,5.3737975e-7,0.21489957,0.0016837644,3.0121942e-8,1.0212992e-8,1.970797e-10,0.0027712816,0.00013935835,0.015833376,0.008928904,7.9365248,260.29649,0.88853528,10.887697,0.000016734659,"PACK PROXY"
"13712","13712","fruits, légumes, légumineuses et oléagineux","fruits","Abricot au sirop léger, appertisé, égoutté","Apricot, canned in light syrup, drained","2",0,"Ambiant (long)","Pas de préparation",5,0.27226438999999997,1.413479,2.6441849e-8,1.4549975,0.0039595417,7.1778686e-8,2.5250517e-8,4.1813864e-9,0.0042110648,0.00043152175,0.030310829,0.010455913,16.322117,500.4309,1.5775041,43.169353,0.0000084737816,"PACK AGB"
"13713","13713","fruits, légumes, légumineuses et oléagineux","fruits","Abricot au sirop léger, appertisé, non égoutté","Apricot, canned in light syrup, not drained","2",0,"Ambiant (long)","Pas de préparation",5,0.16014536,0.83137662,1.5552797e-8,0.85581223,0.0023288009,4.2218875e-8,1.4847492e-8,2.4595756e-9,0.0024767134,0.00025352253,0.017822939,0.0061492023,9.5824155,294.37072,0.9308136,25.391696,0.0000049839517,"PACK AGB"
"13714","13714","fruits, légumes, légumineuses et oléagineux","fruits","Abricot au sirop, appertisé, égoutté","Apricot, in syrup, canned, drained","2",0,"Ambiant (long)","Pas de préparation",5,0.27647939,1.4353625,2.6851212e-8,1.4775233,0.0040208478,7.2889957e-8,2.5641609e-8,4.2461161e-9,0.004276266,0.00043821345,0.030780299,0.01061782,16.575489,508.17752,1.6018157,43.837686,0.0000086049782,"PACK AGB"
"13715","13715","fruits, légumes, légumineuses et oléagineux","fruits","Abricot au sirop, appertisé, non égoutté","Apricot, in syrup, canned, not drained","2",0,"Ambiant (long)","Pas de préparation",5,0.16014536,0.83137662,1.5552797e-8,0.85581223,0.0023288009,4.2218875e-8,1.4847492e-8,2.4595756e-9,0.0024767134,0.00025352253,0.017822939,0.0061492023,9.5824155,294.37072,0.9308136,25.391696,0.0000049839517,"PACK AGB"
"13001","13001","fruits, légumes, légumineuses et oléagineux","fruits","Abricot, dénoyauté, sec","Apricot, pitted, dried","2",0,"Ambiant (moyen)","Pas de préparation",5,0.8995609,3.697138,5.4292176e-8,0.34831935,0.0072424158,8.7218208e-8,9.9946424e-8,1.4760833e-9,0.0079211969,0.0010584858,0.17896099,0.021461844,80.506959,2987.0728,8.1900122,32.801764,0.000027247068,"PACK AGB"
"13000","13000","fruits, légumes, légumineuses et oléagineux","fruits","Abricot, dénoyauté, cru","Apricot, pitted, raw","2",0,"Ambiant (moyen)","Pas de préparation",5,0.22324017000000002,1.4895009,7.736104e-8,0.14679326,0.0044131177,5.0595201e-8,2.3797259e-8,4.7309513e-10,0.003961649,0.00032462094,0.031225776,0.011398166,15.434488,518.97723,1.5962773,19.756667,0.0000090271061,"PACK AGB"
"23494","23494","produits céréaliers","gâteaux et pâtisseries","Tarte aux abricots","Apricots tart","2",0,"Ambiant (long)","Pas de préparation",5,0.34484222,2.1687841,0.0000017791412,0.58460639,0.0054743832,1.521465e-7,3.6539385e-8,8.5826175e-10,0.019365699,0.0003353008,0.027095273,0.077137829,21.390146,406.97543,1.3732131,29.425976,0.000050985007,"PACK PROXY"
"26171","26171","viandes, œufs, poissons","poissons crus","Omble chevalier, cru","Arctic char, raw","2",0,"Glacé","Pas de préparation",5,3.1754643,5.5230275,0.0000015475877,1.654049,0.026805324,3.5352668e-7,5.3368355e-8,2.5423146e-9,0.035240048,0.0238648,0.095812321,0.12277943,128.72814,134.93421,274.01103,93.914251,0.000057744985,"PACK PROXY"
"11111","11111","aides culinaires et ingrédients divers","sauces","Sauce armoricaine, préemballée","Armorican-style sauce, prepacked","2",0,"Glacé","Micro-onde",5,0.4217367,3.4866875,9.4234616e-7,0.89295978,0.014081696,3.5097084e-7,5.2890186e-8,1.5685365e-9,0.045503719,0.00041089214,0.012363284,0.17500229,25.39654,102.48949,0.77019451,44.754957,0.000032934348,"PACK PROXY"
"11172","11172","aides culinaires et ingrédients divers","aides culinaires","Court-bouillon pour poissons, déshydraté","Aromatic stock cube, for fish, dehydrated","2",0,"Ambiant (long)","Pas de préparation",5,1.8882246,7.9321699,1.8915229e-7,29.305132,0.026132781,4.8258668e-7,1.8590629e-7,3.8629398e-8,0.04859767,0.002037834,0.027913859,0.14617595,35.168649,104.98051,3.1007275,681.25251,0.000052035231,"PACK PROXY"
"20156","20156","fruits, légumes, légumineuses et oléagineux","légumes","Artichaut, fond, appertisé, égoutté","Artichoke base, canned, drained","2",0,"Ambiant (long)","Pas de préparation",5,0.22666426,2.6811147,6.8064513e-8,0.32406046,0.0068018776,1.0760349e-7,3.0126955e-8,5.4049114e-9,0.0094616712,0.00052208476,0.0091614619,0.033529996,30.057308,98.347951,0.67345122,27.763412,0.000010151226,"PACK AGB"
"20232","20232","fruits, légumes, légumineuses et oléagineux","légumes","Artichaut, fond, surgelé, cru","Artichoke base, frozen, raw","2",0,"Congelé","Pas de préparation",5,0.17552436999999999,1.9064093,3.8754371e-8,0.59528938,0.0042311091,6.0826433e-8,2.5650052e-8,6.6575004e-10,0.0073159208,0.00031448039,0.0083569183,0.026794558,26.914034,90.82133,0.52959188,23.617301,0.000010678378,"PACK AGB"
"20067","20067","fruits, légumes, légumineuses et oléagineux","légumes","Artichaut, appertisé, égoutté","Artichoke, canned, drained","2",0,"Ambiant (long)","Pas de préparation",5,0.21248813000000003,2.5218262,6.1683404e-8,0.28761235,0.0062640421,9.9133319e-8,2.8815094e-8,4.7959309e-9,0.0089933427,0.00048316993,0.0089796984,0.032163118,29.417969,96.996571,0.64137371,25.032855,0.0000096388477,"PACK AGB"
"20000","20000","fruits, légumes, légumineuses et oléagineux","légumes","Artichaut, cuit","Artichoke, globe, cooked","2",0,"Ambiant (moyen)","Cuisson à l'eau",5,0.19372216,2.0797738,7.3754871e-8,0.30137602,0.0069260063,8.6651376e-8,2.720399e-8,7.8271247e-10,0.0087408876,0.00034784471,0.0065856107,0.031298339,20.631426,86.470233,0.68499716,30.990645,0.000011461403,"PACK AGB"
"20052","20052","fruits, légumes, légumineuses et oléagineux","légumes","Artichaut, cru","Artichoke, globe, raw","2",0,"Ambiant (moyen)","Pas de préparation",5,0.19149244999999998,2.5330615,5.2825006e-8,0.15844969,0.0059798117,8.5174049e-8,3.7139744e-8,9.3933559e-10,0.0087908686,0.00038620477,0.008741531,0.034671092,27.679174,99.113901,0.56096907,16.502088,0.0000095448459,"PACK AGB"
"20155","20155","fruits, légumes, légumineuses et oléagineux","légumes","Artichaut, coeur, appertisé, égoutté","Artichoke, heart, canned, drained","2",0,"Ambiant (long)","Pas de préparation",5,0.21248813000000003,2.5218262,6.1683404e-8,0.28761235,0.0062640421,9.9133319e-8,2.8815094e-8,4.7959309e-9,0.0089933427,0.00048316993,0.0089796984,0.032163118,29.417969,96.996571,0.64137371,25.032855,0.0000096388477,"PACK AGB"
"12761","12761","lait et produits laitiers","fromages","Asiago","Asiago cheese, from cow's milk","2",0,"Glacé","Pas de préparation",5,0.52906098,4.9199335,4.7823352e-8,0.57986983,0.010848276,5.3667199e-7,8.5528664e-8,2.2440697e-9,0.073686307,0.0004935726,0.017928608,0.31339721,44.245222,175.34691,0.65709655,32.485135,0.000012065824,"PACK AGB"
"9085","9085","produits céréaliers","pâtes, riz et céréales","Nouilles asiatiques cuites, aromatisées","Asian noodles, flavoured, cooked","2",0,"Ambiant (long)","Micro-onde",5,0.19179725,1.567437,3.6317645e-8,0.62828454,0.0056449363,1.1585917e-7,2.1314578e-8,1.0501086e-9,0.01443142,0.00035228565,0.007673835,0.058151035,23.681598,87.702995,0.48951445,29.167024,0.0000072995391,"PACK AGB"
"9863","9863","produits céréaliers","pâtes, riz et céréales","Nouilles asiatiques aromatisées, déshydratées","Asian noodles, flavoured, dehydrated","2",0,"Ambiant (long)","Pas de préparation",5,0.22881481,1.7683074,3.9975746e-8,0.92478278,0.0064347814,1.3676984e-7,2.4512628e-8,1.2406328e-9,0.017290092,0.00040049382,0.0092545635,0.070037958,28.329924,104.66574,0.55293823,36.804715,0.0000079293754,"PACK AGB"
"9086","9086","produits céréaliers","pâtes, riz et céréales","Nouilles asiatiques cuites, nature, non salées","Asian noodles, plain, cooked, unsalted","2",0,"Ambiant (long)","Micro-onde",5,0.19179725,1.567437,3.6317645e-8,0.62828454,0.0056449363,1.1585917e-7,2.1314578e-8,1.0501086e-9,0.01443142,0.00035228565,0.007673835,0.058151035,23.681598,87.702995,0.48951445,29.167024,0.0000072995391,"PACK AGB"
"20001","20001","fruits, légumes, légumineuses et oléagineux","légumes","Asperge, bouillie/cuite à l'eau","Asparagus, boiled/cooked in water","2",0,"Ambiant (moyen)","Cuisson à l'eau",5,0.29440608,2.0922745,5.9698765e-8,0.36739967,0.0075050659,1.3288233e-7,1.4648189e-7,1.8243895e-9,0.015445254,0.00038276186,0.010591121,0.059027157,14.930315,125.15969,2.6318105,31.131735,0.000042791967,"PACK AGB"
"20076","20076","fruits, légumes, légumineuses et oléagineux","légumes","Asperge, appertisée, égouttée","Asparagus, canned, drained","2",0,"Ambiant (long)","Pas de préparation",5,0.26225802,1.9572342,5.9295557e-8,0.36395955,0.0069229539,1.3353978e-7,1.1656547e-7,5.3419788e-9,0.013144238,0.00043058723,0.0087923857,0.048971104,13.765666,99.976633,2.0939868,28.710478,0.000033241377,"PACK AGB"
"20279","20279","fruits, légumes, légumineuses et oléagineux","légumes","Asperge, verte, crue","Asparagus, green, raw","2",0,"Ambiant (moyen)","Pas de préparation",5,0.20438962,1.2133858,3.1911652e-8,0.18247318,0.0046293652,9.8691476e-8,1.2125225e-7,1.4269042e-9,0.011827557,0.00021351884,0.0086019318,0.046757017,11.010088,101.75123,2.0928805,15.374766,0.000034078412,"PACK AGB"
"20073","20073","fruits, légumes, légumineuses et oléagineux","légumes","Asperge, pelée, crue","Asparagus, peeled, raw","2",0,"Ambiant (moyen)","Pas de préparation",5,0.20438962,1.2133858,3.1911652e-8,0.18247318,0.0046293652,9.8691476e-8,1.2125225e-7,1.4269042e-9,0.011827557,0.00021351884,0.0086019318,0.046757017,11.010088,101.75123,2.0928805,15.374766,0.000034078412,"PACK AGB"
"20282","20282","fruits, légumes, légumineuses et oléagineux","légumes","Asperge, blanche ou violette, pelée, crue","Asparagus, white or purple, peeled, raw","2",0,"Ambiant (moyen)","Pas de préparation",5,0.20438962,1.2133858,3.1911652e-8,0.18247318,0.0046293652,9.8691476e-8,1.2125225e-7,1.4269042e-9,0.011827557,0.00021351884,0.0086019318,0.046757017,11.010088,101.75123,2.0928805,15.374766,0.000034078412,"PACK AGB"
"26075","26075","viandes, œufs, poissons","poissons crus","Bar ou loup de l'Atlantique, cru","Atlantic bass, raw","2",0,"Glacé","Pas de préparation",5,1.9980886,12.822659,0.0000015610333,1.5136074,0.062680032,7.4794584e-7,2.7538534e-7,5.5437332e-9,0.068529816,0.0012351703,0.56058275,0.24958185,114.99832,369.98448,2.6279663,177.58084,0.00005705798,"PACK PROXY"
"26102","26102","viandes, œufs, poissons","poissons crus","Maquereau espagnol ou maquereau blanc ou billard, cru","Atlantic chub mackerel, raw","2",0,"Glacé","Pas de préparation",5,0.36035928,2.7092366,0.000001599102,0.2202451,0.031887835,3.2248737e-7,1.6317385e-8,8.328054e-10,0.039905648,0.00022423497,0.010063578,0.10878528,4.506682,7.5868229,0.16164674,37.962977,0.000044260978,"PACK PROXY"
"26009","26009","viandes, œufs, poissons","poissons crus","Flétan de l'Atlantique ou flétan blanc, cru","Atlantic halibut, raw","2",0,"Glacé","Pas de préparation",5,0.8406778899999999,4.7571689,0.0000015796852,0.25965509,0.069608091,7.2894242e-7,8.141288e-8,2.3194108e-9,0.094036502,0.00071488886,0.022586923,0.2441613,14.931256,12.327168,0.40636961,65.167452,0.0001701467,"PACK PROXY"
"26012","26012","viandes, œufs, poissons","poissons cuits","Hareng, frit","Atlantic herring, fried","2",0,"Glacé","Poêle",5,0.46450148,3.5034988,0.0000019544195,0.38505185,0.040419915,4.082042e-7,2.1448972e-8,1.1167627e-9,0.050597435,0.00029952948,0.012892145,0.13808011,6.6386873,12.990185,0.21201826,51.43997,0.000055303294,"PACK PROXY"
"26014","26014","viandes, œufs, poissons","poissons cuits","Hareng, grillé/poêlé","Atlantic herring, grilled/pan-fried","2",0,"Glacé","Poêle",5,0.46450148,3.5034988,0.0000019544195,0.38505185,0.040419915,4.082042e-7,2.1448972e-8,1.1167627e-9,0.050597435,0.00029952948,0.012892145,0.13808011,6.6386873,12.990185,0.21201826,51.43997,0.000055303294,"PACK PROXY"
"26237","26237","viandes, œufs, poissons","poissons crus","Hareng maigre, cru","Atlantic herring, lean, raw","2",0,"Glacé","Pas de préparation",5,0.36870672,2.7703525,0.0000015968247,0.22072809,0.032878017,3.3215763e-7,1.6609523e-8,8.538375e-10,0.041148448,0.00022756893,0.010380511,0.11225211,4.5940735,7.7616363,0.16359617,38.802207,0.000044405452,"PACK PROXY"
"26010","26010","viandes, œufs, poissons","produits à base de poissons et produits de la mer","Hareng mariné ou rollmops","Atlantic herring, marinated, or rollmops","2",0,"Glacé","Pas de préparation",5,0.38404475,2.8703134,0.000001875085,0.22527869,0.033177894,3.3518379e-7,1.7372776e-8,8.7626548e-10,0.041424552,0.00024383195,0.010448562,0.11279803,4.8305836,8.0160142,0.17853513,40.298139,0.000051382101,"PACK PROXY"
"26238","26238","viandes, œufs, poissons","poissons crus","Hareng gras, cru","Atlantic herring, oily, raw","2",0,"Glacé","Pas de préparation",5,0.36870672,2.7703525,0.0000015968247,0.22072809,0.032878017,3.3215763e-7,1.6609523e-8,8.538375e-10,0.041148448,0.00022756893,0.010380511,0.11225211,4.5940735,7.7616363,0.16359617,38.802207,0.000044405452,"PACK PROXY"
"26011","26011","viandes, œufs, poissons","poissons crus","Hareng, cru","Atlantic herring, raw","2",0,"Glacé","Pas de préparation",5,0.36870672,2.7703525,0.0000015968247,0.22072809,0.032878017,3.3215763e-7,1.6609523e-8,8.538375e-10,0.041148448,0.00022756893,0.010380511,0.11225211,4.5940735,7.7616363,0.16359617,38.802207,0.000044405452,"PACK PROXY"
"25998","25998","viandes, œufs, poissons","poissons cuits","Hareng fumé, filet, doux","Atlantic herring, smoked, fillet","2",0,"Glacé","Pas de préparation",5,0.37276869,3.2424849,3.673798e-7,0.23797455,0.034836957,3.521937e-7,2.0719194e-8,1.09325e-9,0.042453965,0.00039528023,0.011016823,0.11733724,7.5063191,30.198354,0.44336818,45.242004,0.000015835753,"PACK PROXY"
"26232","26232","viandes, œufs, poissons","poissons cuits","Hareng fumé, à l'huile","Atlantic herring, smoked, in oil","2",0,"Glacé","Pas de préparation",5,0.37276869,3.2424849,3.673798e-7,0.23797455,0.034836957,3.521937e-7,2.0719194e-8,1.09325e-9,0.042453965,0.00039528023,0.011016823,0.11733724,7.5063191,30.198354,0.44336818,45.242004,0.000015835753,"PACK PROXY"
"26013","26013","viandes, œufs, poissons","poissons cuits","Hareng fumé, au naturel","Atlantic herring, smoked, plain","2",0,"Glacé","Pas de préparation",5,0.37276869,3.2424849,3.673798e-7,0.23797455,0.034836957,3.521937e-7,2.0719194e-8,1.09325e-9,0.042453965,0.00039528023,0.011016823,0.11733724,7.5063191,30.198354,0.44336818,45.242004,0.000015835753,"PACK PROXY"
"20999","20999","aides culinaires et ingrédients divers","algues","Wakamé atlantique (Alaria esculenta), séchée ou déshydratée","Atlantic wakame (Alaria esculenta), dried or dehydrated","2",0,"Ambiant (long)","Pas de préparation",5,1.5199106,11.997799,3.4245099e-7,10.916084,0.053612038,8.2793619e-7,8.105209e-8,7.2588381e-9,0.10413826,0.0025048177,0.013751618,0.12951886,39.754891,31.710309,4.1626904,392.11548,0.000076152516,"PACK PROXY"
"12521","12521","lait et produits laitiers","fromages","Fromage bleu d'Auvergne","Auvergne blue cheese, from cow's milk","2",0,"Glacé","Pas de préparation",5,0.5405701,4.9113342,9.3461462e-7,0.52578934,0.011070276,4.8963277e-7,8.370729e-8,2.167115e-9,0.069714077,0.00054079948,0.017006991,0.2948353,43.203656,165.39542,0.62466557,35.194405,0.000033543573,"PACK AGB"
"17100","17100","matières grasses","huiles et graisses végétales","Huile d'avocat","Avocado oil","2",0,"Ambiant (long)","Pas de préparation",5,1.3634716,5.6064763,8.4930089e-8,0.40130852,0.017797987,2.7508771e-7,2.9021159e-7,2.1832011e-9,0.031352268,0.0012333512,0.037844607,0.095071144,41.295821,382.00934,107.29711,53.480551,0.0000392169,"PACK PROXY"
"13004","13004","fruits, légumes, légumineuses et oléagineux","légumes","Avocat, pulpe, cru","Avocado, pulp, raw","2",0,"Ambiant (moyen)","Pas de préparation",5,0.31635379,1.4583873,3.4759232e-8,0.081737989,0.0056143429,6.8256209e-8,6.5756693e-8,5.016974e-10,0.0085312281,0.00028771106,0.0089647958,0.027332985,7.4360535,84.144229,23.691007,12.849594,0.000009325064,"PACK AGB"
"13157","13157","aliments infantiles","desserts infantiles","Petit pot fruit avec banane pour bébé","Baby food jar with banana","2",0,"Ambiant (long)","Pas de préparation",5,0.16367089,1.7635773,4.3783852e-8,0.5187056,0.00614159,6.4309738e-8,1.5986331e-8,4.591471e-10,0.0070129088,0.00023691487,0.0029074526,0.024954027,12.997562,24.83515,1.157703,33.452094,0.0000073869231,"PACK PROXY"
"20247","20247","aliments infantiles","petits pots salés et plats infantiles","Petit pot légumes, avec féculent, dès 4/6 mois","Baby food jar with vegetables and starch, from 4-6 months","2",0,"Ambiant (long)","Micro-onde",5,0.14339961,1.3076737,2.5672349e-8,0.61619215,0.0037325991,6.7659769e-8,4.1669623e-8,7.7034004e-10,0.0077178832,0.00019332487,0.004760923,0.029291294,6.7883533,41.656455,0.63985097,27.471552,0.0000055237668,"PACK PROXY"
"20246","20246","aliments infantiles","petits pots salés et plats infantiles","Petit pot légumes, dès 4-6 mois","Baby food jar with vegetables, from 4-6 months","2",0,"Ambiant (long)","Micro-onde",5,0.14339961,1.3076737,2.5672349e-8,0.61619215,0.0037325991,6.7659769e-8,4.1669623e-8,7.7034004e-10,0.0077178832,0.00019332487,0.004760923,0.029291294,6.7883533,41.656455,0.63985097,27.471552,0.0000055237668,"PACK PROXY"
"13158","13158","aliments infantiles","desserts infantiles","Petit pot fruit sans banane pour bébé","Baby food jar without banana","2",0,"Ambiant (long)","Pas de préparation",5,0.16367089,1.7635773,4.3783852e-8,0.5187056,0.00614159,6.4309738e-8,1.5986331e-8,4.591471e-10,0.0070129088,0.00023691487,0.0029074526,0.024954027,12.997562,24.83515,1.157703,33.452094,0.0000073869231,"PACK PROXY"
"3000_1","3000","aliments infantiles","laits et boissons infantiles","Lait 1er âge, poudre soluble (préparation pour nourrissons)","Baby milk, first age, powder, non rehydrated","2",0,"Ambiant (long)","Pas de préparation",5,0.86383933,8.2833189,1.1569878e-7,0.69355026,0.017963398,8.2628478e-7,1.3633227e-7,8.7443904e-9,0.11238921,0.00073619323,0.028989322,0.48096667,87.724132,320.48399,1.4274691,56.970298,0.000018135718,"PACK PROXY"
"3000_2","3000","aliments infantiles","laits et boissons infantiles","Lait 1er âge, poudre soluble (préparation pour nourrissons), réhydratée chez le consommateur","Baby milk, first age, powder, rehydrated at consumer","2",0,"Ambiant (long)","Pas de préparation",5,0.11670530999999999,1.1185479,1.562381e-8,0.093870775,0.0024264215,1.1158143e-7,1.8434193e-8,1.1811061e-9,0.015174082,0.000099477374,0.0039139702,0.064934692,11.844436,43.266411,0.19882147,7.6992149,0.0000024507535,"PACK PROXY"
"19013","19013","aliments infantiles","laits et boissons infantiles","Lait 1er âge, prêt à consommer (préparation pour nourrissons)","Baby milk, first milk, ready to feed","2",0,"Glacé","Pas de préparation",5,0.079511205,0.72004145,3.4829067e-8,0.24546112,0.0023588514,5.4990975e-8,9.556669e-9,4.7393237e-10,0.005978622,0.00012066095,0.0021716717,0.023502455,8.7433892,29.169468,0.23139622,11.516296,0.0000035849391,"PACK PROXY"
"19014","19014","aliments infantiles","laits et boissons infantiles","Lait 2e âge, prêt à consommer (préparation pour nourrissons)","Baby milk, follow on milk, ready to feed","2",0,"Glacé","Pas de préparation",5,0.079511205,0.72004145,3.4829067e-8,0.24546112,0.0023588514,5.4990975e-8,9.556669e-9,4.7393237e-10,0.005978622,0.00012066095,0.0021716717,0.023502455,8.7433892,29.169468,0.23139622,11.516296,0.0000035849391,"PACK PROXY"
"19012_2","19012","aliments infantiles","laits et boissons infantiles","Lait de croissance infantile, poudre (réhydratée chez le consommateur)","Baby milk, growing up milk, powder, rehydrated with water at consumer step","2",0,"Ambiant (long)","Pas de préparation",5,0.11670530999999999,1.1185479,1.562381e-8,0.093870775,0.0024264215,1.1158143e-7,1.8434193e-8,1.1811061e-9,0.015174082,0.000099477374,0.0039139702,0.064934692,11.844436,43.266411,0.19882147,7.6992149,0.0000024507535,"PACK PROXY"
"19012_1","19012","aliments infantiles","laits et boissons infantiles","Lait de croissance infantile, liquide (aliment lacté destiné aux enfants en bas âge)","Baby milk, growing up milk, ready to feed","2",0,"Ambiant (long)","Pas de préparation",5,0.066046753,0.60221827,2.4263346e-8,0.13255113,0.0018569512,5.1092222e-8,8.4253469e-9,4.5023939e-10,0.0054705443,0.000099877403,0.0020150452,0.021814204,8.3822112,28.894598,0.21989515,8.1718972,0.0000023834054,"PACK PROXY"
"3002_1","3002","aliments infantiles","laits et boissons infantiles","Lait 2e âge, poudre soluble (préparation de suite)","Baby milk, second age, powder, non rehydrated","2",0,"Ambiant (long)","Pas de préparation",5,0.86383933,8.2833189,1.1569878e-7,0.69355026,0.017963398,8.2628478e-7,1.3633227e-7,8.7443904e-9,0.11238921,0.00073619323,0.028989322,0.48096667,87.724132,320.48399,1.4274691,56.970298,0.000018135718,"PACK PROXY"
"3002_2","3002","aliments infantiles","laits et boissons infantiles","Lait 2e âge, poudre soluble (préparation de suite), réhydratée chez le consommateur","Baby milk, second age, powder, rehydrated at consumer","2",0,"Ambiant (long)","Pas de préparation",5,0.11670530999999999,1.1185479,1.562381e-8,0.093870775,0.0024264215,1.1158143e-7,1.8434193e-8,1.1811061e-9,0.015174082,0.000099477374,0.0039139702,0.064934692,11.844436,43.266411,0.19882147,7.6992149,0.0000024507535,"PACK PROXY"
"28727","28727","viandes, œufs, poissons","charcuteries","Filet de bacon","Bacon, back","2",0,"Glacé","Pas de préparation",5,1.0543639,8.1851326,0.000002187323,1.2575524,0.021652772,8.7683517e-7,9.6598281e-8,4.915379e-9,0.12218026,0.0012817745,0.033744331,0.51058403,215.071,409.25766,1.9737982,73.014869,0.000079148216,"PACK AGB"
"7258","7258","produits céréaliers","pains et viennoiseries","Bagel","Bagel","2",0,"Ambiant (court)","Pas de préparation",5,0.14946583000000002,1.1631001,2.2705297e-8,0.47182301,0.0042607518,8.7620914e-8,1.9908998e-8,7.5205269e-10,0.011041922,0.00021475109,0.0063668659,0.045477094,12.466737,79.476331,1.1446937,21.865709,0.0000048972817,"PACK PROXY"
"39518","39518","glaces et sorbets","desserts glacés","Omelette norvégienne","baked Alaska","2",0,"Congelé","Pas de préparation",5,0.34402152,2.5527604,0.0000020215465,0.89409061,0.0069007511,2.1953974e-7,3.6569551e-8,1.0169227e-9,0.029425182,0.00031665421,0.0081544452,0.11962628,21.35964,71.736865,0.66983455,37.803005,0.00005802305,"PACK PROXY"
"11046","11046","aides culinaires et ingrédients divers","ingrédients divers","Levure chimique ou Poudre à lever","Baking powder or raising agent","2",0,"Ambiant (long)","Pas de préparation",5,0.30594251,2.0074361,2.3532533e-8,0.18585375,0.0078244071,1.8125311e-7,4.559524e-8,1.0126986e-9,0.024015049,0.0011500957,0.0037989788,0.040565034,48.928161,55.032526,3.8147721,22.333826,0.000053634175,"PACK PROXY"
"23300","23300","produits céréaliers","gâteaux et pâtisseries","Baklava ou Baklawa (pâtisserie orientale aux amandes et sirop)","Baklava (oriental pastry with almonds and syrup)","2",0,"Ambiant (long)","Pas de préparation",5,1.7203694,9.3445627,0.000001945738,0.85986261,0.043031979,8.490416e-7,4.8366854e-7,4.4386597e-9,0.07445997,0.0020069795,0.030396276,0.26755736,100.09436,343.90619,76.032295,135.25427,0.00014308928,"PACK PROXY"
"20188","20188","fruits, légumes, légumineuses et oléagineux","légumes","Bambou, pousses, appertisées, égouttées","Bamboo shoots, canned, drained","2",0,"Ambiant (long)","Pas de préparation",5,0.15346948,1.6344607,5.42174e-8,0.29439024,0.0049112587,8.3708436e-8,3.8108057e-8,8.1678015e-9,0.005144695,0.00035260325,0.0023650165,0.01651059,7.3841029,20.609104,1.5271187,23.512411,0.00000472663,"PACK AGB"
"20198","20198","fruits, légumes, légumineuses et oléagineux","légumes","Bambou, pousse, crue","Bamboo shoots, raw","2",0,"Ambiant (moyen)","Pas de préparation",5,0.066945135,0.63284208,2.0498541e-8,0.066647879,0.0018814309,3.521601e-8,3.3521961e-8,3.7515419e-9,0.0025229268,0.00007289053,0.0011148395,0.0097083821,2.5038004,12.248407,1.4292447,6.7406168,0.0000020915971,"PACK AGB"
"2366","2366","boissons","boissons sans alcool","Nectar de banane","Banana nectar","2",0,"Ambiant (long)","Pas de préparation",5,0.081779924,0.63300007,5.3645316e-7,0.15674218,0.0025344567,3.451968e-8,4.3928394e-9,1.5047283e-10,0.0036137336,0.00011823033,0.0022758952,0.011574929,2.8446225,13.176318,0.90851308,10.211953,0.000015698671,"PACK PROXY"
"13089","13089","fruits, légumes, légumineuses et oléagineux","fruits","Banane, pulpe, sèche","Banana, pulp, dried","2",0,"Ambiant (moyen)","Pas de préparation",5,0.6162653300000001,2.6622138,5.2052426e-8,3.9697623,0.012919224,2.9731624e-7,3.1092076e-8,6.3495777e-10,0.038295206,0.00060321461,0.015436277,0.14815916,43.138438,107.63254,18.478244,109.91964,0.000016191577,"PACK AGB"
"13005","13005","fruits, légumes, légumineuses et oléagineux","fruits","Banane, pulpe, crue","Banana, pulp, raw","2",0,"Ambiant (moyen)","Pas de préparation",5,0.12386898999999998,0.792961,2.4498554e-8,0.073587406,0.0036912688,7.979776e-8,8.797986e-9,1.6376328e-10,0.0096172889,0.00012482284,0.0038943364,0.038533662,10.875188,26.041306,4.5375862,9.2570865,0.0000037542495,"PACK AGB"
"11100","11100","aides culinaires et ingrédients divers","sauces","Sauce barbecue, préemballée","Barbecue sauce, prepacked","2",0,"Glacé","Pas de préparation",5,1.3190551,14.127081,0.0000011799264,1.1426496,0.058078635,7.8025559e-7,1.5163952e-7,1.504849e-8,0.054377764,0.0022997822,0.017158158,0.15355732,91.627968,145.78798,4.5215612,201.60123,0.00015914743,"PACK PROXY"
"9550","9550","produits céréaliers","farines et pâtes à tarte","Farine d'orge","Barley flour","2",0,"Ambiant (long)","Pas de préparation",5,0.11007657,0.85433248,1.4644592e-8,0.18476633,0.0031024889,7.7552017e-8,1.3754369e-8,9.5179238e-10,0.0091672509,0.00021063629,0.0063833033,0.038137349,10.483323,100.62134,0.16734142,10.844372,0.0000047297543,"PACK PROXY"
"9320","9320","produits céréaliers","pâtes, riz et céréales","Orge entière, crue","Barley, whole, raw","2",0,"Ambiant (long)","Pas de préparation",5,0.083542919,0.65101485,1.1565498e-8,0.080369923,0.0022397348,5.7877838e-8,1.0694552e-8,7.8396663e-10,0.0073838017,0.00017025392,0.0052117086,0.030963759,8.5826841,83.869201,0.14259189,6.8611329,0.0000034783986,"PACK AGB"
"11032","11032","aides culinaires et ingrédients divers","herbes","Basilic, séché","Basil, dried","2",0,"Ambiant (long)","Pas de préparation",5,0.46775326,2.707072,8.8039644e-8,0.32162004,0.01141475,2.7179068e-7,4.2255253e-8,6.8579431e-10,0.032074862,0.0005650429,0.016093499,0.12408767,22.458512,142.79786,20.143903,37.294694,0.000010542717,"PACK PROXY"
"11033","11033","aides culinaires et ingrédients divers","herbes","Basilic, frais","Basil, fresh","2",0,"Ambiant (long)","Pas de préparation",5,0.12888267,0.90566779,1.605937e-8,0.088349657,0.0030704938,6.66072e-8,1.1707982e-8,2.1585237e-10,0.007522307,0.00016362264,0.0039713182,0.030312812,3.2970842,35.482021,5.1213553,12.623899,0.0000039372511,"PACK PROXY"
"9119","9119","produits céréaliers","pâtes, riz et céréales","Riz thaï ou basmati, cru","Basmati rice, raw","2",0,"Ambiant (long)","Pas de préparation",5,0.60841421,2.90002,2.8160633e-8,0.096264605,0.0087359853,2.2031151e-7,0.0000012827008,2.8651611e-10,0.0337922,0.00037110864,0.033386866,0.14195411,91.994229,64.161713,15.255964,12.624564,0.0000067975498,"PACK AGB"
"23803","23803","produits céréaliers","gâteaux et pâtisseries","Gâteau basque, cerises","Basque cake (shortbread), with cherries","2",0,"Ambiant (long)","Pas de préparation",5,0.31489829,2.3517178,0.0000017793544,0.59019848,0.0064204642,2.1675615e-7,3.2193462e-8,1.0366274e-9,0.028980186,0.00029556957,0.0090024633,0.11974844,20.790619,83.249667,0.75081555,29.830516,0.00004976332,"PACK PROXY"
"23802","23802","produits céréaliers","gâteaux et pâtisseries","Gâteau basque, crème pâtissière","Basque cake (shortbread), with custard","2",0,"Ambiant (long)","Pas de préparation",5,0.31489829,2.3517178,0.0000017793544,0.59019848,0.0064204642,2.1675615e-7,3.2193462e-8,1.0366274e-9,0.028980186,0.00029556957,0.0090024633,0.11974844,20.790619,83.249667,0.75081555,29.830516,0.00004976332,"PACK PROXY"
"11170","11170","aides culinaires et ingrédients divers","sauces","Sauce basquaise ou Sauce aux poivrons, préemballée","Basque-style sauce or tomato sauce with sweet peppers, prepacked","2",0,"Glacé","Micro-onde",5,0.46048109000000004,2.4491323,9.5722012e-7,0.90061172,0.011901031,2.1673383e-7,3.8582217e-7,6.4830184e-9,0.025085972,0.00065469786,0.011917699,0.093138298,60.552385,146.61774,7.9777247,48.094788,0.000032195256,"PACK PROXY"
"11053","11053","aides culinaires et ingrédients divers","épices","Laurier, feuille","Bay, leaves","2",0,"Ambiant (long)","Pas de préparation",5,0.21008777,1.9471644,7.9742003e-8,0.30327187,0.0080294864,1.2305601e-7,1.8938666e-8,4.0233921e-10,0.012473657,0.00026970696,0.0048219946,0.038631595,16.185138,37.487368,4.3564156,30.493798,0.0000054678749,"PACK PROXY"
"28811","28811","viandes, œufs, poissons","charcuteries","Jambon de Bayonne","Bayonne Cured ham, raw, smoked","2",0,"Glacé","Pas de préparation",5,1.7222452,13.104505,0.0000023556606,3.9775734,0.033370567,0.0000014160903,1.5274149e-7,7.8571734e-9,0.19810958,0.0019849859,0.054670885,0.82984285,349.88475,660.68769,3.1054866,149.68558,0.000095582084,"PACK AGB"
"20530","20530","fruits, légumes, légumineuses et oléagineux","légumineuses","Haricot mungo, sec","Beans, mung, mature, seeds, dry","2",0,"Ambiant (long)","Pas de préparation",5,0.061426025999999995,0.42321848,1.2035628e-8,0.29818216,0.0014474735,3.333656e-8,5.4716205e-9,1.5917081e-10,0.0033054794,0.00020238188,0.0011918398,0.012306827,21.450575,16.775434,0.084175697,10.34189,0.0000033971235,"PACK AGB"
"11102","11102","aides culinaires et ingrédients divers","sauces","Sauce béarnaise, préemballée","Bearnaise sauce, prepacked","2",0,"Glacé","Micro-onde",5,0.54786438,4.4516146,9.4391515e-7,1.0311869,0.010947086,4.5385003e-7,8.924442e-8,5.5456854e-9,0.063666407,0.00045324487,0.018429967,0.2691883,65.233227,205.83222,0.95554385,43.597133,0.00003487846,"PACK PROXY"
"12105","12105","lait et produits laitiers","fromages","Beaufort","Beaufort cheese, from cow's milk","2",0,"Glacé","Pas de préparation",5,0.5456683699999999,5.0696163,4.7874851e-8,0.57174145,0.011096069,5.5566936e-7,8.8914659e-8,2.3172829e-9,0.076756073,0.00049153662,0.018582724,0.32687899,46.07668,182.6857,0.67271387,32.35375,0.000012334111,"PACK AGB"
"11143","11143","aides culinaires et ingrédients divers","sauces","Sauce béchamel, maison","Bechamel sauce, home-made","2",0,"Glacé","Micro-onde",5,0.2559869,2.0492469,9.2511595e-7,0.8413068,0.0054612198,1.798155e-7,3.4260498e-8,8.4473821e-10,0.023953699,0.00025537509,0.0065140639,0.098442111,15.471974,60.6196,0.32181691,32.086981,0.000027037338,"PACK PROXY"
"11101","11101","aides culinaires et ingrédients divers","sauces","Sauce béchamel, préemballée","Bechamel sauce, prepacked","2",0,"Glacé","Micro-onde",5,0.2559869,2.0492469,9.2511595e-7,0.8413068,0.0054612198,1.798155e-7,3.4260498e-8,8.4473821e-10,0.023953699,0.00025537509,0.0065140639,0.098442111,15.471974,60.6196,0.32181691,32.086981,0.000027037338,"PACK PROXY"
"25505","25505","viandes, œufs, poissons","autres produits à base de viande","Brochette de boeuf","Beef on skewer","2",0,"Glacé","Four",5,4.364942999999999,35.195507,1.4591827e-7,1.4600391,0.05455316,0.000003526945,0.0000058549711,3.68666e-8,0.51843691,0.0020768381,0.12710319,2.2776165,160.57485,3436.4936,3.1781558,98.836839,0.000056083067,"PACK AGB"
"25108","25108","entrées et plats composés","feuilletées et autres entrées","Samossas ou Samoussas","Beef samosas or samoosas","2",0,"Glacé","Four",5,3.8392424999999997,24.262954,0.0000011842505,1.9040073,0.03577061,0.000002205608,0.0000091128359,5.2452591e-8,0.32151003,0.0017128002,0.10460156,1.4076423,136.55561,3026.3549,3.5928795,85.750138,0.000066895787,"PACK PROXY"
"25065","25065","entrées et plats composés","plats composés","Boeuf aux carottes","Beef stew with carrots","2",0,"Glacé","Micro-onde",5,3.4076614,22.18409,9.7064928e-8,1.0908362,0.032739424,0.0000020179869,0.0000081497288,4.5001019e-8,0.29266271,0.0015451809,0.093594108,1.2842779,124.97209,2693.8914,2.4392198,68.118105,0.000033959943,"PACK AGB"
"6208","6208","viandes, œufs, poissons","viandes cuites","Boeuf, boule de macreuse, grillée/poêlée","Beef, bolar-blade, grilled/pan-fried","2",0,"Glacé","Poêle",5,4.3147007,34.803122,1.3290891e-7,1.0454598,0.053248491,0.0000035152508,0.0000058492064,3.6757484e-8,0.51734285,0.0019552436,0.12689048,2.2750949,159.54631,3435.1134,3.0557918,84.175186,0.000051218351,"PACK AGB"
"6202","6202","viandes, œufs, poissons","viandes crues","Boeuf, boule de macreuse, crue","Beef, bolar-blade, raw","2",0,"Glacé","Pas de préparation",5,3.4038352,27.451428,1.014406e-7,0.73298619,0.041927398,0.000002780543,0.0000046293027,2.9036652e-8,0.4092421,0.0015300474,0.10026945,1.8001455,125.45497,2716.3754,2.4089411,63.308392,0.000039658926,"PACK AGB"
"6214","6214","viandes, œufs, poissons","viandes cuites","Boeuf, boule de macreuse, rôtie/cuite au four","Beef, bolar-blade, roasted/baked","2",0,"Glacé","Four",5,4.3325806,34.766183,1.3066881e-7,1.4430762,0.053310113,0.0000035182586,0.0000058516602,3.6746385e-8,0.51764179,0.0019796232,0.1267922,2.2750991,159.00845,3432.1293,3.0783908,91.466419,0.000054329093,"PACK AGB"
"6101","6101","viandes, œufs, poissons","viandes cuites","Boeuf, braisé","Beef, braised","2",0,"Glacé","Four",5,4.331779099999999,34.764025,1.3060689e-7,1.4303865,0.053301646,0.0000035181183,0.0000058515703,3.6744774e-8,0.5176255,0.0019784753,0.1267891,2.2750732,158.99553,3432.1133,3.077525,91.184428,0.000054225302,"PACK AGB"
"6141","6141","viandes, œufs, poissons","viandes cuites","Boeuf, joue, braisée ou bouillie","Beef, cheek, braised or boiled","2",0,"Glacé","Cuisson à l'eau",5,3.4666058,27.917662,1.1440815e-7,0.98705333,0.04314791,0.0000028177804,0.0000046806141,2.9420604e-8,0.41430839,0.0015622719,0.10122365,1.8209979,126.17553,2745.7012,2.4804216,73.409897,0.00004245532,"PACK AGB"
"6140","6140","viandes, œufs, poissons","viandes crues","Boeuf, joue, crue","Beef, cheek, raw","2",0,"Glacé","Pas de préparation",5,3.4032008,27.449719,1.0139158e-7,0.72294101,0.041920696,0.0000027804319,0.0000046292316,2.9035377e-8,0.40922921,0.0015291387,0.100267,1.8001251,125.44474,2716.3628,2.4082558,63.085167,0.000039576765,"PACK AGB"
"6271","6271","viandes, œufs, poissons","viandes cuites","Boeuf, paleron, braisé ou bouilli","Beef, chuck, braised or boiled","2",0,"Glacé","Cuisson à l'eau",5,5.4044943,43.683016,1.6899796e-7,1.3891824,0.066791893,0.000004394938,0.000007312981,4.593755e-8,0.64676807,0.0024621693,0.15856761,2.8439055,198.92361,4289.7897,3.8290523,108.23624,0.000064719335,"PACK AGB"
"6270","6270","viandes, œufs, poissons","viandes crues","Boeuf, paleron, cru","Beef, chuck, raw","2",0,"Glacé","Pas de préparation",5,4.2573111,34.392937,1.2681726e-7,0.90375539,0.052485755,0.0000034761478,0.0000057873292,3.6310414e-8,0.51158768,0.00192547,0.12542733,2.2503748,157.17212,3395.5159,3.0143492,78.909969,0.000049483623,"PACK AGB"
"6211","6211","viandes, œufs, poissons","viandes cuites","Boeuf, bavette d'aloyau, grillée/poêlée","Beef, flank steak, grilled/pan-fried","2",0,"Glacé","Poêle",5,4.3139007,34.800967,1.3284711e-7,1.0327934,0.05324004,0.0000035151107,0.0000058491168,3.6755876e-8,0.51732659,0.0019540978,0.12688739,2.2750691,159.53341,3435.0975,3.0549277,83.893712,0.00005111475,"PACK AGB"
"6212","6212","viandes, œufs, poissons","viandes crues","Boeuf, bavette d'aloyau, crue","Beef, flank steak, raw","2",0,"Glacé","Pas de préparation",5,3.4032008,27.449719,1.0139158e-7,0.72294101,0.041920696,0.0000027804319,0.0000046292316,2.9035377e-8,0.40922921,0.0015291387,0.100267,1.8001251,125.44474,2716.3628,2.4082558,63.085167,0.000039576765,"PACK AGB"
"6205","6205","viandes, œufs, poissons","viandes cuites","Boeuf, onglet, grillé","Beef, hanger steak, grilled","2",0,"Glacé","Four",5,4.331779099999999,34.764025,1.3060689e-7,1.4303865,0.053301646,0.0000035181183,0.0000058515703,3.6744774e-8,0.5176255,0.0019784753,0.1267891,2.2750732,158.99553,3432.1133,3.077525,91.184428,0.000054225302,"PACK AGB"
"6204","6204","viandes, œufs, poissons","viandes crues","Boeuf, onglet, cru","Beef, hanger steak, raw","2",0,"Glacé","Pas de préparation",5,3.4032008,27.449719,1.0139158e-7,0.72294101,0.041920696,0.0000027804319,0.0000046292316,2.9035377e-8,0.40922921,0.0015291387,0.100267,1.8001251,125.44474,2716.3628,2.4082558,63.085167,0.000039576765,"PACK AGB"
"6151","6151","viandes, œufs, poissons","viandes cuites","Boeuf, jarret, bouilli/cuit à l'eau","Beef, knuckle, boiled/cooked in water","2",0,"Glacé","Cuisson à l'eau",5,4.3360642,34.986881,1.4265209e-7,1.221066,0.054016678,0.0000035228013,0.0000058516546,3.6792643e-8,0.51792403,0.0019690079,0.12664092,2.2764657,158.16089,3432.1856,3.1044853,91.385946,0.000052970456,"PACK AGB"
"6150","6150","viandes, œufs, poissons","viandes crues","Boeuf, jarret, cru","Beef, knuckle, raw","2",0,"Glacé","Pas de préparation",5,3.411537,27.509037,1.0596175e-7,0.77067367,0.042372836,0.0000027857604,0.0000046305364,2.9071263e-8,0.40959415,0.0015350812,0.10015401,1.8011868,124.90417,2716.6325,2.4407786,65.571198,0.000040183156,"PACK AGB"
"25163","25163","viandes, œufs, poissons","autres produits à base de viande","Boeuf, boulettes cuites","Beef, meat balls, cooked","2",0,"Glacé","Four",5,4.9057167,31.478927,1.302203e-7,2.3076245,0.046623356,0.000002853337,0.000011727902,6.7057119e-8,0.41612675,0.0022352768,0.13679463,1.8237641,180.10579,3888.4351,3.5818749,108.77922,0.000051179426,"PACK AGB"
"6253","6253","viandes, œufs, poissons","viandes cuites","Bœuf, steak haché 10% MG, cuit","Beef, minced steak, 10% fat, cooked","2",0,"Glacé","Poêle",5,5.3342671,42.804303,1.7133164e-7,1.938876,0.066023492,0.0000043203119,0.0000071789649,4.5234678e-8,0.63544587,0.0024912506,0.15578111,2.793643,196.05699,4218.1357,3.7700672,120.54271,0.000064207173,"PACK AGB"
"6252","6252","viandes, œufs, poissons","viandes crues","Bœuf, steak haché 10% MG, cru","Beef, minced steak, 10% fat, raw","2",0,"Glacé","Pas de préparation",5,4.2109276,33.785197,1.3185612e-7,1.4402002,0.052040136,0.0000034178329,0.0000056819455,3.5747236e-8,0.50273297,0.0019543513,0.12313941,2.2106305,154.35698,3336.2194,2.9743636,92.096687,0.000049940788,"PACK AGB"
"6255","6255","viandes, œufs, poissons","viandes cuites","Bœuf, steak haché 15% MG, cuit","Beef, minced steak, 15% fat, cooked","2",0,"Glacé","Poêle",5,5.3342671,42.804303,1.7133164e-7,1.938876,0.066023492,0.0000043203119,0.0000071789649,4.5234678e-8,0.63544587,0.0024912506,0.15578111,2.793643,196.05699,4218.1357,3.7700672,120.54271,0.000064207173,"PACK AGB"
"6254","6254","viandes, œufs, poissons","viandes crues","Bœuf, steak haché 15% MG, cru","Beef, minced steak, 15% fat, raw","2",0,"Glacé","Pas de préparation",5,4.2109276,33.785197,1.3185612e-7,1.4402002,0.052040136,0.0000034178329,0.0000056819455,3.5747236e-8,0.50273297,0.0019543513,0.12313941,2.2106305,154.35698,3336.2194,2.9743636,92.096687,0.000049940788,"PACK AGB"
"6257","6257","viandes, œufs, poissons","viandes cuites","Bœuf, steak haché 20% MG, cuit","Beef, minced steak, 20% fat, cooked","2",0,"Glacé","Poêle",5,5.3342671,42.804303,1.7133164e-7,1.938876,0.066023492,0.0000043203119,0.0000071789649,4.5234678e-8,0.63544587,0.0024912506,0.15578111,2.793643,196.05699,4218.1357,3.7700672,120.54271,0.000064207173,"PACK AGB"
"6256","6256","viandes, œufs, poissons","viandes crues","Bœuf, steak haché 20% MG, cru","Beef, minced steak, 20% fat, raw","2",0,"Glacé","Pas de préparation",5,4.2109276,33.785197,1.3185612e-7,1.4402002,0.052040136,0.0000034178329,0.0000056819455,3.5747236e-8,0.50273297,0.0019543513,0.12313941,2.2106305,154.35698,3336.2194,2.9743636,92.096687,0.000049940788,"PACK AGB"
"6251","6251","viandes, œufs, poissons","viandes cuites","Bœuf, steak haché 5% MG, cuit","Beef, minced steak, 5% fat, cooked","2",0,"Glacé","Poêle",5,5.3342671,42.804303,1.7133164e-7,1.938876,0.066023492,0.0000043203119,0.0000071789649,4.5234678e-8,0.63544587,0.0024912506,0.15578111,2.793643,196.05699,4218.1357,3.7700672,120.54271,0.000064207173,"PACK AGB"
"6250","6250","viandes, œufs, poissons","viandes crues","Bœuf, steak haché 5% MG, cru","Beef, minced steak, 5% fat, raw","2",0,"Glacé","Pas de préparation",5,4.2109276,33.785197,1.3185612e-7,1.4402002,0.052040136,0.0000034178329,0.0000056819455,3.5747236e-8,0.50273297,0.0019543513,0.12313941,2.2106305,154.35698,3336.2194,2.9743636,92.096687,0.000049940788,"PACK AGB"
"6241","6241","viandes, œufs, poissons","viandes cuites","Boeuf, collier, braisé","Beef, neck, braised","2",0,"Glacé","Four",5,5.4107399,43.535092,1.6272605e-7,1.6588015,0.066648031,0.0000043969862,0.000007314545,4.5935014e-8,0.64693055,0.0024791436,0.15857306,2.8438543,199.07536,4290.0581,3.8431767,111.17522,0.000066740208,"PACK AGB"
"6310","6310","viandes, œufs, poissons","viandes cuites","Boeuf, queue, bouillie/cuite à l'eau","Beef, oxtail, boiled/cooked in water","2",0,"Glacé","Cuisson à l'eau",5,4.3360642,34.986881,1.4265209e-7,1.221066,0.054016678,0.0000035228013,0.0000058516546,3.6792643e-8,0.51792403,0.0019690079,0.12664092,2.2764657,158.16089,3432.1856,3.1044853,91.385946,0.000052970456,"PACK AGB"
"6100","6100","viandes, œufs, poissons","viandes cuites","Boeuf, entrecôte, partie maigre, grillée/poêlée","Beef, rib steak, lean, grilled/pan-fried","2",0,"Glacé","Poêle",5,4.324430899999999,34.875925,1.3862029e-7,1.0930688,0.053811206,0.0000035218417,0.0000058507649,3.6801206e-8,0.51778758,0.0019616045,0.12674468,2.2764103,158.85057,3435.4382,3.0960107,87.033694,0.000051880587,"PACK AGB"
"6103","6103","viandes, œufs, poissons","viandes crues","Boeuf, entrecôte, crue","Beef, rib steak, raw","2",0,"Glacé","Pas de préparation",5,3.411537,27.509037,1.0596175e-7,0.77067367,0.042372836,0.0000027857604,0.0000046305364,2.9071263e-8,0.40959415,0.0015350812,0.10015401,1.8011868,124.90417,2716.6325,2.4407786,65.571198,0.000040183156,"PACK AGB"
"6001","6001","viandes, œufs, poissons","viandes crues","Boeuf, côte, crue","Beef, rib, raw","2",0,"Glacé","Pas de préparation",5,3.411537,27.509037,1.0596175e-7,0.77067367,0.042372836,0.0000027857604,0.0000046305364,2.9071263e-8,0.40959415,0.0015350812,0.10015401,1.8011868,124.90417,2716.6325,2.4407786,65.571198,0.000040183156,"PACK AGB"
"6210","6210","viandes, œufs, poissons","viandes cuites","Boeuf, rosbif, rôti/cuit au four","Beef, roast beef, roasted/baked","2",0,"Glacé","Four",5,4.331779099999999,34.764025,1.3060689e-7,1.4303865,0.053301646,0.0000035181183,0.0000058515703,3.6744774e-8,0.5176255,0.0019784753,0.1267891,2.2750732,158.99553,3432.1133,3.077525,91.184428,0.000054225302,"PACK AGB"
"6104","6104","viandes, œufs, poissons","viandes cuites","Boeuf, gîte à la noix, cuit","Beef, round, cooked","2",0,"Glacé","Four",5,4.331779099999999,34.764025,1.3060689e-7,1.4303865,0.053301646,0.0000035181183,0.0000058515703,3.6744774e-8,0.5176255,0.0019784753,0.1267891,2.2750732,158.99553,3432.1133,3.077525,91.184428,0.000054225302,"PACK AGB"
"6102","6102","viandes, œufs, poissons","viandes crues","Boeuf, gîte à la noix, cru","Beef, round, raw","2",0,"Glacé","Pas de préparation",5,3.4032008,27.449719,1.0139158e-7,0.72294101,0.041920696,0.0000027804319,0.0000046292316,2.9035377e-8,0.40922921,0.0015291387,0.100267,1.8001251,125.44474,2716.3628,2.4082558,63.085167,0.000039576765,"PACK AGB"
"6207","6207","viandes, œufs, poissons","viandes cuites","Boeuf, rumsteck, grillé","Beef, rump steak, grilled","2",0,"Glacé","Four",5,4.331779099999999,34.764025,1.3060689e-7,1.4303865,0.053301646,0.0000035181183,0.0000058515703,3.6744774e-8,0.5176255,0.0019784753,0.1267891,2.2750732,158.99553,3432.1133,3.077525,91.184428,0.000054225302,"PACK AGB"
"6206","6206","viandes, œufs, poissons","viandes crues","Boeuf, rumsteck, cru","Beef, rump steak, raw","2",0,"Glacé","Pas de préparation",5,3.4032008,27.449719,1.0139158e-7,0.72294101,0.041920696,0.0000027804319,0.0000046292316,2.9035377e-8,0.40922921,0.0015291387,0.100267,1.8001251,125.44474,2716.3628,2.4082558,63.085167,0.000039576765,"PACK AGB"
"6123","6123","viandes, œufs, poissons","viandes cuites","Boeuf, plat de côtes, braisé","Beef, short ribs, braised","2",0,"Glacé","Four",5,4.3423099,34.838958,1.3638018e-7,1.4906851,0.053872816,0.0000035248495,0.0000058532186,3.6790107e-8,0.51808652,0.0019859823,0.12664637,2.2764145,158.31264,3432.454,3.1186097,94.324925,0.00005499133,"PACK AGB"
"6122","6122","viandes, œufs, poissons","viandes crues","Boeuf, plat de côtes, cru","Beef, short ribs, raw","2",0,"Glacé","Pas de préparation",5,3.411537,27.509037,1.0596175e-7,0.77067367,0.042372836,0.0000027857604,0.0000046305364,2.9071263e-8,0.40959415,0.0015350812,0.10015401,1.8011868,124.90417,2716.6325,2.4407786,65.571198,0.000040183156,"PACK AGB"
"6002","6002","viandes, œufs, poissons","viandes crues","Boeuf, épaule, crue","Beef, shoulder, raw","2",0,"Glacé","Pas de préparation",5,3.4032008,27.449719,1.0139158e-7,0.72294101,0.041920696,0.0000027804319,0.0000046292316,2.9035377e-8,0.40922921,0.0015291387,0.100267,1.8001251,125.44474,2716.3628,2.4082558,63.085167,0.000039576765,"PACK AGB"
"6110","6110","viandes, œufs, poissons","viandes cuites","Boeuf, faux-filet, grillé/poêlé","Beef, sirloin steak, grilled/pan-fried","2",0,"Glacé","Poêle",5,4.3139007,34.800967,1.3284711e-7,1.0327934,0.05324004,0.0000035151107,0.0000058491168,3.6755876e-8,0.51732659,0.0019540978,0.12688739,2.2750691,159.53341,3435.0975,3.0549277,83.893712,0.00005111475,"PACK AGB"
"6111","6111","viandes, œufs, poissons","viandes crues","Boeuf, faux-filet, cru","Beef, sirloin steak, raw","2",0,"Glacé","Pas de préparation",5,3.4032008,27.449719,1.0139158e-7,0.72294101,0.041920696,0.0000027804319,0.0000046292316,2.9035377e-8,0.40922921,0.0015291387,0.100267,1.8001251,125.44474,2716.3628,2.4082558,63.085167,0.000039576765,"PACK AGB"
"6105","6105","viandes, œufs, poissons","viandes cuites","Boeuf, faux-filet, rôti/cuit au four","Beef, sirloin steak, roasted/baked","2",0,"Glacé","Four",5,4.331779099999999,34.764025,1.3060689e-7,1.4303865,0.053301646,0.0000035181183,0.0000058515703,3.6744774e-8,0.5176255,0.0019784753,0.1267891,2.2750732,158.99553,3432.1133,3.077525,91.184428,0.000054225302,"PACK AGB"
"6200","6200","viandes, œufs, poissons","viandes cuites","Boeuf, steak ou bifteck, grillé","Beef, steak or beef steak, grilled","2",0,"Glacé","Four",5,4.331779099999999,34.764025,1.3060689e-7,1.4303865,0.053301646,0.0000035181183,0.0000058515703,3.6744774e-8,0.5176255,0.0019784753,0.1267891,2.2750732,158.99553,3432.1133,3.077525,91.184428,0.000054225302,"PACK AGB"
"6201","6201","viandes, œufs, poissons","viandes crues","Boeuf, steak ou bifteck, cru","Beef, steak or beef steak, raw","2",0,"Glacé","Pas de préparation",5,3.4032008,27.449719,1.0139158e-7,0.72294101,0.041920696,0.0000027804319,0.0000046292316,2.9035377e-8,0.40922921,0.0015291387,0.100267,1.8001251,125.44474,2716.3628,2.4082558,63.085167,0.000039576765,"PACK AGB"
"6230","6230","viandes, œufs, poissons","viandes cuites","Boeuf, à bourguignon ou pot-au-feu, cuit","Beef, stewing meat, cooked","2",0,"Glacé","Four",5,4.331779099999999,34.764025,1.3060689e-7,1.4303865,0.053301646,0.0000035181183,0.0000058515703,3.6744774e-8,0.5176255,0.0019784753,0.1267891,2.2750732,158.99553,3432.1133,3.077525,91.184428,0.000054225302,"PACK AGB"
"6231","6231","viandes, œufs, poissons","viandes crues","Boeuf, à bourguignon ou pot-au-feu, cru","Beef, stewing meat, raw","2",0,"Glacé","Pas de préparation",5,3.4032008,27.449719,1.0139158e-7,0.72294101,0.041920696,0.0000027804319,0.0000046292316,2.9035377e-8,0.40922921,0.0015291387,0.100267,1.8001251,125.44474,2716.3628,2.4082558,63.085167,0.000039576765,"PACK AGB"
"6131","6131","viandes, œufs, poissons","viandes cuites","Boeuf, hampe, grillée/poêlée","Beef, thin flank, grilled/pan-fried","2",0,"Glacé","Poêle",5,4.3139007,34.800967,1.3284711e-7,1.0327934,0.05324004,0.0000035151107,0.0000058491168,3.6755876e-8,0.51732659,0.0019540978,0.12688739,2.2750691,159.53341,3435.0975,3.0549277,83.893712,0.00005111475,"PACK AGB"
"6130","6130","viandes, œufs, poissons","viandes crues","Boeuf, hampe, crue","Beef, thin flank, raw","2",0,"Glacé","Pas de préparation",5,3.4032008,27.449719,1.0139158e-7,0.72294101,0.041920696,0.0000027804319,0.0000046292316,2.9035377e-8,0.40922921,0.0015291387,0.100267,1.8001251,125.44474,2716.3628,2.4082558,63.085167,0.000039576765,"PACK AGB"
"6161","6161","viandes, œufs, poissons","viandes cuites","Boeuf, tende de tranche, grillée/poêlée","Beef, topside, grilled/pan-fried","2",0,"Glacé","Poêle",5,4.3139007,34.800967,1.3284711e-7,1.0327934,0.05324004,0.0000035151107,0.0000058491168,3.6755876e-8,0.51732659,0.0019540978,0.12688739,2.2750691,159.53341,3435.0975,3.0549277,83.893712,0.00005111475,"PACK AGB"
"6160","6160","viandes, œufs, poissons","viandes crues","Boeuf, tende de tranche, crue","Beef, topside, raw","2",0,"Glacé","Pas de préparation",5,3.4032008,27.449719,1.0139158e-7,0.72294101,0.041920696,0.0000027804319,0.0000046292316,2.9035377e-8,0.40922921,0.0015291387,0.100267,1.8001251,125.44474,2716.3628,2.4082558,63.085167,0.000039576765,"PACK AGB"
"6162","6162","viandes, œufs, poissons","viandes cuites","Boeuf, tende de tranche, rôtie/cuite au four","Beef, topside, roasted/baked","2",0,"Glacé","Four",5,4.331779099999999,34.764025,1.3060689e-7,1.4303865,0.053301646,0.0000035181183,0.0000058515703,3.6744774e-8,0.5176255,0.0019784753,0.1267891,2.2750732,158.99553,3432.1133,3.077525,91.184428,0.000054225302,"PACK AGB"
"30766","30766","viandes, œufs, poissons","charcuteries","Saucisse de bière","Beer sausage","2",0,"Glacé","Four",5,0.61473474,4.7825894,7.1333872e-8,1.7057839,0.012691488,5.0445699e-7,5.6589947e-8,2.7854004e-9,0.070017256,0.00071264806,0.019378635,0.29166583,122.27322,231.98478,1.233586,62.757359,0.00002047936,"PACK AGB"
"5011","5011","boissons","boisson alcoolisées","Bière ""de spécialités"" ou d'abbaye, régionales ou d'une brasserie (degré d'alcool variable)","Beer, ""specialty"", from abbey or regional (varying alcohol content)","2",0,"Glacé","Réfrigéré chez le consommateur",5,0.12728308000000002,1.3523206,9.2566306e-8,0.57881162,0.0048735188,7.0385395e-8,1.0939177e-8,3.9380522e-10,0.0060123635,0.00016163983,0.0022342939,0.018785385,9.651678,18.471742,0.25244121,27.422839,0.0000045247865,"PACK PROXY"
"5030","5030","boissons","boisson alcoolisées","Bière sans alcool (<1,2° alcool)","Beer, alcohol-free (<1,2° alcohol)","2",0,"Glacé","Réfrigéré chez le consommateur",5,0.12728308000000002,1.3523206,9.2566306e-8,0.57881162,0.0048735188,7.0385395e-8,1.0939177e-8,3.9380522e-10,0.0060123635,0.00016163983,0.0022342939,0.018785385,9.651678,18.471742,0.25244121,27.422839,0.0000045247865,"PACK PROXY"
"5000","5000","boissons","boisson alcoolisées","Bière brune","Beer, dark","2",0,"Glacé","Réfrigéré chez le consommateur",5,0.12728308000000002,1.3523206,9.2566306e-8,0.57881162,0.0048735188,7.0385395e-8,1.0939177e-8,3.9380522e-10,0.0060123635,0.00016163983,0.0022342939,0.018785385,9.651678,18.471742,0.25244121,27.422839,0.0000045247865,"PACK PROXY"
"5008","5008","boissons","boisson alcoolisées","Bière faiblement alcoolisée (3° alcool)","Beer, low alcohol-content (3° alcohol)","2",0,"Glacé","Réfrigéré chez le consommateur",5,0.12728308000000002,1.3523206,9.2566306e-8,0.57881162,0.0048735188,7.0385395e-8,1.0939177e-8,3.9380522e-10,0.0060123635,0.00016163983,0.0022342939,0.018785385,9.651678,18.471742,0.25244121,27.422839,0.0000045247865,"PACK PROXY"
"5001","5001","boissons","boisson alcoolisées","Bière ""coeur de marché"" (4-5° alcool)","Beer, regular (4-5° alcohol)","2",0,"Glacé","Réfrigéré chez le consommateur",5,0.12728308000000002,1.3523206,9.2566306e-8,0.57881162,0.0048735188,7.0385395e-8,1.0939177e-8,3.9380522e-10,0.0060123635,0.00016163983,0.0022342939,0.018785385,9.651678,18.471742,0.25244121,27.422839,0.0000045247865,"PACK PROXY"
"5010","5010","boissons","boisson alcoolisées","Bière ""spéciale"" (5-6° alcool)","Beer, special (5-6° alcohol)","2",0,"Glacé","Réfrigéré chez le consommateur",5,0.12728308000000002,1.3523206,9.2566306e-8,0.57881162,0.0048735188,7.0385395e-8,1.0939177e-8,3.9380522e-10,0.0060123635,0.00016163983,0.0022342939,0.018785385,9.651678,18.471742,0.25244121,27.422839,0.0000045247865,"PACK PROXY"
"5002","5002","boissons","boisson alcoolisées","Bière forte (>8° alcool)","Beer, strong (>8° alcohol)","2",0,"Glacé","Réfrigéré chez le consommateur",5,0.12728308000000002,1.3523206,9.2566306e-8,0.57881162,0.0048735188,7.0385395e-8,1.0939177e-8,3.9380522e-10,0.0060123635,0.00016163983,0.0022342939,0.018785385,9.651678,18.471742,0.25244121,27.422839,0.0000045247865,"PACK PROXY"
"0001","1","boissons","boissons sans alcool","Jus de betterave","Beetroot juice, pure juice","2",0,"Ambiant (long)","Pas de préparation",5,0.08805132800000001,0.69936103,5.2089395e-7,0.13608409,0.0024257622,4.2350194e-8,1.2714365e-8,3.423111e-10,0.0042803013,0.00015405563,0.001684851,0.014949749,9.36738,9.2175615,0.61704448,10.284632,0.000016770146,"PACK PROXY"
"20003","20003","fruits, légumes, légumineuses et oléagineux","légumes","Betterave rouge, cuite","Beetroot, cooked","2",0,"Ambiant (moyen)","Cuisson à l'eau",5,0.10134911,1.2008004,4.2889924e-8,0.19417919,0.0040489783,4.6888486e-8,1.2263422e-8,3.4444069e-10,0.0037897277,0.00020559097,0.0016382853,0.012033213,4.7863254,12.524629,0.54547859,19.444728,0.0000058590573,"PACK AGB"
"20091","20091","fruits, légumes, légumineuses et oléagineux","légumes","Betterave rouge, crue","Beetroot, raw","2",0,"Ambiant (moyen)","Pas de préparation",5,0.037322931,0.42479942,1.6616496e-8,0.040654327,0.001567439,2.4066531e-8,6.1724028e-9,1.5422654e-10,0.0017710164,0.000055982713,0.00090851916,0.006285844,2.2220821,4.9382448,0.29450263,5.1022658,0.0000024053092,"PACK AGB"
"39519","39519","glaces et sorbets","desserts glacés","Poire belle Hélène","Belle Helene pear dessert (cooked pear topped with hot chocolate sauce on a bed of vanilla ice cream)","2",0,"Congelé","Pas de préparation",5,0.34402152,2.5527604,0.0000020215465,0.89409061,0.0069007511,2.1953974e-7,3.6569551e-8,1.0169227e-9,0.029425182,0.00031665421,0.0081544452,0.11962628,21.35964,71.736865,0.66983455,37.803005,0.00005802305,"PACK PROXY"
"26159","26159","viandes, œufs, poissons","poissons crus","Coulirou, cru","Bigeye scad, raw","2",0,"Glacé","Pas de préparation",5,0.36035928,2.7092366,0.000001599102,0.2202451,0.031887835,3.2248737e-7,1.6317385e-8,8.328054e-10,0.039905648,0.00022423497,0.010063578,0.10878528,4.506682,7.5868229,0.16164674,37.962977,0.000044260978,"PACK PROXY"
"26240","26240","viandes, œufs, poissons","poissons crus","Joëls (petits poissons entiers) pour friture, crus","Big-scale sand smelt (whole small fish), to fry, raw","2",0,"Glacé","Pas de préparation",5,0.22843013,1.8857438,0.0000015207492,0.21504011,0.014823365,1.4336485e-7,1.3239696e-8,4.5141214e-10,0.016625018,0.00020210919,0.0044259005,0.047203605,4.0203928,6.9384688,0.14864075,28.306859,0.000043861653,"PACK PROXY"
"24660","24660","produits céréaliers","céréales de petit-déjeuner et biscuits","Palmier, artisanal","Biscuit ( puff pastry), palmier, from bakery","2",0,"Ambiant (long)","Pas de préparation",5,0.34329575,3.203378,4.1706862e-8,0.58501056,0.0081695683,2.8887227e-7,4.1961088e-8,1.3375538e-9,0.039888625,0.00030672773,0.011582521,0.16872972,25.14876,110.32962,1.0534213,35.556536,0.0000092414561,"PACK PROXY"
"24000","24000","produits céréaliers","céréales de petit-déjeuner et biscuits","Biscuit sec, sans précision","Biscuit (cookie)","2",0,"Ambiant (long)","Pas de préparation",5,0.36224793,3.3361469,4.8408116e-8,0.58457963,0.0092824441,2.8862079e-7,4.163517e-8,1.5496707e-9,0.039645483,0.00037279716,0.012935321,0.16668998,33.01304,128.03292,1.0975748,39.549082,0.000010465063,"PACK PROXY"
"24037","24037","produits céréaliers","céréales de petit-déjeuner et biscuits","Biscuit sec fourré à la pâte ou purée de fruits","Biscuit (cookie) filled with fruit paste or fruit puree","2",0,"Ambiant (long)","Pas de préparation",5,0.35330459000000003,2.9530797,3.0265094e-7,0.5693646,0.0085923634,2.3925401e-7,3.9566269e-8,1.4556013e-9,0.031786183,0.00042976786,0.010549441,0.13191827,104.71634,98.824545,1.9108741,40.084468,0.000011126221,"PACK PROXY"
"24008","24008","produits céréaliers","céréales de petit-déjeuner et biscuits","Biscuit sec fourré aux fruits, allégé en matière grasse","Biscuit (cookie) filled with fruits, reduced fat","2",0,"Ambiant (long)","Pas de préparation",5,0.35330459000000003,2.9530797,3.0265094e-7,0.5693646,0.0085923634,2.3925401e-7,3.9566269e-8,1.4556013e-9,0.031786183,0.00042976786,0.010549441,0.13191827,104.71634,98.824545,1.9108741,40.084468,0.000011126221,"PACK PROXY"
"24003","24003","produits céréaliers","céréales de petit-déjeuner et biscuits","Biscuit sec à teneur garantie en vitamines et minéraux","Biscuit (cookie) vitamins and chemical elements content guaranteed","2",0,"Ambiant (long)","Pas de préparation",5,0.36224793,3.3361469,4.8408116e-8,0.58457963,0.0092824441,2.8862079e-7,4.163517e-8,1.5496707e-9,0.039645483,0.00037279716,0.012935321,0.16668998,33.01304,128.03292,1.0975748,39.549082,0.000010465063,"PACK PROXY"
"24002","24002","produits céréaliers","céréales de petit-déjeuner et biscuits","Biscuit sec à teneur garantie en vitamines","Biscuit (cookie) vitamins content guaranteed","2",0,"Ambiant (long)","Pas de préparation",5,0.28252028,2.3973073,4.5998436e-8,0.55776916,0.0085626483,1.9008986e-7,1.7426768e-8,1.2162575e-9,0.024679128,0.00040166579,0.010719577,0.10066506,36.612152,102.80803,1.4693508,38.760429,0.0000097897239,"PACK PROXY"
"24004","24004","produits céréaliers","céréales de petit-déjeuner et biscuits","Biscuit sec aux fruits, hyposodé","Biscuit (cookie) with fruits, reduced salt","2",0,"Ambiant (long)","Pas de préparation",5,0.35330459000000003,2.9530797,3.0265094e-7,0.5693646,0.0085923634,2.3925401e-7,3.9566269e-8,1.4556013e-9,0.031786183,0.00042976786,0.010549441,0.13191827,104.71634,98.824545,1.9108741,40.084468,0.000011126221,"PACK PROXY"
"24055","24055","produits céréaliers","céréales de petit-déjeuner et biscuits","Biscuit sec fourré fruits à coque (non ou légèrement chocolaté)","Biscuit (cookie) with nuts (no chocolate or lightly chocolate-flavoured)","2",0,"Ambiant (long)","Pas de préparation",5,0.9650181800000001,3.155325,6.9659736e-8,0.65657484,0.015260677,4.8442172e-7,3.3149654e-7,1.8272839e-9,0.05542135,0.00077336686,0.020322893,0.22829045,69.524221,235.74835,58.153826,50.504053,0.000027161514,"PACK PROXY"
"24011","24011","produits céréaliers","céréales de petit-déjeuner et biscuits","Biscuit sec, petits fours en assortiment","Biscuit (cookie), assortment of miniature sweets and biscuits","2",0,"Ambiant (long)","Pas de préparation",5,0.4088304,3.7085185,5.0945618e-8,0.6100637,0.010237716,3.3744702e-7,4.8088963e-8,1.7426032e-9,0.04673639,0.00040721781,0.014589245,0.19690004,41.599996,143.99552,1.2461938,41.311873,0.000011390675,"PACK PROXY"
"24441","24441","produits céréaliers","céréales de petit-déjeuner et biscuits","Biscuit sec type langue de chat ou cigarette russe","Biscuit (cookie), cat tongue type","2",0,"Ambiant (long)","Pas de préparation",5,0.4088304,3.7085185,5.0945618e-8,0.6100637,0.010237716,3.3744702e-7,4.8088963e-8,1.7426032e-9,0.04673639,0.00040721781,0.014589245,0.19690004,41.599996,143.99552,1.2461938,41.311873,0.000011390675,"PACK PROXY"
"24038","24038","produits céréaliers","céréales de petit-déjeuner et biscuits","Biscuit sec avec nappage chocolat","Biscuit (cookie), chocolate covering","2",0,"Ambiant (long)","Pas de préparation",5,0.54636938,7.5634685,5.0206995e-8,0.61264821,0.015613077,3.1138757e-7,4.1927216e-8,3.1619889e-9,0.040878592,0.00082556771,0.022223962,0.17032313,36.459046,282.86665,1.229362,48.142432,0.000011149774,"PACK PROXY"
"24016","24016","produits céréaliers","céréales de petit-déjeuner et biscuits","Biscuit sec avec tablette de chocolat","Biscuit (cookie), covering with a chocolate bar","2",0,"Ambiant (long)","Pas de préparation",5,0.54636938,7.5634685,5.0206995e-8,0.61264821,0.015613077,3.1138757e-7,4.1927216e-8,3.1619889e-9,0.040878592,0.00082556771,0.022223962,0.17032313,36.459046,282.86665,1.229362,48.142432,0.000011149774,"PACK PROXY"
"24001","24001","produits céréaliers","céréales de petit-déjeuner et biscuits","Biscuit sec nature","Biscuit (cookie), plain","2",0,"Ambiant (long)","Pas de préparation",5,0.36224793,3.3361469,4.8408116e-8,0.58457963,0.0092824441,2.8862079e-7,4.163517e-8,1.5496707e-9,0.039645483,0.00037279716,0.012935321,0.16668998,33.01304,128.03292,1.0975748,39.549082,0.000010465063,"PACK PROXY"
"24690","24690","produits céréaliers","céréales de petit-déjeuner et biscuits","Biscuit sec pauvre en glucides","Biscuit (cookie), reduced sugar","2",0,"Ambiant (long)","Pas de préparation",5,0.36224793,3.3361469,4.8408116e-8,0.58457963,0.0092824441,2.8862079e-7,4.163517e-8,1.5496707e-9,0.039645483,0.00037279716,0.012935321,0.16668998,33.01304,128.03292,1.0975748,39.549082,0.000010465063,"PACK PROXY"
"24231","24231","produits céréaliers","céréales de petit-déjeuner et biscuits","Goûter sec fourré (""sandwiché"") parfum chocolat","Biscuit (cookie), snack w chocolate filling","2",0,"Ambiant (long)","Pas de préparation",5,0.47760423999999996,6.5686976,6.2946426e-8,0.55320395,0.015023927,2.1592836e-7,2.4593445e-8,3.4622869e-9,0.025411284,0.00091397696,0.022168108,0.10294346,46.686302,332.60603,1.3050879,46.83884,0.000010807043,"PACK PROXY"
"24225","24225","produits céréaliers","céréales de petit-déjeuner et biscuits","Goûter sec fourré (""sandwiché"") parfum lait ou vanille","Biscuit (cookie), snack with dairy or vanilla filling","2",0,"Ambiant (long)","Pas de préparation",5,0.49211299000000003,6.384792,4.9331789e-8,0.57996269,0.013736934,3.0836442e-7,4.3844196e-8,2.6849933e-9,0.04118055,0.00065532813,0.019254376,0.17230508,33.471962,238.14986,1.0770744,44.765537,0.00001070211,"PACK PROXY"
"24240","24240","produits céréaliers","céréales de petit-déjeuner et biscuits","Goûter sec fourré (""sandwiché"") parfum fruits","Biscuit (cookie), snack with fruits filling","2",0,"Ambiant (long)","Pas de préparation",5,0.35330459000000003,2.9530797,3.0265094e-7,0.5693646,0.0085923634,2.3925401e-7,3.9566269e-8,1.4556013e-9,0.031786183,0.00042976786,0.010549441,0.13191827,104.71634,98.824545,1.9108741,40.084468,0.000011126221,"PACK PROXY"
"24430","24430","produits céréaliers","céréales de petit-déjeuner et biscuits","Biscuit sec aux œufs à la cuillère (cuiller) ou Boudoir","Biscuit (cookie), sponge fingers or Lady fingers","2",0,"Ambiant (long)","Pas de préparation",5,0.28252028,2.3973073,4.5998436e-8,0.55776916,0.0085626483,1.9008986e-7,1.7426768e-8,1.2162575e-9,0.024679128,0.00040166579,0.010719577,0.10066506,36.612152,102.80803,1.4693508,38.760429,0.0000097897239,"PACK PROXY"
"24615","24615","produits céréaliers","céréales de petit-déjeuner et biscuits","Biscuit sec ou tuile, aux amandes","Biscuit (cookie), thin, w almonds","2",0,"Ambiant (long)","Pas de préparation",5,0.9650181800000001,3.155325,6.9659736e-8,0.65657484,0.015260677,4.8442172e-7,3.3149654e-7,1.8272839e-9,0.05542135,0.00077336686,0.020322893,0.22829045,69.524221,235.74835,58.153826,50.504053,0.000027161514,"PACK PROXY"
"24616","24616","produits céréaliers","céréales de petit-déjeuner et biscuits","Biscuit sec type tuile, aux fruits","Biscuit (cookie), thin, w fruits","2",0,"Ambiant (long)","Pas de préparation",5,0.38500650999999997,3.4656064,4.9587749e-8,0.59414054,0.0098387487,3.1390745e-7,4.0707309e-8,1.5561761e-9,0.043090864,0.00039707521,0.013602573,0.18107676,37.93881,130.40951,1.4175499,40.712403,0.000011007654,"PACK PROXY"
"24684","24684","produits céréaliers","céréales de petit-déjeuner et biscuits","Cookie aux pépites de chocolat","Biscuit (cookie), with chocolate drops","2",0,"Ambiant (long)","Pas de préparation",5,0.43056877,6.1683964,5.1563778e-8,0.57150055,0.013628476,1.95539e-7,2.6366878e-8,2.5951788e-9,0.022679457,0.00073072323,0.01828117,0.09152175,29.913447,259.28377,1.3787209,44.947941,0.0000096454874,"PACK PROXY"
"24036","24036","produits céréaliers","céréales de petit-déjeuner et biscuits","Biscuit sec chocolaté, préemballé","Biscuit (cookie), with chocolate, prepacked","2",0,"Ambiant (long)","Pas de préparation",5,0.49211299000000003,6.384792,4.9331789e-8,0.57996269,0.013736934,3.0836442e-7,4.3844196e-8,2.6849933e-9,0.04118055,0.00065532813,0.019254376,0.17230508,33.471962,238.14986,1.0770744,44.765537,0.00001070211,"PACK PROXY"
"24030","24030","produits céréaliers","céréales de petit-déjeuner et biscuits","Biscuit sec au lait","Biscuit (cookie), with milk","2",0,"Ambiant (long)","Pas de préparation",5,0.30082250000000005,2.8670537,4.4320964e-8,0.54910877,0.0078991076,2.2858694e-7,3.4120976e-8,1.2338939e-9,0.03095295,0.00031099442,0.010282737,0.12963984,21.435926,100.15066,0.89714006,36.884269,0.0000090198183,"PACK PROXY"
"24010","24010","produits céréaliers","céréales de petit-déjeuner et biscuits","Biscuit sec, avec matière grasse végétale","Biscuit (cookie), with vegetal fat","2",0,"Ambiant (long)","Pas de préparation",5,0.22420082,1.9993925,4.1668953e-8,0.51122821,0.0068763698,1.2669522e-7,2.1020502e-8,9.4358895e-10,0.015869228,0.00034243269,0.0078859669,0.061847544,15.317822,88.325128,1.5507641,35.430341,0.0000099919759,"PACK PROXY"
"24052","24052","produits céréaliers","céréales de petit-déjeuner et biscuits","Biscuit sec chocolaté, type tartelette","Biscuit (small tart), with chocolate, pre-packed","2",0,"Ambiant (long)","Pas de préparation",5,0.44863709,5.7199523,3.2921523e-8,0.60015837,0.011734695,2.9743509e-7,4.1249549e-8,2.5812339e-9,0.040161079,0.00059407713,0.019013622,0.16998204,32.524009,237.46651,0.90597202,34.086305,0.0000087723392,"PACK PROXY"
"24679","24679","produits céréaliers","céréales de petit-déjeuner et biscuits","Biscuit sec nappé aux fruits, tartelette","Biscuit (small tart), with fruit covering","2",0,"Ambiant (long)","Pas de préparation",5,0.3098287,2.28824,2.8624067e-7,0.58956027,0.0065901242,2.2832468e-7,3.6971622e-8,1.351842e-9,0.030766712,0.00036851686,0.010308687,0.12959523,103.76839,98.141191,1.7397717,29.405235,0.0000091964498,"PACK PROXY"
"24039","24039","produits céréaliers","céréales de petit-déjeuner et biscuits","Barre biscuitée fourrée aux fruits, allégée en matière grasse","Biscuit bar filled with fruits, reduced fat","2",0,"Ambiant (long)","Pas de préparation",5,0.3098287,2.28824,2.8624067e-7,0.58956027,0.0065901242,2.2832468e-7,3.6971622e-8,1.351842e-9,0.030766712,0.00036851686,0.010308687,0.12959523,103.76839,98.141191,1.7397717,29.405235,0.0000091964498,"PACK PROXY"
"24689","24689","aliments infantiles","céréales et biscuits infantiles","Biscuit pour bébé","Biscuit for baby","2",0,"Ambiant (long)","Pas de préparation",5,0.34009348,3.2961856,6.5619614e-8,0.56595471,0.011013807,2.0383499e-7,2.0784802e-8,1.3861092e-9,0.025983317,0.00048403945,0.011043744,0.10369401,37.715477,105.10764,1.7596021,52.193974,0.000012151313,"PACK PROXY"
"24659","24659","produits céréaliers","céréales de petit-déjeuner et biscuits","Biscuit sec feuilleté, type palmier ou autres","Biscuit puff pastry","2",0,"Ambiant (long)","Pas de préparation",5,0.34329575,3.203378,4.1706862e-8,0.58501056,0.0081695683,2.8887227e-7,4.1961088e-8,1.3375538e-9,0.039888625,0.00030672773,0.011582521,0.16872972,25.14876,110.32962,1.0534213,35.556536,0.0000092414561,"PACK PROXY"
"24049","24049","produits céréaliers","céréales de petit-déjeuner et biscuits","Biscuit sec au beurre, sablé, galette ou palet","Biscuit shortbread, with butter","2",0,"Ambiant (long)","Pas de préparation",5,0.34896573999999997,2.9650442,3.3036715e-8,0.61449165,0.0076934346,3.1466009e-7,4.4316839e-8,1.5128067e-9,0.044033713,0.00031330445,0.013490513,0.18786499,32.827638,133.4109,1.0066886,29.566529,0.000008930676,"PACK PROXY"
"24050","24050","produits céréaliers","céréales de petit-déjeuner et biscuits","Biscuit sec au beurre, sablé, galette ou palet, au chocolat","Biscuit shortbread, with butter and chocolate","2",0,"Ambiant (long)","Pas de préparation",5,0.44863709,5.7199523,3.2921523e-8,0.60015837,0.011734695,2.9743509e-7,4.1249549e-8,2.5812339e-9,0.040161079,0.00059407713,0.019013622,0.16998204,32.524009,237.46651,0.90597202,34.086305,0.0000087723392,"PACK PROXY"
"24053","24053","produits céréaliers","céréales de petit-déjeuner et biscuits","Biscuit sec chocolaté, type galette","Biscuit shortbread, with chocolate, pre-packed","2",0,"Ambiant (long)","Pas de préparation",5,0.44863709,5.7199523,3.2921523e-8,0.60015837,0.011734695,2.9743509e-7,4.1249549e-8,2.5812339e-9,0.040161079,0.00059407713,0.019013622,0.16998204,32.524009,237.46651,0.90597202,34.086305,0.0000087723392,"PACK PROXY"
"24054","24054","produits céréaliers","céréales de petit-déjeuner et biscuits","Biscuit sec, sablé, galette ou palet, aux fruits","Biscuit shortbread, with fruits","2",0,"Ambiant (long)","Pas de préparation",5,0.3098287,2.28824,2.8624067e-7,0.58956027,0.0065901242,2.2832468e-7,3.6971622e-8,1.351842e-9,0.030766712,0.00036851686,0.010308687,0.12959523,103.76839,98.141191,1.7397717,29.405235,0.0000091964498,"PACK PROXY"
"24678","24678","produits céréaliers","céréales de petit-déjeuner et biscuits","Biscuit sec (génoise) nappage aux fruits, type barquette","Biscuit sponge cake with fruits covering, pre-packed","2",0,"Ambiant (long)","Pas de préparation",5,0.34326928,2.8057275,2.981647e-7,0.58558572,0.0080639051,2.364903e-7,3.8941567e-8,1.4423892e-9,0.03153569,0.00041604715,0.010495638,0.13136638,104.44723,99.128354,1.8924493,37.384974,0.000010616607,"PACK PROXY"
"24051","24051","produits céréaliers","céréales de petit-déjeuner et biscuits","Biscuit sec chocolaté, type barquette","Biscuit sponge cake, with chocolate, pre-packed","2",0,"Ambiant (long)","Pas de préparation",5,0.48207768,6.2374398,4.4845554e-8,0.59618381,0.013208476,3.0560071e-7,4.3219494e-8,2.6717812e-9,0.040930057,0.00064160741,0.019200574,0.1717532,33.202847,238.45367,1.0586497,42.066043,0.000010192496,"PACK PROXY"
"7412","7412","produits céréaliers","céréales de petit-déjeuner et biscuits","Tartine craquante, extrudée et grillée, fourrée au chocolat","Biscuit, extruded and grilled, chocolate filling","2",0,"Ambiant (long)","Pas de préparation",5,0.18505377,1.5174559,2.7909612e-8,0.54821707,0.0049038969,1.2191537e-7,1.9908171e-8,1.1492673e-9,0.015977128,0.00027011591,0.0087210129,0.066981985,17.861521,99.690785,0.40696817,24.864227,0.0000063230121,"PACK PROXY"
"7413","7413","produits céréaliers","céréales de petit-déjeuner et biscuits","Tartine craquante, extrudée et grillée, fourrée aux fruits","Biscuit, extruded and grilled, fruits filling","2",0,"Ambiant (long)","Pas de préparation",5,0.18505377,1.5174559,2.7909612e-8,0.54821707,0.0049038969,1.2191537e-7,1.9908171e-8,1.1492673e-9,0.015977128,0.00027011591,0.0087210129,0.066981985,17.861521,99.690785,0.40696817,24.864227,0.0000063230121,"PACK PROXY"
"13007","13007","fruits, légumes, légumineuses et oléagineux","fruits","Cassis, cru","Black currant, raw","2",0,"Ambiant (moyen)","Pas de préparation",5,0.11331619999999999,0.87309699,2.8925631e-8,0.10340623,0.0032906118,5.9246473e-8,9.7929973e-9,3.5894988e-10,0.0063942441,0.00014497643,0.0017617083,0.024082844,8.482843,132.87311,2.4555728,10.872261,0.0000066028097,"PACK AGB"
"13071","13071","fruits, légumes, légumineuses et oléagineux","fruits","Mûre noire (du mûrier), crue","Black mulberry, raw","2",0,"Ambiant (moyen)","Pas de préparation",5,0.2654326,1.9032368,6.5269679e-8,0.23523768,0.0082471951,1.4034612e-7,2.4622545e-8,8.4808025e-10,0.013568372,0.0014867435,0.0055910632,0.047732084,28.498251,35.794499,1.9235078,41.806073,0.000028423691,"PACK AGB"
"11015","11015","aides culinaires et ingrédients divers","épices","Poivre noir, poudre","Black pepper, powder","2",0,"Ambiant (long)","Pas de préparation",5,0.98702687,7.4527581,1.3687538e-7,0.42674498,0.03566441,4.8328333e-7,1.0446304e-7,1.92368e-9,0.060021538,0.0015932701,0.0548211,0.20834016,74.459972,622.24391,18.265675,80.475915,0.000081502054,"PACK PROXY"
"8703","8703","viandes, œufs, poissons","charcuteries","Boudin noir, rayon frais","Black pudding (blood sausage), refrigerated","2",0,"Glacé","Four",5,0.26861068,2.0307115,5.7823947e-8,1.3109314,0.0058872219,1.5027797e-7,2.3660826e-8,1.2559765e-8,0.019014533,0.00034823033,0.0061295671,0.074843545,34.182824,71.861986,0.61945433,45.332634,0.000012250466,"PACK AGB"
"8704","8704","viandes, œufs, poissons","charcuteries","Boudin noir, sauté/poêlé","Black pudding (blood sausage), sautéed/pan-fried","2",0,"Glacé","Four",5,0.26861068,2.0307115,5.7823947e-8,1.3109314,0.0058872219,1.5027797e-7,2.3660826e-8,1.2559765e-8,0.019014533,0.00034823033,0.0061295671,0.074843545,34.182824,71.861986,0.61945433,45.332634,0.000012250466,"PACK AGB"
"26099","26099","viandes, œufs, poissons","poissons crus","Dorade grise, ou daurade grise, ou griset, crue","Black seabream, raw","2",0,"Glacé","Pas de préparation",5,1.3222520999999998,7.6024979,0.0000016586786,0.26451245,0.12815018,0.0000013205452,9.9289907e-8,3.6976405e-9,0.17118358,0.00059572919,0.041948434,0.45450738,25.481151,13.644315,0.64510774,102.87958,0.00019466858,"PACK PROXY"
"26222","26222","viandes, œufs, poissons","poissons cuits","Dorade grise, ou daurade grise, ou griset, rôtie/cuite au four","Black seabream, roasted/baked","2",0,"Glacé","Four",5,1.6472088999999999,9.3710694,0.0000020278661,0.84011139,0.15682384,0.0000016181809,1.2490049e-7,4.580668e-9,0.20968897,0.00077420029,0.051347594,0.55603277,31.640555,17.309876,0.82299329,137.11359,0.00024193131,"PACK PROXY"
"18154","18154","boissons","boissons sans alcool","Thé noir, infusé, non sucré","Black tea, brewed, without sugar","2",0,"Ambiant (long)","Cuisson à l'eau",5,0.016599069,0.055482086,8.1945046e-10,0.06742541,0.00017047575,6.1585182e-9,1.3900526e-9,4.6528312e-11,0.00047117074,0.00001731867,0.00024435635,0.0017192364,1.6052078,4.0378354,0.99709257,1.6970489,6.7797405e-7,"PACK PROXY"
"13150","13150","fruits, légumes, légumineuses et oléagineux","fruits","Mûre (de ronce), surgelée, crue","Blackberry, frozen, raw","2",0,"Congelé","Pas de préparation",5,0.26934207,1.7920097,6.1075043e-8,0.87856448,0.0075641546,1.2547748e-7,2.5319919e-8,7.9785518e-10,0.012273382,0.0013058542,0.0048354475,0.041287004,24.447793,31.914467,1.6788976,51.19149,0.000029284285,"PACK AGB"
"13029","13029","fruits, légumes, légumineuses et oléagineux","fruits","Mûre (de ronce), crue","Blackberry, raw","2",0,"Ambiant (moyen)","Pas de préparation",5,0.21659297,1.5130408,5.3776148e-8,0.193955,0.006742311,1.153233e-7,1.9753765e-8,6.8809903e-10,0.011154546,0.0012163345,0.004545582,0.039213569,23.247018,29.477495,1.5835743,34.441733,0.000023433342,"PACK AGB"
"1021","1021","boissons","boisson alcoolisées","Crème de cassis","Blackcurrant liqueur","2",0,"Ambiant (long)","Réfrigéré chez le consommateur",5,0.18767872000000002,1.5515057,2.2297633e-8,0.31265081,0.0060307174,1.1785606e-7,1.9768181e-8,5.8536384e-10,0.012526551,0.00023985728,0.0060219465,0.044418253,37.181193,113.60195,1.7112562,22.479909,0.0000089977571,"PACK PROXY"
"26109","26109","viandes, œufs, poissons","poissons crus","Dorade rose, ou daurade rose, crue","Blackspot seabream, raw","2",0,"Glacé","Pas de préparation",5,1.3222520999999998,7.6024979,0.0000016586786,0.26451245,0.12815018,0.0000013205452,9.9289907e-8,3.6976405e-9,0.17118358,0.00059572919,0.041948434,0.45450738,25.481151,13.644315,0.64510774,102.87958,0.00019466858,"PACK PROXY"
"16743","16743","matières grasses","margarines","Matière grasse mélangée (végétale et laitière) à 50-63% MG","Blended fat (vegetable and animal origins), 50-63% fat","2",0,"Glacé","Pas de préparation",5,0.32955024,2.8424953,5.1238473e-8,0.34816633,0.0089673548,2.6550202e-7,4.5403525e-8,3.1450919e-9,0.031760469,0.0004876098,0.013165399,0.13045467,62.088678,180.98592,1.5793084,24.881065,0.000010034712,"PACK AGB"
"16744","16744","matières grasses","margarines","Matière grasse mélangée (végétale et laitière) à 50-63% MG, demi-sel","Blended fat (vegetable and animal origins), 50-63% fat, lightly salted","2",0,"Glacé","Pas de préparation",5,0.33001702000000005,2.8464818,5.1289294e-8,0.34846005,0.0089836784,2.6579596e-7,4.5482264e-8,3.1466199e-9,0.0317837,0.00048935168,0.013170465,0.13050363,62.117962,181.0142,1.5806958,24.931873,0.000010130277,"PACK AGB"
"16745","16745","matières grasses","margarines","Matière grasse mélangée (végétale et laitière), à tartiner, à 30-40% MG","Blended fat (vegetable and animal origins), spreadable, 30-40% fat","2",0,"Glacé","Pas de préparation",5,0.27880618,2.2527082,4.9023974e-8,0.32694696,0.0081538458,1.9966876e-7,3.6531903e-8,4.1184756e-9,0.022936116,0.00052159922,0.011031493,0.091556577,60.126742,168.02443,1.7852268,23.726343,0.0000095293801,"PACK AGB"
"16746","16746","matières grasses","margarines","Matière grasse mélangée (végétale et laitière), à tartiner, à 30-40% MG, demi-sel","Blended fat (vegetable and animal origins), spreadable, 30-40% fat, lightly salted","2",0,"Glacé","Pas de préparation",5,0.27815613,2.2451254,4.8776013e-8,0.32677485,0.0081396629,1.9885321e-7,3.6436461e-8,4.1151885e-9,0.022817069,0.00052250786,0.011002928,0.091001829,60.06794,167.72034,1.7856192,23.69951,0.0000095953112,"PACK AGB"
"23805","23805","produits céréaliers","pains et viennoiseries","Blini","Blinis","2",0,"Ambiant (court)","Pas de préparation",5,0.18048682,1.5451782,2.3711783e-8,0.48271786,0.0046385178,1.3452212e-7,2.3416292e-8,8.9029122e-10,0.018004838,0.00020307071,0.0070867017,0.075344658,20.704514,72.841181,0.32405458,22.497434,0.0000051293254,"PACK PROXY"
"8331","8331","viandes, œufs, poissons","charcuteries","Foie gras, en bloc","Block duck foie gras, pasteurized","2",0,"Glacé","Pas de préparation",5,3.0755066999999996,18.843883,5.5282173e-7,5.4419182,0.052096723,0.0000034262125,2.1984144e-7,1.3519004e-8,0.48948234,0.0037293831,0.10424662,2.1143021,355.21221,1150.3892,4.998141,238.28169,0.000062011332,"PACK AGB"
"40600","40600","viandes, œufs, poissons","viandes crues","Sang, boeuf, cru","Blood, beef, raw","2",0,"Glacé","Pas de préparation",5,3.3714676000000003,27.188651,1.0496822e-7,0.76431981,0.041894203,0.0000027528054,0.0000045753058,2.8725616e-8,0.40472465,0.0015177184,0.098964576,1.7797367,123.43119,2684.2247,2.4133974,64.936832,0.000039739571,"PACK AGB"
"12520","12520","lait et produits laitiers","fromages","Fromage bleu au lait de vache","Blue cheese, from cow's milk","2",0,"Glacé","Pas de préparation",5,0.53017674,4.8177267,9.3440975e-7,0.52756577,0.010903632,4.7755372e-7,8.1691907e-8,2.1213696e-9,0.067891695,0.0005407756,0.016615695,0.28685958,42.130895,160.99478,0.61334227,35.135505,0.000033377079,"PACK AGB"
"26214","26214","viandes, œufs, poissons","poissons crus","Grenadier bleu ou hoki de Nouvelle-Zélande, cru","Blue grenadier, raw","2",0,"Glacé","Pas de préparation",5,1.2104638,7.6968305,0.0000017464488,0.2486257,0.1404595,0.0000014464652,3.220196e-8,3.192222e-9,0.1865771,0.00038713407,0.046009869,0.50218633,8.6366529,11.974779,0.25961725,102.21369,0.000061865607,"PACK PROXY"
"26194","26194","viandes, œufs, poissons","poissons crus","Lingue bleue ou Lingue, crue","Blue ling, raw","2",0,"Glacé","Pas de préparation",5,1.9688571000000001,12.188752,0.0000017640754,0.28003355,0.23912983,0.0000024713049,4.7505226e-8,5.4092627e-9,0.31970158,0.00052943654,0.078563124,0.85806833,12.058341,16.31433,0.39493123,161.74181,0.000065558231,"PACK PROXY"
"26241","26241","viandes, œufs, poissons","poissons crus","Empereur, filet, sans peau, cru","Blue shark, fillet, without skin, raw","2",0,"Glacé","Pas de préparation",5,1.9688571000000001,12.188752,0.0000017640754,0.28003355,0.23912983,0.0000024713049,4.7505226e-8,5.4092627e-9,0.31970158,0.00052943654,0.078563124,0.85806833,12.058341,16.31433,0.39493123,161.74181,0.000065558231,"PACK PROXY"
"13132","13132","fruits, légumes, légumineuses et oléagineux","fruits","Myrtille, surgelée, crue","Blueberry, frozen, raw","2",0,"Congelé","Pas de préparation",5,0.14378338999999998,0.94142244,3.338534e-8,0.78150848,0.0039022739,5.5083614e-8,1.288189e-8,3.792542e-10,0.0064762854,0.00021211695,0.0016639523,0.02138427,7.650283,73.115079,2.1561493,28.199108,0.000011254846,"PACK AGB"
"13028","13028","fruits, légumes, légumineuses et oléagineux","fruits","Myrtille, crue","Blueberry, raw","2",0,"Ambiant (moyen)","Pas de préparation",5,0.090921187,0.66168734,2.6061502e-8,0.096811571,0.0030771316,4.4866027e-8,7.3045306e-9,2.6912096e-10,0.005352227,0.00012161199,0.0013712299,0.019292907,6.4343763,70.715221,2.0612559,11.428639,0.0000053876623,"PACK AGB"
"26100","26100","viandes, œufs, poissons","poissons crus","Bogue, crue","Bogue, raw","2",0,"Glacé","Pas de préparation",5,0.22843013,1.8857438,0.0000015207492,0.21504011,0.014823365,1.4336485e-7,1.3239696e-8,4.5141214e-10,0.016625018,0.00020210919,0.0044259005,0.047203605,4.0203928,6.9384688,0.14864075,28.306859,0.000043861653,"PACK PROXY"
"25013","25013","entrées et plats composés","plats composés","Pot-au-feu","Boiled meat with vegetables","2",0,"Glacé","Micro-onde",5,2.6640845,17.406965,7.9328068e-8,0.95160848,0.025826327,0.0000015487777,0.0000064007733,3.4254818e-8,0.22505686,0.0012363412,0.073369008,0.98578003,95.983692,2111.6784,2.0135844,56.056648,0.000027347208,"PACK AGB"
"25085","25085","entrées et plats composés","plats composés","Pâtes à la bolognaise (spaghetti, tagliatelles…)","Bolognese-style pasta (spaghetti, tagliatelle…)","2",0,"Glacé","Micro-onde",5,0.91529013,6.2902002,0.0000014753815,1.2065722,0.013348242,5.0799398e-7,0.0000015199681,9.4920352e-9,0.069266834,0.00076877389,0.023462957,0.29401172,34.784899,570.7633,1.7321773,57.705361,0.000051452615,"PACK AGB"
"26101","26101","viandes, œufs, poissons","poissons crus","Bonite, crue","Bonito, raw","2",0,"Glacé","Pas de préparation",5,1.5620645,9.4899756,0.0000016943765,0.25112575,0.18997509,0.0000019621315,3.6619336e-8,4.1881834e-9,0.25454639,0.00035922784,0.062495765,0.68239954,8.4537606,11.955942,0.26181055,126.71945,0.00005747009,"PACK PROXY"
"18012","18012","boissons","boissons sans alcool","Boisson à l'eau minérale ou de source, aromatisée, sucrée","Bottled water, flavoured, w sugar","2",0,"Glacé","Pas de préparation",5,0.050465008,0.39425381,4.2305882e-7,0.21800006,0.0013748858,1.7689438e-8,3.8599788e-9,8.6110951e-11,0.0012674881,0.00006507855,0.00034303058,0.003246848,1.0304147,1.8450277,0.056988795,9.3200172,0.00001248614,"PACK PROXY"
"18028","18028","boissons","boissons sans alcool","Boisson à l'eau minérale ou de source, aromatisée, non sucrée, sans édulcorant","Bottled water, flavoured, without sugar and artificial sweeteners","2",0,"Glacé","Pas de préparation",5,0.050465008,0.39425381,4.2305882e-7,0.21800006,0.0013748858,1.7689438e-8,3.8599788e-9,8.6110951e-11,0.0012674881,0.00006507855,0.00034303058,0.003246848,1.0304147,1.8450277,0.056988795,9.3200172,0.00001248614,"PACK PROXY"
"18030","18030","boissons","boissons sans alcool","Boisson à l'eau minérale ou de source, aromatisée, non sucrée, avec édulcorants","Bottled water, flavoured, without sugar and with artificial sweeteners","2",0,"Glacé","Pas de préparation",5,0.050465008,0.39425381,4.2305882e-7,0.21800006,0.0013748858,1.7689438e-8,3.8599788e-9,8.6110951e-11,0.0012674881,0.00006507855,0.00034303058,0.003246848,1.0304147,1.8450277,0.056988795,9.3200172,0.00001248614,"PACK PROXY"
"40007","40007","viandes, œufs, poissons","viandes cuites","Cervelle, veau, cuite","Brain, calf, cooked","2",0,"Glacé","Four",5,1.4934041,14.914643,2.1619525e-7,1.9510069,0.031379269,0.0000012272361,1.9883869e-7,8.3107651e-9,0.16914436,0.0014442289,0.056209107,0.71153278,138.89534,720.40849,2.3920482,126.39424,0.000041578257,"PACK AGB"
"40006","40006","viandes, œufs, poissons","viandes crues","Cervelle, veau, crue","Brain, calf, raw","2",0,"Glacé","Pas de préparation",5,1.0656843,10.816795,1.5588441e-7,1.0460877,0.022641025,8.9115824e-7,1.4239135e-7,6.0152359e-9,0.12291494,0.0010195087,0.040915347,0.51833067,100.94694,525.10033,1.719381,83.827189,0.000027247657,"PACK AGB"
"40003","40003","viandes, œufs, poissons","viandes cuites","Cervelle, agneau, cuite","Brain, lamb, cooked","2",0,"Glacé","Four",5,2.8915795,21.761439,1.1758643e-7,1.1991986,0.0421112,0.0000035332268,4.9305356e-7,1.0858732e-8,0.51980913,0.0011977702,0.10657852,2.3114444,98.247978,1725.8143,2.6276818,70.95933,0.000039915479,"PACK AGB"
"40002","40002","viandes, œufs, poissons","viandes crues","Cervelle, agneau, crue","Brain, lamb, raw","2",0,"Glacé","Pas de préparation",5,2.0857232,15.811875,8.3944334e-8,0.49760586,0.030470506,0.000002573494,3.5703584e-7,7.8741057e-9,0.37874245,0.00083970475,0.077662354,1.6855464,71.292647,1258.5942,1.8912875,43.384646,0.000026034577,"PACK AGB"
"40004","40004","viandes, œufs, poissons","viandes cuites","Cervelle, porc, braisée","Brain, pork, braised","2",0,"Glacé","Four",5,0.48925197000000004,3.8184771,5.3763369e-8,1.2166171,0.01038426,4.1172801e-7,4.6261832e-8,2.2505257e-9,0.056807612,0.00055254494,0.015550756,0.2363839,98.520455,186.18354,0.94137569,46.381748,0.000017574938,"PACK AGB"
"40005","40005","viandes, œufs, poissons","viandes crues","Cervelle, porc, crue","Brain, pork, raw","2",0,"Glacé","Pas de préparation",5,0.33310496,2.7215857,3.7382212e-8,0.51031354,0.0073241142,2.962042e-7,3.1078891e-8,1.5939877e-9,0.040959653,0.00036898057,0.011253043,0.17168576,71.491433,135.35647,0.6610427,25.454069,0.0000097360327,"PACK AGB"
"28905","28905","viandes, œufs, poissons","charcuteries","Jambon à l'os braisé","Braised ham on the bone","2",0,"Glacé","Pas de préparation",5,1.1538137000000002,8.9418159,0.0000017501665,1.9545492,0.023403011,9.5823586e-7,1.0439898e-7,5.3433102e-9,0.13367552,0.0013584247,0.037108237,0.5596606,235.53168,447.40095,2.1657875,91.315446,0.000070414835,"PACK AGB"
"7115","7115","produits céréaliers","pains et viennoiseries","Pain au son","Bran grain bread","2",0,"Ambiant (court)","Pas de préparation",5,0.097312116,0.71501022,1.3192345e-8,0.45904698,0.0025247046,6.2895685e-8,1.1348355e-8,5.5490999e-10,0.0073834287,0.000147709,0.0048343385,0.03066007,7.9732221,49.906061,0.16007676,15.680822,0.0000032217615,"PACK PROXY"
"15008","15008","fruits, légumes, légumineuses et oléagineux","fruits à coque et graines oléagineuses","Noix du Brésil","Brazil nut","2",0,"Ambiant (long)","Pas de préparation",5,0.56621367,7.1840464,1.1954174e-7,0.12530267,0.016580964,1.4184671e-7,2.9029268e-8,5.4442896e-9,0.019076302,0.00090167085,0.029107573,0.071517459,15.350314,500.70604,17.467236,18.531651,0.0000080303436,"PACK PROXY"
"7025","7025","produits céréaliers","pains et viennoiseries","Pain, baguette ou boule, bio (à la farine T55 jusqu'a T110)","Bread (baguette or ball), made with type T55-T110 flour","2",0,"Ambiant (court)","Pas de préparation",5,0.11030451,0.8340748,1.461745e-8,0.46432435,0.002913437,7.4585804e-8,1.2550312e-8,6.3950069e-10,0.0085364701,0.00016524814,0.0056530567,0.035569066,10.06627,59.248585,0.20375587,16.359776,0.0000035998519,"PACK PROXY"
"7002","7002","produits céréaliers","pains et viennoiseries","Pain, baguette ou boule, au levain","Bread, French bread (baguette or ball), with yeast","2",0,"Ambiant (court)","Pas de préparation",5,0.11500018000000001,0.838979,1.4748564e-8,0.47402093,0.0027767873,7.1521934e-8,2.9607578e-8,8.696272e-10,0.0081875283,0.0001844888,0.0070367387,0.035097105,8.0809871,72.803252,0.1649073,16.440264,0.0000035527994,"PACK PROXY"
"7255","7255","produits céréaliers","pains et viennoiseries","Pain, baguette ou boule, aux céréales et graines, artisanal","Bread, French bread, (baguette or ball), multigrain, from bakery","2",0,"Ambiant (court)","Pas de préparation",5,0.23841779000000002,1.2633767,6.8275345e-8,0.46234109,0.0077212696,1.0904879e-7,4.5579406e-7,4.4427513e-9,0.015438078,0.0002866724,0.0079534852,0.065512357,10.192871,67.236925,1.0828986,22.074531,0.0000061311645,"PACK PROXY"
"7001","7001","produits céréaliers","pains et viennoiseries","Pain, baguette, courante","Bread, French bread, baguette","2",0,"Ambiant (court)","Pas de préparation",5,0.10574979,0.77694649,1.4086598e-8,0.46293346,0.0027530094,6.9404393e-8,1.2191644e-8,6.2953345e-10,0.008328192,0.00016216401,0.0054321877,0.034769856,9.0945351,57.230152,0.17543965,16.135091,0.0000035129857,"PACK PROXY"
"7007","7007","produits céréaliers","pains et viennoiseries","Pain, baguette, de tradition française","Bread, French bread, baguette, unsalted","2",0,"Ambiant (court)","Pas de préparation",5,0.10574979,0.77694649,1.4086598e-8,0.46293346,0.0027530094,6.9404393e-8,1.2191644e-8,6.2953345e-10,0.008328192,0.00016216401,0.0054321877,0.034769856,9.0945351,57.230152,0.17543965,16.135091,0.0000035129857,"PACK PROXY"
"7012","7012","produits céréaliers","pains et viennoiseries","Pain courant français, 400g ou boule","Bread, French bread, ball, 400g","2",0,"Ambiant (court)","Pas de préparation",5,0.10574979,0.77694649,1.4086598e-8,0.46293346,0.0027530094,6.9404393e-8,1.2191644e-8,6.2953345e-10,0.008328192,0.00016216401,0.0054321877,0.034769856,9.0945351,57.230152,0.17543965,16.135091,0.0000035129857,"PACK PROXY"
"7160","7160","produits céréaliers","pains et viennoiseries","Pain, baguette, sans sel","Bread, French bread, without salt","2",0,"Ambiant (court)","Pas de préparation",5,0.10574979,0.77694649,1.4086598e-8,0.46293346,0.0027530094,6.9404393e-8,1.2191644e-8,6.2953345e-10,0.008328192,0.00016216401,0.0054321877,0.034769856,9.0945351,57.230152,0.17543965,16.135091,0.0000035129857,"PACK PROXY"
"7130","7130","produits céréaliers","pains et viennoiseries","Pain, sans gluten","Bread, gluten free","2",0,"Ambiant (court)","Pas de préparation",5,0.19349461,1.625603,3.8281345e-8,0.12264795,0.0059901898,8.9735906e-8,1.5443757e-8,5.4272191e-10,0.011476013,0.00036689002,0.0057519239,0.039896458,18.135506,64.497564,5.5149396,19.757198,0.0000070753924,"PACK PROXY"
"7260","7260","produits céréaliers","pains et viennoiseries","Pain blanc maison (avec farine pour machine à pain)","Bread, home-made, with flour for home-made bread preparation","2",0,"Ambiant (court)","Pas de préparation",5,0.10574979,0.77694649,1.4086598e-8,0.46293346,0.0027530094,6.9404393e-8,1.2191644e-8,6.2953345e-10,0.008328192,0.00016216401,0.0054321877,0.034769856,9.0945351,57.230152,0.17543965,16.135091,0.0000035129857,"PACK PROXY"
"7110","7110","produits céréaliers","pains et viennoiseries","Pain complet ou intégral (à la farine T150)","Bread, wholemeal or integral bread (made with flour type 150)","2",0,"Ambiant (court)","Pas de préparation",5,0.10603053,0.77899677,1.4116261e-8,0.46310684,0.0027605736,6.961951e-8,1.2219513e-8,6.3199678e-10,0.0083593934,0.00016264603,0.0054519156,0.034905498,9.1315352,57.472444,0.17594493,16.151075,0.0000035226504,"PACK PROXY"
"54500","54500","fruits, légumes, légumineuses et oléagineux","pommes de terre et autres tubercules","Fruit à pain, cru","Breadfruit, raw","2",0,"Ambiant (moyen)","Pas de préparation",5,0.14274553999999998,0.52404586,1.2757615e-8,0.043589317,0.0026856296,5.2405101e-8,8.82159e-9,1.6138116e-10,0.0042717789,0.000088924964,0.0025269211,0.014143242,3.0437155,22.540957,11.818378,5.9668403,0.0000029115589,"PACK AGB"
"24034","24034","produits céréaliers","céréales de petit-déjeuner et biscuits","Biscuit sec pour petit déjeuner","Breakfast biscuit (cookie)","2",0,"Ambiant (long)","Pas de préparation",5,0.36224793,3.3361469,4.8408116e-8,0.58457963,0.0092824441,2.8862079e-7,4.163517e-8,1.5496707e-9,0.039645483,0.00037279716,0.012935321,0.16668998,33.01304,128.03292,1.0975748,39.549082,0.000010465063,"PACK PROXY"
"24041","24041","produits céréaliers","céréales de petit-déjeuner et biscuits","Biscuit aux céréales pour petit déjeuner, enrichis en vitamines et minéraux","Breakfast biscuit (cookie) with cereals, fortified with vitamins and chemical elements","2",0,"Ambiant (long)","Pas de préparation",5,0.36224793,3.3361469,4.8408116e-8,0.58457963,0.0092824441,2.8862079e-7,4.163517e-8,1.5496707e-9,0.039645483,0.00037279716,0.012935321,0.16668998,33.01304,128.03292,1.0975748,39.549082,0.000010465063,"PACK PROXY"
"24035","24035","produits céréaliers","céréales de petit-déjeuner et biscuits","Biscuit sec pour petit déjeuner, allégé en sucres","Breakfast biscuit (cookie), reduced sugar","2",0,"Ambiant (long)","Pas de préparation",5,0.36224793,3.3361469,4.8408116e-8,0.58457963,0.0092824441,2.8862079e-7,4.163517e-8,1.5496707e-9,0.039645483,0.00037279716,0.012935321,0.16668998,33.01304,128.03292,1.0975748,39.549082,0.000010465063,"PACK PROXY"
"24040","24040","produits céréaliers","céréales de petit-déjeuner et biscuits","Biscuit sec pour petit déjeuner, au chocolat","Breakfast biscuit (cookie), with chocolate","2",0,"Ambiant (long)","Pas de préparation",5,0.49211299000000003,6.384792,4.9331789e-8,0.57996269,0.013736934,3.0836442e-7,4.3844196e-8,2.6849933e-9,0.04118055,0.00065532813,0.019254376,0.17230508,33.471962,238.14986,1.0770744,44.765537,0.00001070211,"PACK PROXY"
"32115","32115","produits céréaliers","céréales de petit-déjeuner et biscuits","Grains de blé soufflés chocolatés, enrichis en vitamines et minéraux","Breakfast cereals, chocolate puffed/popped wheat grain, fortified with vitamins and chemical elements","2",0,"Ambiant (long)","Pas de préparation",5,0.41416341,3.332199,5.337907e-8,0.89890994,0.010397567,2.2431286e-7,2.0557833e-7,1.3962088e-9,0.030618654,0.00045867942,0.016243791,0.12462174,37.703964,145.93445,6.320696,43.255116,0.000009614532,"PACK PROXY"
"32011","32011","produits céréaliers","céréales de petit-déjeuner et biscuits","Pétales de blé chocolatés (non enrichis en vitamines et minéraux)","Breakfast cereals, chocolate wheat grain flakes (not fortified with vitamins and chemical elements)","2",0,"Ambiant (long)","Pas de préparation",5,0.41416341,3.332199,5.337907e-8,0.89890994,0.010397567,2.2431286e-7,2.0557833e-7,1.3962088e-9,0.030618654,0.00045867942,0.016243791,0.12462174,37.703964,145.93445,6.320696,43.255116,0.000009614532,"PACK PROXY"
"32009","32009","produits céréaliers","céréales de petit-déjeuner et biscuits","Pétales de blé chocolatés, enrichis en vitamines et minéraux","Breakfast cereals, chocolate wheat grain flakes, fortified with vitamins and chemical elements","2",0,"Ambiant (long)","Pas de préparation",5,0.41416341,3.332199,5.337907e-8,0.89890994,0.010397567,2.2431286e-7,2.0557833e-7,1.3962088e-9,0.030618654,0.00045867942,0.016243791,0.12462174,37.703964,145.93445,6.320696,43.255116,0.000009614532,"PACK PROXY"
"32014","32014","produits céréaliers","céréales de petit-déjeuner et biscuits","Pétales de maïs natures (non enrichis en vitamines et minéraux)","Breakfast cereals, corn flakes, plain (not fortified with vitamins and chemical elements)","2",0,"Ambiant (long)","Pas de préparation",5,0.41416341,3.332199,5.337907e-8,0.89890994,0.010397567,2.2431286e-7,2.0557833e-7,1.3962088e-9,0.030618654,0.00045867942,0.016243791,0.12462174,37.703964,145.93445,6.320696,43.255116,0.000009614532,"PACK PROXY"
"32005","32005","produits céréaliers","céréales de petit-déjeuner et biscuits","Pétales de maïs natures, enrichis en vitamines et minéraux","Breakfast cereals, corn flakes, plain, fortified with vitamins and chemical elements","2",0,"Ambiant (long)","Pas de préparation",5,0.41416341,3.332199,5.337907e-8,0.89890994,0.010397567,2.2431286e-7,2.0557833e-7,1.3962088e-9,0.030618654,0.00045867942,0.016243791,0.12462174,37.703964,145.93445,6.320696,43.255116,0.000009614532,"PACK PROXY"
"32107","32107","produits céréaliers","céréales de petit-déjeuner et biscuits","Pétales de maïs glacés au sucre (non enrichis en vitamines et minéraux)","Breakfast cereals, corn flakes, sugar iced (not fortified with vitamins and chemical elements)","2",0,"Ambiant (long)","Pas de préparation",5,0.41416341,3.332199,5.337907e-8,0.89890994,0.010397567,2.2431286e-7,2.0557833e-7,1.3962088e-9,0.030618654,0.00045867942,0.016243791,0.12462174,37.703964,145.93445,6.320696,43.255116,0.000009614532,"PACK PROXY"
"32121","32121","produits céréaliers","céréales de petit-déjeuner et biscuits","Pétales de maïs glacés au sucre, enrichis en vitamines et minéraux","Breakfast cereals, corn flakes, sugar iced, fortified with vitamins and chemical elements","2",0,"Ambiant (long)","Pas de préparation",5,0.41416341,3.332199,5.337907e-8,0.89890994,0.010397567,2.2431286e-7,2.0557833e-7,1.3962088e-9,0.030618654,0.00045867942,0.016243791,0.12462174,37.703964,145.93445,6.320696,43.255116,0.000009614532,"PACK PROXY"
"32021","32021","produits céréaliers","céréales de petit-déjeuner et biscuits","Céréales pour petit déjeuner ""équilibre"" nature ou au miel, enrichies en vitamines et minéraux","Breakfast cereals, diet, plain or with honey, fortified with vitamins and chemical elements","2",0,"Ambiant (long)","Pas de préparation",5,0.41416341,3.332199,5.337907e-8,0.89890994,0.010397567,2.2431286e-7,2.0557833e-7,1.3962088e-9,0.030618654,0.00045867942,0.016243791,0.12462174,37.703964,145.93445,6.320696,43.255116,0.000009614532,"PACK PROXY"
"32030","32030","produits céréaliers","céréales de petit-déjeuner et biscuits","Céréales pour petit déjeuner ""équilibre"" nature (non enrichies en vitamines et minéraux)","Breakfast cereals, diet, plain, not fortified","2",0,"Ambiant (long)","Pas de préparation",5,0.41416341,3.332199,5.337907e-8,0.89890994,0.010397567,2.2431286e-7,2.0557833e-7,1.3962088e-9,0.030618654,0.00045867942,0.016243791,0.12462174,37.703964,145.93445,6.320696,43.255116,0.000009614532,"PACK PROXY"
"32022","32022","produits céréaliers","céréales de petit-déjeuner et biscuits","Céréales pour petit déjeuner ""équilibre"" au chocolat, enrichies en vitamines et minéraux","Breakfast cereals, diet, with chocolate, fortified with vitamins and chemical elements","2",0,"Ambiant (long)","Pas de préparation",5,0.41416341,3.332199,5.337907e-8,0.89890994,0.010397567,2.2431286e-7,2.0557833e-7,1.3962088e-9,0.030618654,0.00045867942,0.016243791,0.12462174,37.703964,145.93445,6.320696,43.255116,0.000009614532,"PACK PROXY"
"32028","32028","produits céréaliers","céréales de petit-déjeuner et biscuits","Céréales pour petit déjeuner ""équilibre"" au chocolat (non enrichies en vitamines et minéraux)","Breakfast cereals, diet, with chocolate, not fortified","2",0,"Ambiant (long)","Pas de préparation",5,0.41416341,3.332199,5.337907e-8,0.89890994,0.010397567,2.2431286e-7,2.0557833e-7,1.3962088e-9,0.030618654,0.00045867942,0.016243791,0.12462174,37.703964,145.93445,6.320696,43.255116,0.000009614532,"PACK PROXY"
"32025","32025","produits céréaliers","céréales de petit-déjeuner et biscuits","Céréales pour petit déjeuner ""équilibre"" aux fruits secs (à coque), enrichis en vitamines et minéraux","Breakfast cereals, diet, with dried fruits, fortified with vitamins and chemical elements","2",0,"Ambiant (long)","Pas de préparation",5,0.41416341,3.332199,5.337907e-8,0.89890994,0.010397567,2.2431286e-7,2.0557833e-7,1.3962088e-9,0.030618654,0.00045867942,0.016243791,0.12462174,37.703964,145.93445,6.320696,43.255116,0.000009614532,"PACK PROXY"
"32023","32023","produits céréaliers","céréales de petit-déjeuner et biscuits","Céréales pour petit déjeuner ""équilibre"" aux fruits, enrichies en vitamines et minéraux","Breakfast cereals, diet, with fruits, fortified with vitamins and chemical elements","2",0,"Ambiant (long)","Pas de préparation",5,0.41416341,3.332199,5.337907e-8,0.89890994,0.010397567,2.2431286e-7,2.0557833e-7,1.3962088e-9,0.030618654,0.00045867942,0.016243791,0.12462174,37.703964,145.93445,6.320696,43.255116,0.000009614532,"PACK PROXY"
"32029","32029","produits céréaliers","céréales de petit-déjeuner et biscuits","Céréales pour petit déjeuner ""équilibre"" aux fruits (non enrichies en vitamines et minéraux)","Breakfast cereals, diet, with fruits, not fortified","2",0,"Ambiant (long)","Pas de préparation",5,0.41416341,3.332199,5.337907e-8,0.89890994,0.010397567,2.2431286e-7,2.0557833e-7,1.3962088e-9,0.030618654,0.00045867942,0.016243791,0.12462174,37.703964,145.93445,6.320696,43.255116,0.000009614532,"PACK PROXY"
"32018","32018","produits céréaliers","céréales de petit-déjeuner et biscuits","Céréales pour petit déjeuner fourrées, fourrage autre que chocolat, enrichies en vitamines et minéraux","Breakfast cereals, filled with a filling other than chocolate, fortified with vitamins and chemical elements","2",0,"Ambiant (long)","Pas de préparation",5,0.41416341,3.332199,5.337907e-8,0.89890994,0.010397567,2.2431286e-7,2.0557833e-7,1.3962088e-9,0.030618654,0.00045867942,0.016243791,0.12462174,37.703964,145.93445,6.320696,43.255116,0.000009614532,"PACK PROXY"
"32017","32017","produits céréaliers","céréales de petit-déjeuner et biscuits","Céréales pour petit déjeuner fourrées au chocolat ou chocolat-noisettes","Breakfast cereals, filled with chocolate or chocolate-hazelnuts","2",0,"Ambiant (long)","Pas de préparation",5,0.41416341,3.332199,5.337907e-8,0.89890994,0.010397567,2.2431286e-7,2.0557833e-7,1.3962088e-9,0.030618654,0.00045867942,0.016243791,0.12462174,37.703964,145.93445,6.320696,43.255116,0.000009614532,"PACK PROXY"
"32016","32016","produits céréaliers","céréales de petit-déjeuner et biscuits","Céréales pour petit déjeuner fourrées au chocolat ou chocolat-noisettes, enrichies en vitamines et minéraux","Breakfast cereals, filled with chocolate or chocolate-hazelnuts, fortified with vitamins and chemical elements","2",0,"Ambiant (long)","Pas de préparation",5,0.41416341,3.332199,5.337907e-8,0.89890994,0.010397567,2.2431286e-7,2.0557833e-7,1.3962088e-9,0.030618654,0.00045867942,0.016243791,0.12462174,37.703964,145.93445,6.320696,43.255116,0.000009614532,"PACK PROXY"
"32135","32135","produits céréaliers","céréales de petit-déjeuner et biscuits","Multi-céréales soufflées ou extrudées, enrichies en vitamines et minéraux","Breakfast cereals, mix of puffed or extruded cereals, fortified with vitamins and chemical elements","2",0,"Ambiant (long)","Pas de préparation",5,0.41416341,3.332199,5.337907e-8,0.89890994,0.010397567,2.2431286e-7,2.0557833e-7,1.3962088e-9,0.030618654,0.00045867942,0.016243791,0.12462174,37.703964,145.93445,6.320696,43.255116,0.000009614532,"PACK PROXY"
"32000","32000","produits céréaliers","céréales de petit-déjeuner et biscuits","Grains de blé soufflés au miel ou caramel, enrichis en vitamines et minéraux","Breakfast cereals, popped or puffed wheat grain, with honey or caramel, fortified with vitamins and chemical elements","2",0,"Ambiant (long)","Pas de préparation",5,0.41416341,3.332199,5.337907e-8,0.89890994,0.010397567,2.2431286e-7,2.0557833e-7,1.3962088e-9,0.030618654,0.00045867942,0.016243791,0.12462174,37.703964,145.93445,6.320696,43.255116,0.000009614532,"PACK PROXY"
"32134","32134","produits céréaliers","céréales de petit-déjeuner et biscuits","Céréales complètes soufflées, enrichies en vitamines et minéraux","Breakfast cereals, puffed/popped cereals, wholemeal, fortified with vitamins and chemical elements","2",0,"Ambiant (long)","Pas de préparation",5,0.41416341,3.332199,5.337907e-8,0.89890994,0.010397567,2.2431286e-7,2.0557833e-7,1.3962088e-9,0.030618654,0.00045867942,0.016243791,0.12462174,37.703964,145.93445,6.320696,43.255116,0.000009614532,"PACK PROXY"
"32129","32129","produits céréaliers","céréales de petit-déjeuner et biscuits","Boules de maïs soufflées au miel (non enrichies en vitamines et minéraux)","Breakfast cereals, puffed/popped corn, with honey (not fortified with vitamins and chemical elements)","2",0,"Ambiant (long)","Pas de préparation",5,0.41416341,3.332199,5.337907e-8,0.89890994,0.010397567,2.2431286e-7,2.0557833e-7,1.3962088e-9,0.030618654,0.00045867942,0.016243791,0.12462174,37.703964,145.93445,6.320696,43.255116,0.000009614532,"PACK PROXY"
"32133","32133","produits céréaliers","céréales de petit-déjeuner et biscuits","Boules de maïs soufflées au miel, enrichies en vitamines et minéraux","Breakfast cereals, puffed/popped corn, with honey, fortified with vitamins and chemical elements","2",0,"Ambiant (long)","Pas de préparation",5,0.41416341,3.332199,5.337907e-8,0.89890994,0.010397567,2.2431286e-7,2.0557833e-7,1.3962088e-9,0.030618654,0.00045867942,0.016243791,0.12462174,37.703964,145.93445,6.320696,43.255116,0.000009614532,"PACK PROXY"
"32008","32008","produits céréaliers","céréales de petit-déjeuner et biscuits","Céréales pour petit déjeuner riches en fibres, au chocolat, enrichies en vitamines et minéraux","Breakfast cereals, rich in fibre, with chocolate, fortified with vitamins and chemical elements","2",0,"Ambiant (long)","Pas de préparation",5,0.41416341,3.332199,5.337907e-8,0.89890994,0.010397567,2.2431286e-7,2.0557833e-7,1.3962088e-9,0.030618654,0.00045867942,0.016243791,0.12462174,37.703964,145.93445,6.320696,43.255116,0.000009614532,"PACK PROXY"
"32002","32002","produits céréaliers","céréales de petit-déjeuner et biscuits","Céréales pour petit déjeuner riches en fibres, avec ou sans fruits, enrichies en vitamines et minéraux","Breakfast cereals, rich in fibre, with or without fruits, fortified with vitamins and chemical elements","2",0,"Ambiant (long)","Pas de préparation",5,0.41416341,3.332199,5.337907e-8,0.89890994,0.010397567,2.2431286e-7,2.0557833e-7,1.3962088e-9,0.030618654,0.00045867942,0.016243791,0.12462174,37.703964,145.93445,6.320696,43.255116,0.000009614532,"PACK PROXY"
"32116","32116","produits céréaliers","céréales de petit-déjeuner et biscuits","Céréales pour petit déjeuner très riches en fibres, enrichies en vitamines et minéraux","Breakfast cereals, very rich in fibre, fortified with vitamins and chemical elements","2",0,"Ambiant (long)","Pas de préparation",5,0.41416341,3.332199,5.337907e-8,0.89890994,0.010397567,2.2431286e-7,2.0557833e-7,1.3962088e-9,0.030618654,0.00045867942,0.016243791,0.12462174,37.703964,145.93445,6.320696,43.255116,0.000009614532,"PACK PROXY"
"32123","32123","produits céréaliers","céréales de petit-déjeuner et biscuits","Pétales de blé avec noix, noisettes ou amandes, enrichis en vitamines et minéraux","Breakfast cereals, wheat flakes with walnuts, hazelnuts or almonds, fortified with vitamins and chemical elements","2",0,"Ambiant (long)","Pas de préparation",5,0.41416341,3.332199,5.337907e-8,0.89890994,0.010397567,2.2431286e-7,2.0557833e-7,1.3962088e-9,0.030618654,0.00045867942,0.016243791,0.12462174,37.703964,145.93445,6.320696,43.255116,0.000009614532,"PACK PROXY"
"32013","32013","produits céréaliers","céréales de petit-déjeuner et biscuits","Céréales chocolatées pour petit déjeuner, non fourrées, (non enrichies en vitamines et minéraux)","Breakfast cereals, with chocolate, not filled (not fortified with vitamins and chemical elements)","2",0,"Ambiant (long)","Pas de préparation",5,0.41416341,3.332199,5.337907e-8,0.89890994,0.010397567,2.2431286e-7,2.0557833e-7,1.3962088e-9,0.030618654,0.00045867942,0.016243791,0.12462174,37.703964,145.93445,6.320696,43.255116,0.000009614532,"PACK PROXY"
"32001","32001","produits céréaliers","céréales de petit-déjeuner et biscuits","Céréales pour petit déjeuner chocolatées, non fourrées, enrichies en vitamines et minéraux","Breakfast cereals, with chocolate, not filled, fortified with vitamins and chemical elements","2",0,"Ambiant (long)","Pas de préparation",5,0.41416341,3.332199,5.337907e-8,0.89890994,0.010397567,2.2431286e-7,2.0557833e-7,1.3962088e-9,0.030618654,0.00045867942,0.016243791,0.12462174,37.703964,145.93445,6.320696,43.255116,0.000009614532,"PACK PROXY"
"28503","28503","viandes, œufs, poissons","charcuteries","Bresaola","Bresaola","2",0,"Glacé","Pas de préparation",5,1.7222452,13.104505,0.0000023556606,3.9775734,0.033370567,0.0000014160903,1.5274149e-7,7.8571734e-9,0.19810958,0.0019849859,0.054670885,0.82984285,349.88475,660.68769,3.1054866,149.68558,0.000095582084,"PACK AGB"
"12527","12527","lait et produits laitiers","fromages","Fromage bleu de Bresse","Bresse blue cheese, from cow's milk","2",0,"Glacé","Pas de préparation",5,0.46394048,4.2530374,3.9557933e-8,0.48853561,0.0091653897,4.6569741e-7,7.8549574e-8,2.047744e-9,0.066732282,0.0004751116,0.016349246,0.28436233,41.060964,161.01238,0.47655389,25.290659,0.000010414099,"PACK AGB"
"12528","12528","lait et produits laitiers","fromages","Fromage bleu de Bresse allegé environ 15% MG","Bresse blue cheese, from cow's milk, reduced fat, around 15% fat","2",0,"Glacé","Pas de préparation",5,0.44199348,4.0553725,3.9125334e-8,0.4922868,0.0088134975,4.4019085e-7,7.4293819e-8,1.9511464e-9,0.062884074,0.00047506119,0.015522972,0.26752052,38.795684,151.71984,0.4526432,25.166285,0.000010062525,"PACK AGB"
"8214","8214","viandes, œufs, poissons","charcuteries","Pâté breton","Breton pâté","2",0,"Ambiant (long)","Pas de préparation",5,0.5566443,4.7131782,6.1493537e-8,1.0713426,0.01327892,4.6956421e-7,5.1762341e-8,5.2278048e-9,0.062139346,0.00064797994,0.017579313,0.25299696,113.28485,206.12112,1.1464671,53.036732,0.000014598893,"PACK AGB"
"23121","23121","produits céréaliers","gâteaux et pâtisseries","Far aux pruneaux","Breton pudding cake with prunes","2",0,"Ambiant (long)","Pas de préparation",5,0.24805153,1.7325019,0.0000017769481,0.56650252,0.0056371939,1.360754e-7,2.3512685e-8,7.962775e-10,0.017542214,0.00026530421,0.0063828398,0.069465667,18.82529,61.5107,0.60964661,28.087301,0.000049054843,"PACK PROXY"
"12020","12020","lait et produits laitiers","fromages","Brie, sans précision","Brie cheese, from cow's milk","2",0,"Glacé","Pas de préparation",5,0.45871958,4.2103559,4.3620826e-8,0.49168238,0.0091291904,4.5830336e-7,7.7407567e-8,2.009312e-9,0.065492306,0.0004786206,0.016125215,0.27898718,40.507274,159.87025,0.47482079,25.551278,0.000010464587,"PACK AGB"
"12021","12021","lait et produits laitiers","fromages","Brie de Meaux","Brie de Meaux cheese, from cow's milk","2",0,"Glacé","Pas de préparation",5,0.43568407,3.9901414,3.8237107e-8,0.47626787,0.0085350688,4.3616455e-7,7.3418049e-8,1.8677951e-9,0.06271142,0.00043372328,0.015432686,0.26763762,38.375441,149.41131,0.43828393,24.121767,0.0000098054008,"PACK AGB"
"12022","12022","lait et produits laitiers","fromages","Brie de Melun","Brie de Melun cheese, from cow's milk","2",0,"Glacé","Pas de préparation",5,0.44009101,4.0298324,3.8323972e-8,0.47551463,0.0086057284,4.4128625e-7,7.42726e-8,1.8871918e-9,0.063484137,0.0004337334,0.015598601,0.27101944,38.830307,151.27725,0.44308518,24.146741,0.0000098759965,"PACK AGB"
"7741","7741","produits céréaliers","pains et viennoiseries","Brioche, sans précision","Brioche","2",0,"Ambiant (court)","Pas de préparation",5,0.31432573999999996,2.6070211,2.7915285e-8,0.56304256,0.0069749671,2.787321e-7,4.5298531e-8,1.559487e-9,0.039277938,0.00031655242,0.012762016,0.16615884,36.985092,133.95392,0.66082206,24.986913,0.0000088344913,"PACK PROXY"
"7225","7225","produits céréaliers","pains et viennoiseries","Pain brioché ou viennois","Brioche or Vienna bread","2",0,"Ambiant (court)","Pas de préparation",5,0.20041632,1.6850519,2.0795756e-8,0.49829467,0.0045719185,1.6819988e-7,2.6904556e-8,9.589277e-10,0.023058192,0.00019996272,0.00831755,0.098340684,16.725918,84.858343,0.42567628,20.431256,0.000005190456,"PACK PROXY"
"7210","7210","produits céréaliers","pains et viennoiseries","Pain de mie brioché, préemballé","Brioche sandwich bread, prepacked","2",0,"Ambiant (court)","Pas de préparation",5,0.18973547999999998,1.5513318,2.030588e-8,0.49776467,0.0044587256,1.5404423e-7,2.4871708e-8,9.735734e-10,0.021000696,0.00020657187,0.0082844687,0.089395652,18.061323,86.35734,0.38295025,20.041511,0.0000051199906,"PACK PROXY"
"7737","7737","produits céréaliers","pains et viennoiseries","Brioche fourrée au chocolat","Brioche, filled with chocolate","2",0,"Ambiant (court)","Pas de préparation",5,0.39116428999999997,4.5775171,2.8200252e-8,0.5717012,0.009826583,2.7769466e-7,4.2926652e-8,2.3171552e-9,0.038083224,0.00051191367,0.017156792,0.16182239,36.691516,208.37123,0.6197243,28.652781,0.0000077406203,"PACK PROXY"
"7735","7735","produits céréaliers","pains et viennoiseries","Brioche aux pépites de chocolat","Brioche, filled with chocolate drops","2",0,"Ambiant (court)","Pas de préparation",5,0.28592609,3.4497936,2.174524e-8,0.51562287,0.0073112479,1.9296653e-7,2.8233803e-8,1.5936835e-9,0.025791646,0.00038253495,0.012126538,0.10916144,21.37745,145.05974,0.58054009,24.228702,0.0000056149852,"PACK PROXY"
"7739","7739","produits céréaliers","pains et viennoiseries","Brioche fourrée crème pâtissière (type ""chinois""), préemballée","Brioche, filled with custard (Chinese brioche type), prepacked","2",0,"Ambiant (court)","Pas de préparation",5,0.26109775,2.1763534,2.4200185e-8,0.53139427,0.0058230621,2.2985e-7,3.6051781e-8,1.2167922e-9,0.032003079,0.00024916035,0.010407008,0.13629124,28.405704,106.43783,0.64221277,22.759162,0.0000065554962,"PACK PROXY"
"7738","7738","produits céréaliers","pains et viennoiseries","Brioche fourrée aux fruits","Brioche, filled with fruits","2",0,"Ambiant (court)","Pas de préparation",5,0.39116428999999997,4.5775171,2.8200252e-8,0.5717012,0.009826583,2.7769466e-7,4.2926652e-8,2.3171552e-9,0.038083224,0.00051191367,0.017156792,0.16182239,36.691516,208.37123,0.6197243,28.652781,0.0000077406203,"PACK PROXY"
"7742","7742","produits céréaliers","pains et viennoiseries","Brioche, de boulangerie traditionnelle","Brioche, from bakery","2",0,"Ambiant (court)","Pas de préparation",5,0.39590254,3.0476361,0.0000016906485,0.58757545,0.0082758611,2.944056e-7,4.9274713e-8,1.6684241e-9,0.040673706,0.00039570724,0.013102469,0.16878801,38.179191,135.18595,0.68335008,31.716199,0.000050214148,"PACK PROXY"
"7740","7740","produits céréaliers","pains et viennoiseries","Brioche, préemballée","Brioche, prepacked","2",0,"Ambiant (court)","Pas de préparation",5,0.31432573999999996,2.6070211,2.7915285e-8,0.56304256,0.0069749671,2.787321e-7,4.5298531e-8,1.559487e-9,0.039277938,0.00031655242,0.012762016,0.16615884,36.985092,133.95392,0.66082206,24.986913,0.0000088344913,"PACK PROXY"
"7745","7745","produits céréaliers","pains et viennoiseries","Brioche pur beurre","Brioche, pure butter","2",0,"Ambiant (court)","Pas de préparation",5,0.31432573999999996,2.6070211,2.7915285e-8,0.56304256,0.0069749671,2.787321e-7,4.5298531e-8,1.559487e-9,0.039277938,0.00031655242,0.012762016,0.16615884,36.985092,133.95392,0.66082206,24.986913,0.0000088344913,"PACK PROXY"
"20500","20500","fruits, légumes, légumineuses et oléagineux","légumineuses","Fève, cuite","Broad bean, cooked","2",0,"Ambiant (long)","Micro-onde",5,0.091960643,0.64735102,1.5221338e-8,0.29260461,0.0017237432,3.5128378e-8,1.1293699e-8,1.9773826e-9,0.00282075,0.00023862691,0.0079313385,0.01069677,10.1555,121.48458,0.12678777,12.253873,0.0000047737819,"PACK AGB"
"20518","20518","fruits, légumes, légumineuses et oléagineux","légumineuses","Fève, sèche","Broad bean, dried","2",0,"Ambiant (long)","Pas de préparation",5,0.4361163,3.9359658,5.4327524e-8,0.40656787,0.018334894,1.0657302e-7,0.000001041376,3.6549263e-9,0.016740763,0.0012448634,0.070492428,0.064904646,45.516151,-1184.5572,0.34931498,32.710475,0.000020889615,"PACK AGB"
"20536","20536","fruits, légumes, légumineuses et oléagineux","légumineuses","Fève, fraîche, surgelée","Broad bean, fresh, frozen","2",0,"Congelé","Micro-onde",5,0.082682248,0.50748045,1.4305478e-8,0.34283117,0.001436328,2.7753583e-8,1.0418577e-8,8.4429584e-10,0.0025622573,0.0002005655,0.0079314877,0.010193673,9.8685146,120.31173,0.094196175,11.161881,0.0000046926891,"PACK AGB"
"20543","20543","fruits, légumes, légumineuses et oléagineux","légumineuses","Fève, surgelée, cuite à l'eau","Broad bean, frozen, water boiled","2",0,"Congelé","Micro-onde",5,0.10709105,0.70950494,2.0472488e-8,0.42561476,0.0018563862,3.3731884e-8,1.3060121e-8,1.0719942e-9,0.0032225711,0.00025036955,0.0099087343,0.012781751,12.296889,150.16014,0.11955181,15.212771,0.0000059623042,"PACK AGB"
"20541","20541","fruits, légumes, légumineuses et oléagineux","légumineuses","Fève, pelée, surgelée, crue","Broad bean, peeled, frozen, raw","2",0,"Congelé","Pas de préparation",5,0.21269004,1.3260334,3.5536479e-8,0.64879779,0.0036440634,7.3391653e-8,2.7403636e-8,2.4011486e-9,0.0068092466,0.00054071125,0.022893779,0.028236964,28.058507,349.34844,0.23726778,23.598988,0.000010831212,"PACK AGB"
"20517","20517","fruits, légumes, légumineuses et oléagineux","légumineuses","Fève à écosser, fraîche","Broad bean, to shell, fresh","2",0,"Ambiant (long)","Pas de préparation",5,0.15924029,0.99749618,2.322242e-8,0.31613961,0.0027244331,6.0889824e-8,2.1853508e-8,1.9552094e-9,0.005310371,0.00044360989,0.018172604,0.022052445,22.434114,283.63069,0.18684899,14.20285,0.0000078480801,"PACK AGB"
"20542","20542","fruits, légumes, légumineuses et oléagineux","légumineuses","Fève, pelée, surgelée, cuite à l'eau","Broad bean, without peal, frozen, water boiled","2",0,"Congelé","Micro-onde",5,0.10709105,0.70950494,2.0472488e-8,0.42561476,0.0018563862,3.3731884e-8,1.3060121e-8,1.0719942e-9,0.0032225711,0.00025036955,0.0099087343,0.012781751,12.296889,150.16014,0.11955181,15.212771,0.0000059623042,"PACK AGB"
"20006","20006","fruits, légumes, légumineuses et oléagineux","légumes","Brocoli, cuit","Broccoli, cooked","2",0,"Ambiant (moyen)","Cuisson à l'eau",5,0.15237033,1.6770922,4.5977227e-8,0.25391607,0.0059515975,6.5940641e-8,2.587239e-8,3.721089e-10,0.0065217596,0.00027725148,0.0069113681,0.022533998,7.305193,17.605169,1.2409069,24.555892,0.0000078999965,"PACK AGB"
"20205","20205","fruits, légumes, légumineuses et oléagineux","légumes","Brocoli, surgelé, cuit","Broccoli, frozen, cooked","2",0,"Congelé","Cuisson à l'eau",5,0.15882651,1.4760937,3.6172491e-8,0.77416949,0.004946953,5.7221239e-8,2.6176505e-8,3.3263869e-10,0.0060516793,0.00025549731,0.0071966493,0.020187533,7.8704721,14.241879,1.1986344,30.532386,0.000009713224,"PACK AGB"
"20204","20204","fruits, légumes, légumineuses et oléagineux","légumes","Brocoli, surgelé, cru","Broccoli, frozen, raw","2",0,"Congelé","Pas de préparation",5,0.12346697,1.1395335,2.6313315e-8,0.57347201,0.0039155352,4.6589386e-8,2.1355294e-8,2.5116614e-10,0.0049063248,0.00019823595,0.0060761054,0.01661519,6.442331,11.55072,0.99886574,22.480602,0.0000074127973,"PACK AGB"
"20259","20259","fruits, légumes, légumineuses et oléagineux","légumes","Brocoli, purée","Broccoli, puree","2",0,"Ambiant (moyen)","Micro-onde",5,0.14305855,1.5766301,7.4513607e-8,0.21559746,0.0056686546,6.2493092e-8,2.4434258e-8,3.8443919e-10,0.0061195246,0.0002495164,0.0065231046,0.020876039,6.6964676,15.746699,1.1885746,22.670401,0.0000079049279,"PACK AGB"
"20057","20057","fruits, légumes, légumineuses et oléagineux","légumes","Brocoli, cru","Broccoli, raw","2",0,"Ambiant (moyen)","Pas de préparation",5,0.09143976300000001,0.93879109,2.1852999e-8,0.10372335,0.0036106944,4.5676266e-8,2.009425e-8,2.0137853e-10,0.0046418642,0.00013217271,0.0061074644,0.017248403,4.9389641,10.502284,1.0042431,10.718451,0.0000046983614,"PACK AGB"
"25930","25930","entrées et plats composés","soupes","Bouillon de boeuf, déshydraté reconstitué","Broth, stock or bouillon, beef","2",0,"Ambiant (long)","Cuisson à l'eau",5,0.01206371,0.1124679,1.1739814e-9,0.076080523,0.00032108756,5.1163262e-9,1.3502915e-9,4.7808826e-11,0.00055992573,0.000028935198,0.00020883529,0.0016202539,0.56134469,2.0436218,0.049319925,2.2610552,0.000001004754,"PACK PROXY"
"25947","25947","entrées et plats composés","soupes","Bouillon de volaille, déshydraté reconstitué","Broth, stock or bouillon, poultry","2",0,"Ambiant (long)","Cuisson à l'eau",5,0.010008676000000001,0.087970897,1.0281604e-9,0.073902229,0.00024539501,4.3543701e-9,1.1507884e-9,4.5106861e-11,0.0003790653,0.000024042245,0.00014464211,0.00091308081,0.55379701,0.89433364,0.034848728,2.0896234,8.8890229e-7,"PACK PROXY"
"25948","25948","entrées et plats composés","soupes","Bouillon de légumes, déshydraté reconstitué","Broth, stock or bouillon, vegetables","2",0,"Ambiant (long)","Cuisson à l'eau",5,0.011145915000000001,0.087554189,1.07269e-9,0.089321146,0.00024348683,4.498704e-9,1.0746162e-9,4.782079e-10,0.00040041528,0.000022331875,0.0001681062,0.001011895,0.5317191,1.0924337,0.03362594,2.4058589,8.5921035e-7,"PACK PROXY"
"7010","7010","produits céréaliers","pains et viennoiseries","Pain, baguette ou boule, bis (à la farine T80 ou T110)","Brown bread, French bread (baguette or ball), with flour type 80 or 110","2",0,"Ambiant (court)","Pas de préparation",5,0.10574979,0.77694649,1.4086598e-8,0.46293346,0.0027530094,6.9404393e-8,1.2191644e-8,6.2953345e-10,0.008328192,0.00016216401,0.0054321877,0.034769856,9.0945351,57.230152,0.17543965,16.135091,0.0000035129857,"PACK PROXY"
"27017","27017","viandes, œufs, poissons","poissons crus","Pangasius ou Poisson-chat, cru","Brown bullhead, raw","2",0,"Glacé","Pas de préparation",5,1.9980886,12.822659,0.0000015610333,1.5136074,0.062680032,7.4794584e-7,2.7538534e-7,5.5437332e-9,0.068529816,0.0012351703,0.56058275,0.24958185,114.99832,369.98448,2.6279663,177.58084,0.00005705798,"PACK PROXY"
"26107","26107","viandes, œufs, poissons","poissons crus","Corb, cru","Brown meagre, raw","2",0,"Glacé","Pas de préparation",5,0.8406778899999999,4.7571689,0.0000015796852,0.25965509,0.069608091,7.2894242e-7,8.141288e-8,2.3194108e-9,0.094036502,0.00071488886,0.022586923,0.2441613,14.931256,12.327168,0.40636961,65.167452,0.0001701467,"PACK PROXY"
"23032","23032","produits céréaliers","gâteaux et pâtisseries","Brownie au chocolat","Brownie (chocolate cake)","2",0,"Ambiant (long)","Pas de préparation",5,0.60396351,7.9978797,6.9388628e-8,0.66230785,0.017328343,3.187811e-7,4.9879574e-8,3.3427494e-9,0.042078799,0.00091469799,0.022625661,0.17249377,55.511309,333.50964,2.3455932,55.635736,0.000017220294,"PACK PROXY"
"20077","20077","fruits, légumes, légumineuses et oléagineux","légumes","Chou de Bruxelles, appertisé, égoutté","Brussels sprout, canned, drained","2",0,"Ambiant (long)","Micro-onde",5,0.23981285,1.583184,4.7851598e-8,0.45012448,0.0057267096,2.0328153e-7,2.3271286e-7,5.4889869e-9,0.025037344,0.00028694161,0.0059547359,0.10663648,7.9123441,45.01107,0.2557747,24.929914,0.0000065365637,"PACK AGB"
"20013","20013","fruits, légumes, légumineuses et oléagineux","légumes","Chou de Bruxelles, cuit","Brussels sprout, cooked","2",0,"Ambiant (moyen)","Cuisson à l'eau",5,0.27014209,1.6856982,4.9266942e-8,0.4083179,0.0063548292,2.2866553e-7,2.9970164e-7,2.3329573e-9,0.031375335,0.0002131562,0.0070423625,0.13580681,7.5097606,55.458169,0.28035559,26.058175,0.0000079474805,"PACK AGB"
"20207","20207","fruits, légumes, légumineuses et oléagineux","légumes","Chou de Bruxelles, surgelé, cuit","Brussels sprout, frozen, cooked","2",0,"Congelé","Cuisson à l'eau",5,0.25759412,1.3851358,3.9092073e-8,0.94008392,0.0050510749,2.0118704e-7,2.6983507e-7,2.0864355e-9,0.02786959,0.00018507216,0.0064486937,0.11996934,7.0769655,47.059494,0.21948944,32.123602,0.0000096651568,"PACK AGB"
"20206","20206","fruits, légumes, légumineuses et oléagineux","légumes","Chou de Bruxelles, surgelé, cru","Brussels sprout, frozen, raw","2",0,"Congelé","Pas de préparation",5,0.20801901,1.0616671,2.8812684e-8,0.71550647,0.0040046709,1.6983427e-7,2.2994421e-7,1.7525399e-9,0.023583995,0.00013794706,0.0054358027,0.10203546,5.7630334,39.644914,0.16064862,23.842795,0.0000073716483,"PACK AGB"
"20058","20058","fruits, légumes, légumineuses et oléagineux","légumes","Chou de Bruxelles, cru","Brussels sprout, raw","2",0,"Ambiant (moyen)","Pas de préparation",5,0.1795062,0.80930224,2.2019019e-8,0.22212716,0.0035101315,1.7808462e-7,2.4971015e-7,1.8388705e-9,0.025146744,0.00006064263,0.0054637933,0.11117335,4.4578021,41.310452,0.069818891,10.70537,0.0000041751178,"PACK AGB"
"23801","23801","produits céréaliers","gâteaux et pâtisseries","Galette de sarrasin, nature, préemballée","Buckwheat crepe, plain, prepacked","2",0,"Ambiant (long)","Pas de préparation",5,0.096387386,0.82437806,1.5313397e-8,0.50618347,0.0026027456,5.1006021e-8,1.0152516e-8,5.1068623e-10,0.0053937058,0.00014484847,0.0041953168,0.02202569,3.4442198,47.908425,0.18004235,18.62202,0.0000034334501,"PACK PROXY"
"9540","9540","produits céréaliers","farines et pâtes à tarte","Farine de sarrasin","Buckwheat flour","2",0,"Ambiant (long)","Pas de préparation",5,0.13573527999999999,1.1674311,1.5007048e-8,0.18692526,0.0036025735,9.5545882e-8,1.2076918e-8,1.2085417e-9,0.011199471,0.00025309442,0.0094370038,0.048948732,7.7953993,131.9886,0.15136197,11.707057,0.0000051649533,"PACK PROXY"
"9380","9380","produits céréaliers","pâtes, riz et céréales","Sarrasin entier, cru","Buckwheat, whole, raw","2",0,"Ambiant (long)","Pas de préparation",5,0.1050904,0.91394651,1.1869879e-8,0.08218293,0.0026596923,7.2988595e-8,9.2858747e-9,9.9957773e-10,0.0090904046,0.0002059091,0.007776123,0.040042864,6.3254388,110.21057,0.12917279,7.5855924,0.0000038438669,"PACK AGB"
"11196","11196","aides culinaires et ingrédients divers","sauces","Sauce burger, préemballée","Burger sauce, prepacked","2",0,"Glacé","Pas de préparation",5,0.47255757000000004,2.9735248,9.7250093e-7,0.88620217,0.011945544,2.7045118e-7,7.8470459e-8,2.5723198e-9,0.03596515,0.00075995587,0.020016261,0.14719988,79.39858,398.01083,4.5129473,43.160657,0.000033823305,"PACK PROXY"
"6260","6260","viandes, œufs, poissons","autres produits à base de viande","Haché à base de bœuf ou Préparation de viande hachée de boeuf, 15% MG, cru","Burger, beef based, 15% fat, raw","2",0,"Glacé","Pas de préparation",5,2.6230701,17.091221,8.7485441e-8,1.164666,0.026585866,0.0000015418581,0.0000061481179,3.3493641e-8,0.22423091,0.0012536851,0.073265625,0.98191939,101.00484,2048.1297,2.1521521,61.807967,0.000027438704,"PACK AGB"
"25033","25033","entrées et plats composés","plats composés","Boeuf bourguignon","Burgundy-style beef stew","2",0,"Glacé","Micro-onde",5,3.7385457,24.189334,1.285491e-7,1.1363652,0.035360894,0.0000022049347,0.0000090263893,4.9247977e-8,0.31995872,0.0016951844,0.10274825,1.4047943,137.31472,2976.2198,2.6151561,71.081926,0.000037154086,"PACK AGB"
"11120","11120","aides culinaires et ingrédients divers","sauces","Sauce bourguignonne, préemballée","Burgundy-style sauce, prepacked","2",0,"Glacé","Pas de préparation",5,0.32734315,2.3160407,9.3794552e-7,0.96075629,0.007268004,1.9774936e-7,5.3836485e-8,5.8488077e-9,0.024160116,0.00036354913,0.010300976,0.099074787,58.545632,139.5521,0.50759872,39.935395,0.000032985949,"PACK PROXY"
"25459","25459","entrées et plats composés","pizzas, tartes et crêpes salées","Burritos","Burritos","2",0,"Glacé","Four",5,1.3616738,8.9268907,6.7935704e-8,1.3889531,0.016854891,7.9040289e-7,0.0000028165753,1.8290669e-8,0.11205213,0.00084177119,0.037764795,0.4822491,67.324601,951.9838,2.5377498,58.810493,0.000021189973,"PACK PROXY"
"20063","20063","fruits, légumes, légumineuses et oléagineux","légumes","Haricot beurre, appertisé, égoutté","Butter bean or yellow bean, canned, drained","2",0,"Ambiant (long)","Micro-onde",5,-0.000072486893,1.8991752,6.0534854e-8,0.35731429,0.0085419343,8.6601986e-8,0.0000016284547,8.9919779e-9,0.0079586173,0.00045227943,0.0054940626,0.027327327,85.919531,-4468.3333,0.29432824,27.272001,0.0000098730829,"PACK AGB"
"20203","20203","fruits, légumes, légumineuses et oléagineux","légumes","Haricot beurre, surgelé, cru","Butter bean or yellow bean, frozen, raw","2",0,"Congelé","Pas de préparation",5,-0.050249095,1.1711023,3.3221295e-8,0.57543252,0.0061224622,4.2171102e-8,0.000001623985,4.4658409e-9,0.0058979681,0.00025282243,0.0047394292,0.020953816,82.941164,-4475.4519,0.15760594,22.644057,0.000010043745,"PACK AGB"
"20195","20195","fruits, légumes, légumineuses et oléagineux","légumes","Haricot beurre, cru","Butter bean or yellow bean, raw","2",0,"Ambiant (moyen)","Pas de préparation",5,-0.10140381,0.97086512,2.9401453e-8,0.094311477,0.006041348,4.0655383e-8,0.0000017918469,4.85935e-9,0.0057223651,0.00019136381,0.0046249064,0.022018325,89.497906,-4950.2674,0.073344685,10.628606,0.0000075115438999999996,"PACK AGB"
"24015","24015","produits céréaliers","céréales de petit-déjeuner et biscuits","Biscuit sec petit beurre","Butter biscuit (cookie)","2",0,"Ambiant (long)","Pas de préparation",5,0.25734661,2.202214,2.7910698e-8,0.56930445,0.0058968685,2.1765761e-7,3.1526329e-8,1.1301346e-9,0.029933478,0.00024974342,0.010041982,0.1273168,20.487973,99.467303,0.72603768,26.205036,0.0000070900473,"PACK PROXY"
"24017","24017","produits céréaliers","céréales de petit-déjeuner et biscuits","Biscuit sec petit beurre au chocolat","Butter biscuit (cookie), with chocolate","2",0,"Ambiant (long)","Pas de préparation",5,0.45899974,7.1551284,3.4729518e-8,0.59187444,0.013818507,1.9006984e-7,3.0613485e-8,3.5566905e-9,0.023202213,0.00084180013,0.021414087,0.095743223,39.26732,307.64845,0.89793201,36.635211,0.0000077145493,"PACK PROXY"
"16401","16401","matières grasses","beurres","Huile de beurre ou Beurre concentré","Butter oil or concentrated butter","2",0,"Glacé","Pas de préparation",5,0.69186824,6.3334247,5.1813296e-8,0.51674585,0.012799654,7.2815265e-7,1.216849e-7,3.0536262e-9,0.10573431,0.00040539457,0.024347971,0.45543662,63.780454,252.79899,0.72035635,29.235333,0.000014333019,"PACK AGB"
"16411","16411","matières grasses","beurres","Beurre à 60-62% MG, à teneur réduite en matière grasse, demi-sel","Butter, 60-62% fat, light, lightly salted","2",0,"Glacé","Pas de préparation",5,0.52641655,4.8132101,4.6492385e-8,0.47146429,0.010250589,5.4179299e-7,9.0870167e-8,2.309664e-9,0.07804301,0.00033305811,0.017995543,0.33501374,47.326586,186.43327,0.57155178,26.909411,0.000011775524,"PACK AGB"
"16410","16410","matières grasses","beurres","Beurre à 60-62% MG, à teneur réduite en matière grasse, doux","Butter, 60-62% fat, light, unsalted","2",0,"Glacé","Pas de préparation",5,0.5326915200000001,4.8714566,4.6756582e-8,0.47294914,0.010349411,5.4903493e-7,9.2018034e-8,2.3378485e-9,0.079133731,0.00033357864,0.018245795,0.33981587,47.952753,189.08618,0.5761023,27.0245,0.000011746517,"PACK AGB"
"16402","16402","matières grasses","beurres","Beurre à 80% MG, demi-sel","Butter, 80% fat, lightly salted","2",0,"Glacé","Pas de préparation",5,0.68037611,6.2270711,5.131795e-8,0.51526097,0.012609741,7.1508705e-7,1.1957735e-7,3.0022525e-9,0.10378056,0.00040250846,0.023900035,0.44689152,62.64016,248.08401,0.71063883,29.019476,0.000014280744,"PACK AGB"
"16403","16403","matières grasses","beurres","Beurre à 80% MG, salé","Butter, 80% fat, salted","2",0,"Glacé","Pas de préparation",5,0.6741092799999999,6.1692309,5.1048227e-8,0.51368604,0.012507758,7.0796993e-7,1.1843176e-7,2.974298e-9,0.10271438,0.00040118045,0.023655558,0.4422218,62.020559,245.50642,0.70553985,28.890196,0.000014263433,"PACK AGB"
"16400","16400","matières grasses","beurres","Beurre à 82% MG, doux","Butter, 82% fat, unsalted","2",0,"Glacé","Pas de préparation",5,0.69196676,6.3338158,5.1820926e-8,0.5182384,0.012800669,7.2816929e-7,1.2169558e-7,3.0538191e-9,0.10573624,0.00040553178,0.024348376,0.45543971,63.782085,252.80087,0.72045855,29.268645,0.000014345237,"PACK AGB"
"16404","16404","matières grasses","beurres","Beurre à 82% MG, doux, tendre","Butter, 82% fat, unsalted, easy-to-spread","2",0,"Glacé","Pas de préparation",5,0.69196676,6.3338158,5.1820926e-8,0.5182384,0.012800669,7.2816929e-7,1.2169558e-7,3.0538191e-9,0.10573624,0.00040553178,0.024348376,0.45543971,63.782085,252.80087,0.72045855,29.268645,0.000014345237,"PACK AGB"
"16415","16415","matières grasses","beurres","Beurre à 39-41% MG, léger, doux","Butter, light, 39-41% fat, unsalted","2",0,"Glacé","Pas de préparation",5,0.37745354,3.4432992,4.2596039e-8,0.42857569,0.0080718052,3.7290638e-7,6.2872657e-8,1.634606e-9,0.052952118,0.0002645431,0.012238253,0.22587723,32.40495,126.29833,0.4397133,25.481786,0.0000092862486,"PACK AGB"
"23122","23122","produits céréaliers","gâteaux et pâtisseries","Kouign Amann","Buttered and caramelized milk bread cake","2",0,"Ambiant (long)","Pas de préparation",5,0.28535616,2.0808648,0.0000017786807,0.57797456,0.00590344,1.8480319e-7,2.4990295e-8,8.7597449e-10,0.02417352,0.00028324119,0.0079090351,0.099073693,15.68098,70.278365,0.82697121,29.303035,0.000049314276,"PACK PROXY"
"8601","8601","entrées et plats composés","plats composés","Tripes à la mode de Caen","Caen-style tripe","2",0,"Glacé","Micro-onde",5,3.2827074,22.105371,1.4438389e-7,1.2225844,0.033897251,0.0000019862641,0.0000073615747,4.1738746e-8,0.28784783,0.0016128337,0.093450166,1.2575587,137.52815,2548.9989,2.5056015,77.229557,0.000036799295,"PACK AGB"
"8602","8602","entrées et plats composés","plats composés","Tripes à la mode de Caen, préemballées","Caen-style tripe, prepacked","2",0,"Glacé","Micro-onde",5,3.2827074,22.105371,1.4438389e-7,1.2225844,0.033897251,0.0000019862641,0.0000073615747,4.1738746e-8,0.28784783,0.0016128337,0.093450166,1.2575587,137.52815,2548.9989,2.5056015,77.229557,0.000036799295,"PACK AGB"
"25628","25628","entrées et plats composés","salades composées et crudités","Salade César au poulet (salade verte, fromage, croûtos, sauce)","Caesar's salad (salad, chicken, croûtons, sauce)","2",0,"Glacé","Pas de préparation",5,0.48922321,3.9714848,0.0000020085219,0.60572811,0.01319696,3.2360439e-7,5.6775444e-8,1.9343046e-9,0.041054135,0.00073293305,0.012755995,0.16373274,61.914148,122.01224,1.4999697,50.589458,0.000061777359,"PACK AGB"
"6580","6580","viandes, œufs, poissons","viandes crues","Veau, pied, cru","Calf, foot, raw","2",0,"Glacé","Pas de préparation",5,1.1053775,11.278362,1.6398211e-7,1.1154964,0.023694591,9.1883605e-7,1.4753579e-7,6.2028672e-9,0.12638525,0.0010713731,0.042123992,0.53247438,104.07836,538.88207,1.7927161,88.22851,0.000028492565,"PACK AGB"
"6582","6582","viandes, œufs, poissons","viandes cuites","Veau, tête, bouillie/cuite à l'eau","Calf, head, boiled/cooked in water","2",0,"Glacé","Cuisson à l'eau",5,1.4227925,14.483371,2.1594671e-7,1.6566657,0.030421257,0.0000011643964,1.8847333e-7,7.903985e-9,0.16015844,0.0013832255,0.053334092,0.67375604,131.85255,681.12741,2.2858159,120.00795,0.000038202237,"PACK AGB"
"12001","12001","lait et produits laitiers","fromages","Camembert, sans précision","Camembert cheese, from cow's milk","2",0,"Glacé","Pas de préparation",5,0.45610614,4.1868181,4.3569312e-8,0.49212906,0.0090872872,4.5526605e-7,7.6900794e-8,1.9978092e-9,0.065034064,0.00047861459,0.016026823,0.27698166,40.237526,158.7637,0.47197351,25.536468,0.000010422722,"PACK AGB"
"12006","12006","lait et produits laitiers","fromages","Camembert au lait cru","Camembert cheese, from cow's milk, from raw milk","2",0,"Glacé","Pas de préparation",5,0.45610614,4.1868181,4.3569312e-8,0.49212906,0.0090872872,4.5526605e-7,7.6900794e-8,1.9978092e-9,0.065034064,0.00047861459,0.016026823,0.27698166,40.237526,158.7637,0.47197351,25.536468,0.000010422722,"PACK AGB"
"25523","25523","entrées et plats composés","sandwichs","Toasts ou Canapés salés, garnitures diverses","Canapés (toasts w various toppings)","2",0,"Glacé","Pas de préparation",5,0.19069276000000002,1.6360585,3.2697066e-8,0.636726,0.0048826134,1.3320989e-7,2.4545732e-8,8.8405667e-10,0.017941969,0.00023907332,0.0070396508,0.073681924,14.852258,72.165346,0.42663475,25.50221,0.0000075677354,"PACK PROXY"
"31003","31003","produits sucrés","confiseries non chocolatées","Bonbons, tout type","Candies, all types","2",0,"Ambiant (long)","Pas de préparation",5,0.21147481999999998,1.4268121,7.2415037e-7,0.50223183,0.0045658101,9.7562044e-8,1.4423006e-8,7.2981747e-10,0.011603495,0.00045431267,0.0065159992,0.043778637,38.626143,57.653817,2.3413601,24.285339,0.000029351973,"PACK PROXY"
"31050","31050","produits sucrés","confiseries non chocolatées","Guimauve ou marshmallow","Candies, marshmallows","2",0,"Ambiant (long)","Pas de préparation",5,0.20650889,1.5145581,7.2546845e-7,0.24350257,0.0047062793,1.0287544e-7,1.2803767e-8,7.8414454e-10,0.011816575,0.00045562744,0.0058598517,0.044343243,42.072058,56.684619,2.2784385,19.929977,0.000029723688,"PACK PROXY"
"31067","31067","produits sucrés","sucres, miels et assimilés","Mélasse de canne","Cane molasses","2",0,"Ambiant (long)","Pas de préparation",5,0.12264922999999998,0.51140465,3.4162405e-8,0.077941336,0.0050103022,6.5918144e-8,4.2709269e-8,5.7671909e-10,0.0069938605,0.00013038665,0.0021942046,0.024303469,145.60264,15.583707,0.40718099,7.7568131,0.0000021710908,"PACK PROXY"
"23022","23022","produits céréaliers","gâteaux et pâtisseries","Canelé","Canelé cake","2",0,"Ambiant (long)","Pas de préparation",5,0.28620498,2.0520734,0.0000017779153,0.57870345,0.0060207823,1.8462672e-7,2.5371956e-8,8.9082411e-10,0.024163739,0.00028987336,0.0079111074,0.098578781,20.65917,70.73927,0.81255048,29.168202,0.000049319364,"PACK PROXY"
"12722","12722","lait et produits laitiers","fromages","Cantal entre-deux","Cantal cheese, half matured, from cow's milk","2",0,"Glacé","Pas de préparation",5,0.52460143,4.8797395,4.7809523e-8,0.58205252,0.010781737,5.3157066e-7,8.461943e-8,2.2244099e-9,0.072861989,0.00049411932,0.01775296,0.30977697,43.753425,173.37624,0.65290286,32.520415,0.000011993781,"PACK AGB"
"12723","12723","lait et produits laitiers","fromages","Cantal, Salers ou Laguiole","Cantal, Salers or Laguiole cheese, from cow's milk","2",0,"Glacé","Pas de préparation",5,0.53063657,4.9341343,4.7828238e-8,0.57909866,0.010871785,5.3847432e-7,8.5849903e-8,2.2510156e-9,0.073977544,0.00049337944,0.017990666,0.31467626,44.418978,176.04316,0.65857821,32.47267,0.000012091277,"PACK AGB"
"25088","25088","entrées et plats composés","plats composés","Riz cantonais","Cantonese rice","2",0,"Glacé","Micro-onde",5,0.43906193,3.0254402,0.0000015133373,0.94911783,0.0098602864,2.2634922e-7,1.6296946e-7,3.4708594e-9,0.029416785,0.00061266411,0.014225476,0.11616086,53.762396,142.45163,4.40493,45.818171,0.000046922695,"PACK AGB"
"26108","26108","viandes, œufs, poissons","poissons crus","Capelan, cru","Capelin, raw","2",0,"Glacé","Pas de préparation",5,1.5620645,9.4899756,0.0000016943765,0.25112575,0.18997509,0.0000019621315,3.6619336e-8,4.1881834e-9,0.25454639,0.00035922784,0.062495765,0.68239954,8.4537606,11.955942,0.26181055,126.71945,0.00005747009,"PACK PROXY"
"36050","36050","viandes, œufs, poissons","viandes crues","Chapon, viande et peau, cru","Capon, meat and skin, raw","2",0,"Glacé","Pas de préparation",5,0.72606262,5.2216635,9.1046647e-8,0.55196777,0.021682987,7.0883702e-7,7.5549582e-8,3.7773022e-9,0.0965738,0.00080781333,0.026264788,0.40261544,142.6097,215.01525,1.4472833,55.840099,0.000024331083,"PACK AGB"
"36051","36051","viandes, œufs, poissons","viandes cuites","Chapon, viande et peau, rôti/cuit au four","Capon, meat and skin, roasted/baked","2",0,"Glacé","Four",5,0.99387483,7.0007814,1.2305719e-7,1.2478598,0.029050493,9.4412658e-7,1.0367957e-7,5.066291e-9,0.12851504,0.0011162201,0.034897283,0.53406334,189.32327,285.30159,1.951294,85.416682,0.00003644087,"PACK AGB"
"13054","13054","fruits, légumes, légumineuses et oléagineux","fruits","Carambole, pulpe, crue","Carambola, pulp, raw","2",0,"Ambiant (moyen)","Pas de préparation",5,0.15147971,0.64035031,2.5551597e-8,0.05763228,0.0032380597,5.5921332e-8,9.3698099e-9,1.7630821e-10,0.0047497894,0.00010406266,0.0027028429,0.016014699,3.3950956,22.72772,11.824243,7.4083471,0.0000033792618,"PACK AGB"
"39213","39213","lait et produits laitiers","produits laitiers frais et assimilés","Crème brûlée, rayon frais","Caramelized custard cream (crème brûlée), refrigerated","2",0,"Glacé","Pas de préparation",5,0.30878835,2.6577757,5.9858835e-8,0.71081192,0.0069697669,2.587133e-7,4.8329836e-8,1.6371189e-9,0.035118666,0.00032290475,0.0099801567,0.1471365,40.150474,98.935586,0.87709319,30.928343,0.0000084906315,"PACK AGB"
"11064","11064","aides culinaires et ingrédients divers","épices","Carvi, graine","Caraway, seed","2",0,"Ambiant (long)","Pas de préparation",5,0.9820976600000001,7.3826548,1.3503411e-7,0.42205305,0.035142969,4.8182725e-7,1.0433447e-7,1.9225087e-9,0.058706392,0.0016621863,0.054697327,0.20687223,74.465467,621.88341,18.299634,79.564679,0.000081200152,"PACK PROXY"
"11128","11128","aides culinaires et ingrédients divers","sauces","Sauce carbonara, préemballée","Carbonara sauce (cream sauce with lardoons), prepacked","2",0,"Glacé","Micro-onde",5,0.68023672,5.489191,9.5324614e-7,1.2577567,0.013588723,5.960877e-7,8.5230901e-8,2.9913307e-9,0.083453309,0.0006800183,0.022418575,0.3520319,99.266937,243.56198,1.0135401,53.452128,0.000036811314,"PACK PROXY"
"25135","25135","entrées et plats composés","plats composés","Pâtes à la carbonara (spaghetti, tagliatelles…)","Carbonara-style pasta (spaghetti, tagliatelle…)","2",0,"Glacé","Micro-onde",5,0.43467936,3.5193037,0.0000014689916,0.8615212,0.010631832,2.793109e-7,5.2455419e-8,2.636525e-9,0.036992153,0.00066833115,0.01372067,0.14775866,35.588767,153.08297,1.1561185,47.925013,0.000048722489,"PACK AGB"
"11075","11075","aides culinaires et ingrédients divers","épices","Cardamome, poudre","Cardamom, powder","2",0,"Ambiant (long)","Pas de préparation",5,0.98208544,7.3171734,1.3707159e-7,0.41764532,0.036560134,4.8613969e-7,1.0376903e-7,1.9281195e-9,0.060292499,0.0014850748,0.055107286,0.21174797,74.180673,621.96515,18.284311,79.010843,0.000081380334,"PACK PROXY"
"20241","20241","fruits, légumes, légumineuses et oléagineux","légumes","Cardon, cuit","Cardoon, cooked","2",0,"Ambiant (moyen)","Cuisson à l'eau",5,0.16223952000000003,1.6545162,5.7722405e-8,0.45213531,0.0053654006,6.8048479e-8,2.2369513e-8,6.2748528e-10,0.0068007845,0.00028806344,0.0050320216,0.023860375,15.897179,65.198223,0.53143919,28.796341,0.000010487416,"PACK AGB"
"20054","20054","fruits, légumes, légumineuses et oléagineux","légumes","Cardon, cru","Cardoon, raw","2",0,"Ambiant (moyen)","Pas de préparation",5,0.080485376,0.73019837,2.6802571e-8,0.19773339,0.0024391723,3.9878745e-8,1.3961237e-8,3.7375152e-10,0.0041204397,0.00010697245,0.0037456845,0.015871571,11.453988,49.299783,0.26080677,10.663096,0.0000056724432,"PACK AGB"
"25433","25433","viandes, œufs, poissons","produits à base de poissons et produits de la mer","Accra de poisson","Caribbean-style fish fritters, fish acras","2",0,"Glacé","Four",5,0.9815659600000001,6.0131575,0.0000018939546,1.1847841,0.097047965,0.0000010459276,3.8842362e-8,1.1455574e-8,0.13489831,0.00044026790000000003,0.035745091,0.37338546,20.117214,58.051846,0.50038862,97.520503,0.000063426914,"PACK PROXY"
"27003","27003","viandes, œufs, poissons","poissons crus","Carpe, crue, élevage","Carp, raw, farmed","2",0,"Glacé","Pas de préparation",5,1.3912301,6.1637887,0.0000015637809,1.7664622,0.027860213,3.3249018e-7,6.5895073e-8,2.8068557e-9,0.037442718,0.021197659,0.10136837,0.12879571,100.73621,109.0537,36.396785,98.401224,0.000057816697,"PACK PROXY"
"27004","27004","viandes, œufs, poissons","poissons cuits","Carpe, rôtie/cuite au four","Carp, roasted/baked","2",0,"Glacé","Four",5,1.7314349999999998,7.614322,0.0000019119905,2.6740792,0.034363977,4.1170841e-7,8.4123462e-8,3.4929681e-9,0.046383628,0.025930352,0.12390278,0.15831992,123.53135,133.81027,44.477865,131.64526,0.000074827223,"PACK PROXY"
"20996","20996","aides culinaires et ingrédients divers","algues","Lichen de mer ou pioca ou goémon rouge (Chondrus crispus), séché ou déshydraté","Carragheen mosses (Chondrus crispus), dried or dehydrated","2",0,"Ambiant (long)","Pas de préparation",5,1.5199106,11.997799,3.4245099e-7,10.916084,0.053612038,8.2793619e-7,8.105209e-8,7.2588381e-9,0.10413826,0.0025048177,0.013751618,0.12951886,39.754891,31.710309,4.1626904,392.11548,0.000076152516,"PACK PROXY"
"12025","12025","lait et produits laitiers","fromages","Carré de l'Est","Carré de l'Est cheese, from cow's milk","2",0,"Glacé","Pas de préparation",5,0.43368668,3.9759631,3.8186693e-8,0.48166254,0.0085528671,4.325425e-7,7.2850238e-8,1.8805303e-9,0.062040703,0.00044362749,0.015341175,0.26444083,38.184364,147.8547,0.44159545,24.454838,0.0000098674437,"PACK AGB"
"2006","2006","boissons","boissons sans alcool","Jus de carotte, pur jus","Carrot juice, pure juice","2",0,"Ambiant (long)","Pas de préparation",5,0.067687703,0.512767,5.1880378e-7,0.14044007,0.0016704813,2.7380841e-8,5.333172e-9,2.3424806e-10,0.0023110753,0.000095350797,0.0014536905,0.0072621964,4.0864656,14.521213,0.5155261,8.9289008,0.000015136012,"PACK PROXY"
"20007","20007","fruits, légumes, légumineuses et oléagineux","légumes","Carotte, appertisée, égouttée","Carrot, canned, drained","2",0,"Ambiant (long)","Micro-onde",5,0.11806173,1.3082738,4.8018826e-8,0.32931539,0.0040735069,6.2505053e-8,1.0462983e-8,3.9774744e-9,0.0039336177,0.00029385668,0.0021752384,0.01201365,6.5591615,16.599195,0.49827506,22.380011,0.0000046703772,"PACK AGB"
"20008","20008","fruits, légumes, légumineuses et oléagineux","légumes","Carotte, cuite","Carrot, cooked","2",0,"Ambiant (moyen)","Cuisson à l'eau",5,0.11445472999999999,1.3811833,4.7988774e-8,0.21562034,0.004435974,5.1223779e-8,1.1056573e-8,3.9180173e-10,0.0040889453,0.00024325245,0.0021328927,0.013216477,6.0124268,20.815705,0.66463712,21.544286,0.0000058985614,"PACK AGB"
"20209","20209","fruits, légumes, légumineuses et oléagineux","légumes","Carotte, surgelée, cuite","Carrot, frozen, cooked","2",0,"Congelé","Cuisson à l'eau",5,0.10552568,0.91931341,3.2987149e-8,0.77027768,0.0028445983,3.5798614e-8,9.8621713e-9,3.0118711e-10,0.0030588601,0.0001808168,0.0018027733,0.008875839,4.9320727,13.805158,0.49590891,26.260533,0.0000073792286,"PACK AGB"
"20208","20208","fruits, légumes, légumineuses et oléagineux","légumes","Carotte, surgelée, crue","Carrot, frozen, raw","2",0,"Congelé","Pas de préparation",5,0.077837704,0.66289028,2.3586438e-8,0.57014034,0.0021157713,2.8250107e-8,7.3890737e-9,2.2424137e-10,0.0023442605,0.00013430417,0.0014585671,0.0069315822,3.9268538,11.176856,0.39728318,18.823595,0.0000054147325,"PACK AGB"
"20009","20009","fruits, légumes, légumineuses et oléagineux","légumes","Carotte, crue","Carrot, raw","2",0,"Ambiant (moyen)","Pas de préparation",5,0.036031619,0.40540258,1.6431837e-8,0.039989516,0.0014350408,2.2615503e-8,3.6972861e-9,1.4918836e-10,0.0016152252,0.000057633657,0.0010780266,0.0059336212,2.5021444,9.974141,0.33093478,4.8767533,0.0000018902035,"PACK AGB"
"20261","20261","fruits, légumes, légumineuses et oléagineux","légumes","Carotte, purée","Carrots, puree","2",0,"Ambiant (moyen)","Micro-onde",5,0.090675653,1.0159,6.7155495e-8,0.21091251,0.0034953194,4.1017022e-8,8.2452702e-9,3.4141131e-10,0.0032416992,0.00017332501,0.0015925545,0.010046216,4.3918171,16.460747,0.55972084,17.858248,0.0000056067695,"PACK AGB"
"15019","15019","fruits, légumes, légumineuses et oléagineux","fruits à coque et graines oléagineuses","Noix de cajou, grillée, salée","Cashew nut, grilled, salted","2",0,"Ambiant (long)","Pas de préparation",5,0.6277730100000001,2.9617343,3.7166113e-8,0.12101451,0.010672863,3.7830361e-7,-1.3999802e-7,1.9232628e-10,0.053171723,0.0031280899,0.031593501,0.22146869,79.382703,314.95927,25.034489,19.25858,0.000015252955,"PACK PROXY"
"54034","54034","fruits, légumes, légumineuses et oléagineux","pommes de terre et autres tubercules","Manioc, racine cuite","Cassava or manioc, roots, cooked","2",0,"Ambiant (moyen)","Cuisson à l'eau",5,0.12659883,0.80712741,4.5524808e-8,0.16751509,0.0055531083,5.1456652e-8,2.3544293e-8,3.0453255e-10,0.0086919243,0.00049906999,0.0054078189,0.027458292,38.755386,25.883096,1.9285679,12.681017,0.0000046794779,"PACK AGB"
"54031","54031","fruits, légumes, légumineuses et oléagineux","pommes de terre et autres tubercules","Manioc, racine crue","Cassava or manioc, roots, raw","2",0,"Ambiant (moyen)","Pas de préparation",5,0.079987537,0.49590822,2.8866853e-8,0.037693213,0.0037152541,3.4667308e-8,1.5781114e-8,1.9171013e-10,0.0058895174,0.00033892596,0.0037266762,0.01876488,26.854845,17.882682,1.3343639,6.1015099,0.0000025519544,"PACK AGB"
"25101","25101","entrées et plats composés","plats composés","Gratin de chou-fleur","Cauliflower au gratin (oven grilled)","2",0,"Glacé","Micro-onde",5,0.30480289,2.0966679,4.8633447e-8,0.87224102,0.0065540647,2.4749682e-7,2.3902892e-7,2.116366e-9,0.033940283,0.00025581323,0.0085077226,0.14494723,12.441299,67.709126,0.32004927,35.0975,0.0000088777548,"PACK AGB"
"20017","20017","fruits, légumes, légumineuses et oléagineux","légumes","Chou-fleur, cuit","Cauliflower, cooked","2",0,"Ambiant (moyen)","Cuisson à l'eau",5,0.27557405,1.7607642,4.9981259e-8,0.44097434,0.0064543518,2.3093048e-7,3.0059826e-7,2.350521e-9,0.031424911,0.00022651277,0.0071068603,0.13595398,7.8163765,55.718473,0.28625367,27.111357,0.0000082894874,"PACK AGB"
"20122","20122","fruits, légumes, légumineuses et oléagineux","légumes","Chou-fleur, surgelé, cuit","Cauliflower, frozen, cooked","2",0,"Congelé","Cuisson à l'eau",5,0.28418627999999996,1.5612298,4.0246593e-8,0.96450124,0.0054585054,2.2509837e-7,3.0571003e-7,2.3456726e-9,0.031390631,0.00020387068,0.0073955626,0.13559234,8.3906012,53.022159,0.22727485,33.132571,0.000010109531,"PACK AGB"
"20082","20082","fruits, légumes, légumineuses et oléagineux","légumes","Chou-fleur, surgelé, cru","Cauliflower, frozen, raw","2",0,"Congelé","Pas de préparation",5,0.23078378,1.212416,2.9801034e-8,0.73640941,0.0043534602,1.9030405e-7,2.6065571e-7,1.9744652e-9,0.026598255,0.00015403992,0.0062463893,0.11540985,6.8875982,44.749375,0.16731348,24.706543,0.000007752064,"PACK AGB"
"20016","20016","fruits, légumes, légumineuses et oléagineux","légumes","Chou-fleur, cru","Cauliflower, raw","2",0,"Ambiant (moyen)","Pas de préparation",5,0.21008742,1.0193688,2.5708963e-8,0.2838642,0.004094857,2.0456479e-7,2.8466077e-7,2.106629e-9,0.028624098,0.000083310318,0.0062957274,0.12647412,5.4312441,47.20616,0.084892915,13.179415,0.000005073449,"PACK AGB"
"12523","12523","lait et produits laitiers","fromages","Fromage bleu des Causses","Causses blue cheese, from cow's milk","2",0,"Glacé","Pas de préparation",5,0.54197209,4.9239611,9.3464225e-7,0.52554971,0.011092755,4.9126214e-7,8.397915e-8,2.1732857e-9,0.069959903,0.0005408027,0.017059774,0.29591116,43.348363,165.98903,0.626193,35.20235,0.000033566032,"PACK AGB"
"11088","11088","aides culinaires et ingrédients divers","épices","Poivre de Cayenne ou piment de Cayenne","Cayenne pepper","2",0,"Ambiant (long)","Pas de préparation",5,0.98663239,7.4515835,1.3684646e-7,0.41899637,0.03566036,4.832134e-7,1.0445028e-7,1.9233432e-9,0.060015813,0.0015929014,0.054819499,0.20832805,74.457366,622.2384,18.265257,80.305266,0.00008149237,"PACK PROXY"
"25600","25600","entrées et plats composés","salades composées et crudités","Céleri rémoulade, préemballé","Celeriac in remoulade sauce, prepacked","2",0,"Glacé","Pas de préparation",5,0.15387914,1.3459767,6.9557107e-8,0.17863992,0.0046337838,7.8364813e-8,2.70989e-8,8.9208909e-10,0.0090753598,0.00028194875,0.0062482427,0.036135419,20.144898,108.66991,1.6387315,17.889224,0.0000062910069,"PACK AGB"
"20025","20025","fruits, légumes, légumineuses et oléagineux","légumes","Céleri-rave, cuit","Celeriac, cooked","2",0,"Ambiant (moyen)","Cuisson à l'eau",5,0.12371995,1.3569853,4.9687022e-8,0.22986899,0.0044038827,5.3066031e-8,1.9865613e-8,6.1031919e-10,0.0041815752,0.00026687792,0.0033102745,0.014487556,4.2440264,41.362983,1.100023,22.243165,0.0000058294429,"PACK AGB"
"20278","20278","fruits, légumes, légumineuses et oléagineux","légumes","Céleri-rave, purée","Celeriac, puree","2",0,"Ambiant (moyen)","Micro-onde",5,0.09512385500000001,0.98462295,6.8363768e-8,0.16478182,0.0034279311,4.1989501e-8,1.5582261e-8,5.2627201e-10,0.0032478966,0.00018880926,0.0026144053,0.01104538,2.7757847,34.469791,0.93888145,17.16952,0.0000050660653,"PACK AGB"
"20055","20055","fruits, légumes, légumineuses et oléagineux","légumes","Céleri-rave, cru","Celeriac, raw","2",0,"Ambiant (moyen)","Pas de préparation",5,0.050682241,0.48403583,2.016879e-8,0.057683639,0.0016495572,2.7608132e-8,1.2173369e-8,3.6543088e-10,0.0019426928,0.000093379696,0.002283997,0.0079500381,1.5292126,28.958207,0.75098115,6.1692422,0.0000020956975,"PACK AGB"
"11044","11044","aides culinaires et ingrédients divers","sels","Sel au céleri","Celery salt","2",0,"Ambiant (long)","Pas de préparation",5,0.06970252,0.62215974,9.875192e-9,0.10588204,0.0024921706,4.3471095e-8,1.1124069e-8,2.30345e-10,0.0031331028,0.00025803298,0.0008393533,0.0075961457,4.2030725,14.306697,0.20604438,9.1593542,0.000010816264,"PACK PROXY"
"20078","20078","fruits, légumes, légumineuses et oléagineux","légumes","Céleri branche, appertisé, égoutté","Celery stalk, canned, drained","2",0,"Ambiant (long)","Micro-onde",5,0.15275929000000002,1.7184061,5.1267392e-8,0.35656049,0.0053573969,7.880482e-8,1.896994e-8,3.9895706e-9,0.0058586115,0.00043347782,0.0038902721,0.016492235,9.1087928,16.675208,0.60404919,26.508785,0.0000069379529,"PACK AGB"
"20024","20024","fruits, légumes, légumineuses et oléagineux","légumes","Céleri branche, cuit","Celery stalk, cooked","2",0,"Ambiant (moyen)","Cuisson à l'eau",5,0.13318196,1.4804086,4.4142911e-8,0.22263019,0.0052230375,6.3234647e-8,1.9335152e-8,3.3389591e-10,0.0058669481,0.00035124031,0.0036692222,0.01671421,6.9621468,17.592804,0.70563911,23.421142,0.000007920896,"PACK AGB"
"20023","20023","fruits, légumes, légumineuses et oléagineux","légumes","Céleri branche, cru","Celery stalk, raw","2",0,"Ambiant (moyen)","Pas de préparation",5,0.06762786,0.70106022,1.9068145e-8,0.068121037,0.0027070056,3.9317567e-8,1.2496514e-8,1.5411374e-10,0.0036565395,0.00018827119,0.0026823593,0.010601426,4.2090002,9.7278606,0.44604032,9.1661667,0.0000043243078,"PACK AGB"
"31113","31113","produits céréaliers","céréales de petit-déjeuner et biscuits","Barre céréalière aux fruits","Cereal bar w fruit","2",0,"Ambiant (long)","Pas de préparation",5,0.36741848,3.1794323,3.0677567e-7,0.58271548,0.0091281993,2.4238712e-7,4.0364167e-8,1.507778e-9,0.032091009,0.00045037125,0.010630646,0.13264543,104.93745,99.841236,2.0027058,43.147561,0.000011642177,"PACK PROXY"
"31114","31114","produits céréaliers","céréales de petit-déjeuner et biscuits","Barre céréalière aux amandes ou noisettes","Cereal bar with almonds or hazelnuts","2",0,"Ambiant (long)","Pas de préparation",5,0.97913206,3.3816776,7.3784467e-8,0.66992572,0.015796513,4.8755484e-7,3.3229444e-7,1.8794606e-9,0.055726176,0.00079397025,0.020404098,0.22901761,69.74533,236.76504,58.245658,53.567146,0.00002767747,"PACK PROXY"
"31102","31102","produits céréaliers","céréales de petit-déjeuner et biscuits","Barre céréalière ""équilibre"" chocolatée, enrichie en vitamines et minéraux","Cereal bar with chocolate, fortified with vitamins and minerals","2",0,"Ambiant (long)","Pas de préparation",5,0.5062268799999999,6.6111446,5.3456521e-8,0.59331358,0.01427277,3.1149754e-7,4.4642094e-8,2.73717e-9,0.041485376,0.00067593152,0.019335581,0.17303224,33.693071,239.16656,1.1689062,47.82863,0.000011218066,"PACK PROXY"
"31101","31101","produits céréaliers","céréales de petit-déjeuner et biscuits","Barre céréalière ""équilibre"" aux fruits, enrichie en vitamines et minéraux","Cereal bar with fruit, fortified with vitamins and minerals","2",0,"Ambiant (long)","Pas de préparation",5,0.36741848,3.1794323,3.0677567e-7,0.58271548,0.0091281993,2.4238712e-7,4.0364167e-8,1.507778e-9,0.032091009,0.00045037125,0.010630646,0.13264543,104.93745,99.841236,2.0027058,43.147561,0.000011642177,"PACK PROXY"
"25233_2","25233","entrées et plats composés","plats végétariens","Galette de céréales aux légumes (sans soja), préemballé","Cereal patty (without soybean)","2",0,"Ambiant (long)","Poêle",5,0.24146995,1.9871293,5.9308569e-8,0.85243009,0.0068255433,1.2098666e-7,2.7473984e-8,2.1241609e-9,0.013855545,0.00059565082,0.010778416,0.053225228,30.336724,162.07764,0.52126372,38.480214,0.0000090203264,"PACK PROXY"
"25233_1","25233","entrées et plats composés","plats végétariens","Galette de céréales au fromage (sans soja), préemballé","Cereal patty with cheese (without soybean)","2",0,"Ambiant (long)","Poêle",5,0.23793941,1.9231665,4.6149814e-8,0.95012701,0.0058625836,1.4703861e-7,3.1052127e-8,3.6133633e-9,0.018127119,0.00044531422,0.0090958403,0.072523323,21.384079,114.68707,0.46248558,36.203852,0.0000084205213,"PACK PROXY"
"25234","25234","entrées et plats composés","plats végétariens","Galette de céréales aux légumes (sans soja), préemballé","Cereal patty with vegetables (without soybean)","2",0,"Ambiant (long)","Poêle",5,0.21165273,1.6077823,4.7799585e-8,0.93445112,0.0055956333,1.0457619e-7,5.8191755e-8,3.0820583e-9,0.011498376,0.00046191477,0.008452028,0.043733653,20.284092,107.77407,0.71779802,36.176498,0.0000079805221,"PACK PROXY"
"12830","12830","lait et produits laitiers","fromages","Chabichou (fromage de chèvre)","Chabichou cheese, from goat's milk","2",0,"Glacé","Pas de préparation",5,0.9590087199999999,6.9852654,0.0000012664685,0.77277126,0.013559069,0.00000107506,8.22212e-8,2.901194e-9,0.15338366,0.00081804567,0.029860724,0.66746826,46.777294,488.14871,2.066763,43.985825,0.000046414376,"PACK AGB"
"5207","5207","boissons","boisson alcoolisées","Champagne","Champagne","2",0,"Glacé","Réfrigéré chez le consommateur",5,0.28920513,2.5973963,5.7792661e-8,0.61154358,0.010314786,1.4435431e-7,5.7578174e-8,1.3723587e-9,0.013553421,0.00043371867,0.010375714,0.041058372,85.723708,169.76903,0.57050327,39.34876,0.000015726297,"PACK AGB"
"1019","1019","boissons","boisson alcoolisées","Kir royal (au champagne)","Champagne kir (Cocktail of champagne with red fruit liqueur)","2",0,"Glacé","Réfrigéré chez le consommateur",5,0.22029134,1.7953916,4.1536664e-8,0.47625384,0.0071556331,1.0874971e-7,4.3804913e-8,9.7031621e-10,0.010870907,0.00029279924,0.0086932185,0.036682885,69.913696,148.5975,0.71989081,27.544458,0.00001312353,"PACK PROXY"
"12028","12028","lait et produits laitiers","fromages","Chaource","Chaource cheese, from cow's milk","2",0,"Glacé","Pas de préparation",5,0.43569832000000003,4.0037478,4.436432e-8,0.50718896,0.0087953866,4.2981812e-7,7.2689936e-8,1.9240001e-9,0.061146938,0.00049091035,0.01523775,0.25978214,38.049502,149.38689,0.45125572,25.890049,0.00001013566,"PACK AGB"
"12726","12726","lait et produits laitiers","fromages","Cheddar","Cheddar cheese, from cow's milk","2",0,"Glacé","Pas de préparation",5,0.62106893,5.4627869,0.0000013981899,0.61791723,0.012309335,5.8289479e-7,9.5282724e-8,2.4932268e-9,0.079277712,0.00059799204,0.019218386,0.33527809,48.461085,193.80352,0.71922512,37.666978,0.000045362236,"PACK AGB"
"25546","25546","entrées et plats composés","plats composés","Fromage pané au jambon","Cheese and ham, breaded","2",0,"Glacé","Micro-onde",5,0.605546,5.1783215,0.0000015156152,1.0489414,0.013022326,5.0093588e-7,8.6426988e-8,2.4255026e-9,0.06750098,0.00071645055,0.018448435,0.28224928,47.977734,185.51939,0.81881645,52.127407,0.000049652288,"PACK AGB"
"25401","25401","entrées et plats composés","feuilletées et autres entrées","Feuilleté ou Friand au fromage","Cheese in puff pastry","2",0,"Glacé","Four",5,0.44140309,3.8302315,5.4147659e-8,1.2689115,0.009636705,3.5810624e-7,6.4452288e-8,1.8708549e-9,0.05040436,0.0004306908,0.014430378,0.21158762,39.160598,142.79757,0.63498332,49.193077,0.000015179915,"PACK PROXY"
"11189","11189","aides culinaires et ingrédients divers","sauces","Sauce au fromage pour risotto ou pâtes, préemballée","Cheese sauce for risotto or pasta, prepacked","2",0,"Glacé","Micro-onde",5,0.41450415,3.4925247,9.3364736e-7,0.97811927,0.0083565563,3.525765e-7,6.1358953e-8,1.5253808e-9,0.047864677,0.00039884869,0.01212869,0.20082601,29.22681,113.96531,0.48183025,39.239807,0.000029735452,"PACK PROXY"
"25020","25020","entrées et plats composés","plats composés","Soufflé au fromage","Cheese soufflé","2",0,"Glacé","Micro-onde",5,0.40875328,3.3001091,0.0000015056987,0.8936355,0.0097469895,2.7940522e-7,5.0875689e-8,1.6430988e-9,0.036621953,0.0005714507,0.011716132,0.14913506,39.179167,122.65145,0.66864988,44.024743,0.000046551382,"PACK AGB"
"25444","25444","entrées et plats composés","pizzas, tartes et crêpes salées","Tarte au fromage","Cheese tart","2",0,"Glacé","Four",5,0.38081699,3.0901197,1.5222172e-7,1.3476729,0.0084370179,3.0174303e-7,5.6057487e-8,1.8420847e-9,0.040427479,0.0005115194,0.011678284,0.16585596,35.054932,121.51908,0.52769799,46.051274,0.000016761373,"PACK AGB"
"12812","12812","lait et produits laitiers","fromages","Fromage de chèvre bûche","Cheese, buche, from goat's milk","2",0,"Glacé","Pas de préparation",5,0.7226338,5.3161102,5.0621907e-8,0.6492358,0.0099386646,8.5577306e-7,6.3215439e-8,2.2462603e-9,0.12254079,0.00060372659,0.024007382,0.53522968,36.617981,388.71488,1.587933,31.694078,0.000013537687,"PACK AGB"
"12813","12813","lait et produits laitiers","fromages","Fromage de chèvre bûche, allégé en matière grasse","Cheese, buche, from goat's milk, light","2",0,"Glacé","Pas de préparation",5,0.7915136599999999,5.8041914,5.3197865e-8,0.67650484,0.01073566,9.4294206e-7,6.9248592e-8,2.456912e-9,0.13526801,0.00063771213,0.026365391,0.59132103,40.215754,429.35745,1.7491837,33.289891,0.000014582116,"PACK AGB"
"12815","12815","lait et produits laitiers","fromages","Fromage de chèvre sec","Cheese, dry, from goat's milk","2",0,"Glacé","Pas de préparation",5,0.80983976,5.9251782,0.0000012619422,0.70284778,0.011931807,9.0072941e-7,6.8863849e-8,2.4389419e-9,0.12553685,0.00069017517,0.024339086,0.54528294,38.39322,401.12819,1.7666434,40.534521,0.000043939954,"PACK AGB"
"12803","12803","lait et produits laitiers","fromages","Fromage de chèvre lactique affiné (type bûchette, crottin, Sainte-Maure)","Cheese, from goat's milk","2",0,"Glacé","Pas de préparation",5,0.87044889,6.3577325,0.0000012631566,0.73771108,0.012534361,9.6298555e-7,7.4464287e-8,2.6303561e-9,0.13702008,0.00077434997,0.026828998,0.5953508,42.151587,435.89398,1.8594407,41.934065,0.000045071538,"PACK AGB"
"12805","12805","lait et produits laitiers","fromages","Fromage de chèvre frais, au lait pasteurisé ou cru (type crottin frais ou bûchette fraîche)","Cheese, from goat's milk, fresh","2",0,"Glacé","Pas de préparation",5,0.78737447,5.9526489,6.0698036e-7,0.68432702,0.011432277,8.8526959e-7,6.6720152e-8,2.4043079e-9,0.12584977,0.00067229301,0.024652332,0.54622699,38.230369,396.46099,1.7880039,40.346376,0.00002785974,"PACK AGB"
"12800","12800","lait et produits laitiers","fromages","Fromage de chèvre frais, au lait pasteurisé (type bûchette fraîche)","Cheese, from goat's milk, fresh, from pasteurised milk","2",0,"Glacé","Pas de préparation",5,0.8464143599999999,6.3710041,6.0918832e-7,0.70770048,0.012115415,9.5998587e-7,7.1891427e-8,2.5848665e-9,0.13675882,0.00070142347,0.026673483,0.59430529,41.314174,431.29748,1.9262188,41.714216,0.000028754965,"PACK AGB"
"12804","12804","lait et produits laitiers","fromages","Fromage de chèvre frais, au lait cru (type palet ou crottin frais)","Cheese, from goat's milk, fresh, from raw milk","2",0,"Glacé","Pas de préparation",5,0.7086546300000001,5.3948419,6.0403641e-7,0.65316241,0.010521426,7.8564788e-7,5.9825119e-8,2.1635631e-9,0.11130437,0.00063345239,0.021957465,0.48212258,34.118629,350.01234,1.6037174,38.52259,0.000026666107,"PACK AGB"
"12802","12802","lait et produits laitiers","fromages","Fromage de chèvre lactique affiné, au lait pasteurisé (type bûchette ou crottin)","Cheese, from goat's milk, from pasteurised milk","2",0,"Glacé","Pas de préparation",5,0.87044889,6.3577325,0.0000012631566,0.73771108,0.012534361,9.6298555e-7,7.4464287e-8,2.6303561e-9,0.13702008,0.00077434997,0.026828998,0.5953508,42.151587,435.89398,1.8594407,41.934065,0.000045071538,"PACK AGB"
"12801","12801","lait et produits laitiers","fromages","Fromage de chèvre lactique affiné, au lait cru (type Crottin de Chavignol, Picodon, Rocamadour, Sainte-Maure de Touraine)","Cheese, from goat's milk, from raw milk","2",0,"Glacé","Pas de préparation",5,0.8999688299999999,6.5669101,0.0000012642606,0.74939781,0.01287593,0.0000010003437,7.7049925e-8,2.7206354e-9,0.1424746,0.0007889152,0.027839574,0.61938995,43.693489,453.31223,1.9285481,42.617985,0.000045519151,"PACK AGB"
"12810","12810","lait et produits laitiers","fromages","Fromage de chèvre demi-sec","Cheese, semi-dry, from goat's milk","2",0,"Glacé","Pas de préparation",5,0.84663788,6.2119478,0.0000012658828,0.78001358,0.012590343,9.4198323e-7,7.1650549e-8,2.5713842e-9,0.13043801,0.00075573769,0.025510247,0.56601544,39.883429,416.3411,1.8403579,43.895822,0.000044594735,"PACK AGB"
"25415_1","25415","entrées et plats composés","sandwichs","Double cheeseburger, provenant de fast food","Cheeseburger, double, from fast foods restaurant","2",0,"Glacé","Four",5,2.0070219000000002,13.574262,8.4964885e-8,1.5640563,0.022618828,0.00000121113,0.0000042583334,2.4159985e-8,0.17485462,0.0010401682,0.055651507,0.76049431,82.016354,1454.1893,1.8087755,71.006583,0.000027461813,"PACK PROXY"
"25414","25414","entrées et plats composés","sandwichs","Cheeseburger, provenant de fast food","Cheeseburger, from fast foods restaurant","2",0,"Glacé","Four",5,2.7764924,18.288555,9.6561161e-8,1.6990906,0.028836896,0.0000016339569,0.0000063099093,3.5295963e-8,0.23731894,0.001333111,0.076505052,1.0362536,106.60379,2111.2429,2.2934508,80.013899,0.000033489699,"PACK PROXY"
"19689","19689","lait et produits laitiers","produits laitiers frais et assimilés","Cheesecake ou Gâteau au fromage frais, rayon frais","Cheesecake, refrigerated","2",0,"Glacé","Pas de préparation",5,0.33450907,2.8541626,6.3311103e-8,0.80075938,0.0083592332,2.7025741e-7,4.5198205e-8,1.3690731e-9,0.036471736,0.00043510682,0.011072445,0.15284265,32.946106,116.13086,0.88878571,36.752717,0.000011442803,"PACK AGB"
"13008","13008","fruits, légumes, légumineuses et oléagineux","fruits","Cerise, dénoyautée, crue","Cherry, pitted, raw","2",0,"Ambiant (moyen)","Pas de préparation",5,0.63364829,3.6490368,1.0713684e-7,0.332241,0.010918075,1.2203124e-7,8.594857e-8,2.79273e-9,0.015819662,0.0010989447,0.0055516049,0.041193658,192.7609,2067.4105,10.070363,41.248259,0.000028672267,"PACK AGB"
"11002","11002","aides culinaires et ingrédients divers","herbes","Cerfeuil, frais","Chervil, fresh","2",0,"Ambiant (long)","Pas de préparation",5,0.12888267,0.90566779,1.605937e-8,0.088349657,0.0030704938,6.66072e-8,1.1707982e-8,2.1585237e-10,0.007522307,0.00016362264,0.0039713182,0.030312812,3.2970842,35.482021,5.1213553,12.623899,0.0000039372511,"PACK PROXY"
"15013","15013","fruits, légumes, légumineuses et oléagineux","fruits à coque et graines oléagineuses","Crème de marrons","Chestnut cream","2",0,"Ambiant (long)","Pas de préparation",5,0.22460643,1.6667656,2.3040423e-8,1.4077447,0.0066363836,1.2085289e-7,1.2785414e-8,4.6913387e-10,0.013116618,0.00029666914,0.0054352831,0.047655211,12.37565,150.00851,1.2674505,45.945918,0.0000067931175,"PACK PROXY"
"15016","15016","fruits, légumes, légumineuses et oléagineux","fruits à coque et graines oléagineuses","Crème de marrons vanillée, appertisée","Chestnut cream, vanilla flavoured, canned","2",0,"Ambiant (long)","Pas de préparation",5,0.20316566,1.503767,2.0920624e-8,1.2794685,0.0059816283,1.0881737e-7,1.1530893e-8,4.2325804e-10,0.011839853,0.00026755614,0.0049033771,0.042819434,11.179229,135.71499,1.1463584,41.712254,0.0000062050899,"PACK PROXY"
"9570","9570","fruits, légumes, légumineuses et oléagineux","fruits à coque et graines oléagineuses","Farine de châtaigne","Chestnut flour","2",0,"Ambiant (long)","Pas de préparation",5,0.12762111,1.0433307,1.3818363e-8,0.2014772,0.004583351,4.8913779e-8,1.7244127e-8,5.563843e-10,0.0052508757,0.00025016164,0.0037682731,0.022208018,7.226939,307.12875,0.64519322,12.443038,0.0000056829452,"PACK PROXY"
"19852","19852","lait et produits laitiers","produits laitiers frais et assimilés","Mousse à la crème de marrons, rayon frais","Chestnut mousse, refrigerated","2",0,"Glacé","Pas de préparation",5,0.33420691999999996,2.6992222,7.764622e-8,0.75768062,0.008806718,2.3156474e-7,3.6650207e-8,1.288797e-9,0.028649349,0.00088515534,0.0098396966,0.1140934,35.796509,89.85006,1.4665561,45.276027,0.000018524022,"PACK AGB"
"15020","15020","fruits, légumes, légumineuses et oléagineux","fruits à coque et graines oléagineuses","Châtaigne, bouillie/cuite à l'eau","Chestnut, boiled/cooked in water","2",0,"Ambiant (long)","Pas de préparation",5,0.13527545000000002,1.2301416,1.5603279e-8,0.21495548,0.0052172176,6.12241e-8,1.8045623e-8,6.0244356e-10,0.0062696219,0.00025783311,0.0032327204,0.021017218,10.467121,234.90532,0.59732667,16.193384000000002,0.000006326982,"PACK PROXY"
"15039","15039","fruits, légumes, légumineuses et oléagineux","fruits à coque et graines oléagineuses","Châtaigne ou Marron, appertisé","Chestnut, canned","2",0,"Ambiant (long)","Pas de préparation",5,0.14893575,1.2465979,1.5041701e-8,0.90555129,0.0049675248,6.165707e-8,1.4502493e-8,4.2175414e-10,0.0057791486,0.00021252207,0.0027181695,0.017630406,9.4816764,162.3944,0.48546981,30.846375,0.000004828273,"PACK PROXY"
"15021","15021","fruits, légumes, légumineuses et oléagineux","fruits à coque et graines oléagineuses","Châtaigne, grillée","Chestnut, grilled","2",0,"Ambiant (long)","Pas de préparation",5,0.11357801000000001,0.99770678,1.4787329e-8,0.15005616,0.0041287374,3.777915e-8,1.4915551e-8,4.950437e-10,0.0044486463,0.00022375681,0.0030054901,0.018345645,5.7732118,257.2071,0.63684492,12.219487,0.0000052215658,"PACK PROXY"
"15024","15024","fruits, légumes, légumineuses et oléagineux","fruits à coque et graines oléagineuses","Châtaigne, crue","Chestnut, raw","2",0,"Ambiant (long)","Pas de préparation",5,0.098668958,0.76793325,1.0007863e-8,0.1458658,0.0034327426,3.4427565e-8,1.4053065e-8,4.5746658e-10,0.0041083475,0.00019730445,0.002923309,0.017588941,5.4715603,256.77957,0.53409811,8.9175023,0.0000046296195,"PACK AGB"
"12846","12846","lait et produits laitiers","fromages","Chevrot (fromage de chèvre)","Chevrot cheese, from goat's milk","2",0,"Glacé","Pas de préparation",5,0.88028887,6.4274584,0.0000012635246,0.74160665,0.012648218,9.7543826e-7,7.5326167e-8,2.6604492e-9,0.13883825,0.00077920505,0.027165857,0.60336385,42.665554,441.70006,1.8824765,42.162038,0.000045220743,"PACK AGB"
"9580","9580","produits céréaliers","farines et pâtes à tarte","Farine de pois chiche","Chick pea flour","2",0,"Ambiant (long)","Pas de préparation",5,0.27585868999999996,1.5171493,3.0604842e-8,0.20828052,0.0048794159,9.699633e-8,2.24197e-7,3.0080174e-9,0.012163459,0.00061564984,0.029530221,0.049377636,25.556177,381.33651,2.8597184,15.025962,0.0000080463719,"PACK PROXY"
"20532","20532","fruits, légumes, légumineuses et oléagineux","légumineuses","Pois chiche, appertisé, égoutté","Chick pea, canned, drained","2",0,"Ambiant (long)","Pas de préparation",5,0.5097403699999999,3.460575,6.3800935e-8,0.2906433,0.0092173912,1.7696431e-7,3.7594232e-7,8.898735e-9,0.0212126,0.0012773322,0.050554653,0.084176553,49.106959,637.97091,4.8992903,28.994653,0.000013089089,"PACK AGB"
"20507","20507","fruits, légumes, légumineuses et oléagineux","légumineuses","Pois chiche, cuit","Chick pea, cooked","2",0,"Ambiant (long)","Pas de préparation",5,0.12935269000000002,0.79938621,1.8906729e-8,0.29716513,0.0023838889,4.450394e-8,8.3686446e-8,2.2591124e-9,0.0050990714,0.00029728211,0.010816593,0.019312962,10.107127,139.12826,1.0980437,13.269197,0.0000050052106,"PACK AGB"
"20516","20516","fruits, légumes, légumineuses et oléagineux","légumineuses","Pois chiche, sec","Chick pea, dried","2",0,"Ambiant (long)","Pas de préparation",5,0.24636544,1.351745,3.1809547e-8,0.32676581,0.0042626022,8.273530299999999e-8,1.9053185e-7,2.6116524e-9,0.010618962,0.00058027912,0.024895375,0.042128558,22.321404,324.74126,2.4499189,16.568599,0.0000083873194,"PACK AGB"
"25502","25502","entrées et plats composés","sandwichs","Burger au poulet","Chicken burger , fast foods restaurant","2",0,"Glacé","Four",5,0.55602631,4.1124784,8.2724303e-8,1.2735969,0.015469369,4.4705865e-7,1.0162973e-7,4.0968642e-9,0.061221052,0.00063015005,0.018497905,0.25342607,84.643481,155.31804,1.3457503,63.476227,0.000021702168,"PACK PROXY"
"28963","28963","viandes, œufs, poissons","charcuteries","Jambon de poulet ou Blanc de poulet en tranche","Chicken cooked ham, in slices","2",0,"Glacé","Pas de préparation",5,0.8260987900000001,5.7519051,0.00000140395,1.1494693,0.022856171,7.1880264e-7,8.090369e-8,3.9289701e-9,0.097828664,0.00098168741,0.027116453,0.40590335,145.96911,220.46646,1.5012186,75.343536,0.000057459369,"PACK AGB"
"16540","16540","matières grasses","autres matières grasses","Graisse de poulet","Chicken fat","2",0,"Glacé","Pas de préparation",5,0.24959546999999999,2.2270709,4.7247975e-8,0.39728141,0.0089520877,2.0988757e-7,2.5249603e-8,2.005938e-9,0.02487339,0.00032402429,0.0067676301,0.094929291,40.029273,52.790359,0.50927462,30.224132,0.0000083248211,"PACK PROXY"
"36019","36019","viandes, œufs, poissons","viandes crues","Poulet, haut de cuisse, viande, cru","Chicken high leg, meat, raw","2",0,"Glacé","Pas de préparation",5,0.72606262,5.2216635,9.1046647e-8,0.55196777,0.021682987,7.0883702e-7,7.5549582e-8,3.7773022e-9,0.0965738,0.00080781333,0.026264788,0.40261544,142.6097,215.01525,1.4472833,55.840099,0.000024331083,"PACK AGB"
"36030","36030","viandes, œufs, poissons","viandes cuites","Poulet, cuisse, viande, bouilli/cuit à l'eau","Chicken leg, meat, boiled/cooked in water","2",0,"Glacé","Four",5,0.99387483,7.0007814,1.2305719e-7,1.2478598,0.029050493,9.4412658e-7,1.0367957e-7,5.066291e-9,0.12851504,0.0011162201,0.034897283,0.53406334,189.32327,285.30159,1.951294,85.416682,0.00003644087,"PACK AGB"
"36006","36006","viandes, œufs, poissons","viandes cuites","Poulet, cuisse, viande, rôti/cuit au four","Chicken leg, meat, roasted/baked","2",0,"Glacé","Four",5,0.99387483,7.0007814,1.2305719e-7,1.2478598,0.029050493,9.4412658e-7,1.0367957e-7,5.066291e-9,0.12851504,0.0011162201,0.034897283,0.53406334,189.32327,285.30159,1.951294,85.416682,0.00003644087,"PACK AGB"
"25204","25204","entrées et plats composés","plats composés","Tajine de poulet","Chicken tagine","2",0,"Glacé","Micro-onde",5,0.77367883,5.9857041,1.1914517e-7,0.94581222,0.024552817,6.4428365e-7,8.8655899e-8,8.3190926e-9,0.081801912,0.00099917851,0.024411847,0.33196607,126.43082,228.60784,2.9064384,78.307963,0.000037677596,"PACK AGB"
"25174","25174","entrées et plats composés","plats composés","Poulet au curry et au lait de coco","Chicken with curry and coconut milk sauce","2",0,"Glacé","Micro-onde",5,0.74700218,5.1915438,1.2291189e-7,0.97044179,0.02121633,6.9021711e-7,8.1377635e-8,6.4062807e-9,0.094698143,0.00088600268,0.027504461,0.39511106,142.63317,235.83295,1.8465424,63.677988,0.00002555388,"PACK AGB"
"25190","25190","entrées et plats composés","plats composés","Poulet basquaise","Chicken, Basque style","2",0,"Glacé","Micro-onde",5,0.59909223,4.2601061,8.5320438e-8,0.89388862,0.017119678,5.2270163e-7,6.5819594e-8,7.6130305e-9,0.070942537,0.00070785855,0.021227071,0.29436215,112.44689,184.92292,1.9267261,56.154039,0.000020666791,"PACK AGB"
"36029","36029","viandes, œufs, poissons","viandes crues","Poulet, poitrine, viande et peau, cru","Chicken, breast, meat and skin, raw","2",0,"Glacé","Pas de préparation",5,0.7566313,5.4036578,1.0389162e-7,1.091408,0.021777585,7.0884141e-7,7.5764186e-8,3.7897342e-9,0.096756322,0.00083870323,0.026714622,0.40312252,143.87796,215.55163,1.4419812,68.81471,0.000024617074,"PACK AGB"
"36032","36032","viandes, œufs, poissons","viandes cuites","Poulet, poitrine, viande et peau, rôti/cuit au four","Chicken, breast, meat and skin, roasted/baked","2",0,"Glacé","Four",5,1.0343437999999998,7.2417181,1.4006227e-7,1.9620085,0.029175728,9.4413239e-7,1.0396368e-7,5.0827493e-9,0.12875668,0.0011571143,0.035492805,0.53473465,191.00229,286.01169,1.9442748,102.59338,0.000036819484,"PACK AGB"
"36018","36018","viandes, œufs, poissons","viandes cuites","Poulet, filet, sans peau, cuit","Chicken, breast, without skin, cooked","2",0,"Glacé","Four",5,1.0343437999999998,7.2417181,1.4006227e-7,1.9620085,0.029175728,9.4413239e-7,1.0396368e-7,5.0827493e-9,0.12875668,0.0011571143,0.035492805,0.53473465,191.00229,286.01169,1.9442748,102.59338,0.000036819484,"PACK AGB"
"36017","36017","viandes, œufs, poissons","viandes crues","Poulet, filet, sans peau, cru","Chicken, breast, without skin, raw","2",0,"Glacé","Pas de préparation",5,0.7566313,5.4036578,1.0389162e-7,1.091408,0.021777585,7.0884141e-7,7.5764186e-8,3.7897342e-9,0.096756322,0.00083870323,0.026714622,0.40312252,143.87796,215.55163,1.4419812,68.81471,0.000024617074,"PACK AGB"
"36022","36022","viandes, œufs, poissons","viandes crues","Poulet, pilon, cru","Chicken, drumstick, raw","2",0,"Glacé","Pas de préparation",5,0.72606262,5.2216635,9.1046647e-8,0.55196777,0.021682987,7.0883702e-7,7.5549582e-8,3.7773022e-9,0.0965738,0.00080781333,0.026264788,0.40261544,142.6097,215.01525,1.4472833,55.840099,0.000024331083,"PACK AGB"
"36020","36020","viandes, œufs, poissons","viandes crues","Poulet éviscéré sans abats, cru","Chicken, eviscerated without offal, raw","2",0,"Glacé","Pas de préparation",5,0.69298166,4.744164,8.381713e-8,0.53069864,0.020061481,6.9105631e-7,7.3756409e-8,3.6760031e-9,0.095227203,0.00076392508,0.025938941,0.39963067,141.66005,212.61448,1.2950054,49.239361,0.000023461428,"PACK AGB"
"36008","36008","viandes, œufs, poissons","viandes crues","Poulet fermier, viande et peau, cru","Chicken, free-range, meat and skin, raw","2",0,"Glacé","Pas de préparation",5,0.72606262,5.2216635,9.1046647e-8,0.55196777,0.021682987,7.0883702e-7,7.5549582e-8,3.7773022e-9,0.0965738,0.00080781333,0.026264788,0.40261544,142.6097,215.01525,1.4472833,55.840099,0.000024331083,"PACK AGB"
"36031","36031","viandes, œufs, poissons","viandes cuites","Poulet, cuisse, viande et peau, bouilli/cuit à l'eau","Chicken, leg, meat and skin, boiled/cooked in water","2",0,"Glacé","Four",5,0.99387483,7.0007814,1.2305719e-7,1.2478598,0.029050493,9.4412658e-7,1.0367957e-7,5.066291e-9,0.12851504,0.0011162201,0.034897283,0.53406334,189.32327,285.30159,1.951294,85.416682,0.00003644087,"PACK AGB"
"36002","36002","viandes, œufs, poissons","viandes crues","Poulet, cuisse, viande et peau, cru","Chicken, leg, meat and skin, raw","2",0,"Glacé","Pas de préparation",5,0.72606262,5.2216635,9.1046647e-8,0.55196777,0.021682987,7.0883702e-7,7.5549582e-8,3.7773022e-9,0.0965738,0.00080781333,0.026264788,0.40261544,142.6097,215.01525,1.4472833,55.840099,0.000024331083,"PACK AGB"
"36004","36004","viandes, œufs, poissons","viandes cuites","Poulet, cuisse, viande et peau, rôtie/cuite au four","Chicken, leg, meat and skin, roasted/baked","2",0,"Glacé","Four",5,0.99387483,7.0007814,1.2305719e-7,1.2478598,0.029050493,9.4412658e-7,1.0367957e-7,5.066291e-9,0.12851504,0.0011162201,0.034897283,0.53406334,189.32327,285.30159,1.951294,85.416682,0.00003644087,"PACK AGB"
"36024","36024","viandes, œufs, poissons","viandes crues","Poulet, cuisse, viande, cru","Chicken, leg, meat, raw","2",0,"Glacé","Pas de préparation",5,0.72606262,5.2216635,9.1046647e-8,0.55196777,0.021682987,7.0883702e-7,7.5549582e-8,3.7773022e-9,0.0965738,0.00080781333,0.026264788,0.40261544,142.6097,215.01525,1.4472833,55.840099,0.000024331083,"PACK AGB"
"36035","36035","viandes, œufs, poissons","autres produits à base de viande","Poulet, manchons marinés, rôtis/cuits au four","Chicken, marinated wing, roasted/baked","2",0,"Glacé","Four",5,1.0021598999999999,7.0467161,1.2420571e-7,1.2365089,0.029327728,9.5413714e-7,1.0439006e-7,5.1137301e-9,0.12988473,0.0011216906,0.035245799,0.53986575,191.26121,288.38608,1.9697782,85.776917,0.00003662992,"PACK AGB"
"36016","36016","viandes, œufs, poissons","viandes crues","Poulet, viande et peau, cru","Chicken, meat and skin, raw","2",0,"Glacé","Pas de préparation",5,0.68903704,4.6616668,8.3690332e-8,0.52057433,0.019969893,6.903373e-7,7.2895576e-8,3.6585356e-9,0.095163135,0.00074896967,0.025842909,0.39939177,141.28363,212.53947,1.2902907,48.962625,0.0000233666,"PACK AGB"
"36005","36005","viandes, œufs, poissons","viandes cuites","Poulet, viande et peau, rôti/cuit au four","Chicken, meat and skin, roasted/baked","2",0,"Glacé","Four",5,0.79812658,5.5326584,9.8868029e-8,1.1016293,0.0232195,7.5580112e-7,8.2839633e-8,4.0490102e-9,0.10289062,0.00088745538,0.027843938,0.42722989,151.1761,228.30506,1.5638236,70.575004,0.000029985217,"PACK AGB"
"36003","36003","viandes, œufs, poissons","viandes crues","Poulet, viande, crue","Chicken, meat, raw","2",0,"Glacé","Pas de préparation",5,0.57820198,4.1127002,7.2775091e-8,0.44151091,0.017278481,5.6658327e-7,5.9807902e-8,3.0088878e-9,0.077218103,0.00063501331,0.020936965,0.3219176,113.7948,171.96228,1.1546031,44.62927,0.000019454733,"PACK AGB"
"36027","36027","viandes, œufs, poissons","autres produits à base de viande","Poulet, croquette panée ou nuggets","Chicken, nugget, breaded croquette","2",0,"Glacé","Four",5,0.50327458,3.5808402,7.7589874e-8,1.3227261,0.013856966,4.192186e-7,5.6492495e-8,2.5572558e-9,0.056312982,0.00069817345,0.017457558,0.2321155,79.625914,157.54621,0.97131399,57.235801,0.000020446974,"PACK AGB"
"36014","36014","viandes, œufs, poissons","viandes crues","Poule, cuisse, crue","Chicken, stewing, leg, raw","2",0,"Glacé","Pas de préparation",5,0.72606262,5.2216635,9.1046647e-8,0.55196777,0.021682987,7.0883702e-7,7.5549582e-8,3.7773022e-9,0.0965738,0.00080781333,0.026264788,0.40261544,142.6097,215.01525,1.4472833,55.840099,0.000024331083,"PACK AGB"
"36007","36007","viandes, œufs, poissons","viandes crues","Poulet (var. blanc), viande et peau, cru","Chicken, white race, meat and skin, raw","2",0,"Glacé","Pas de préparation",5,0.72606262,5.2216635,9.1046647e-8,0.55196777,0.021682987,7.0883702e-7,7.5549582e-8,3.7773022e-9,0.0965738,0.00080781333,0.026264788,0.40261544,142.6097,215.01525,1.4472833,55.840099,0.000024331083,"PACK AGB"
"36023","36023","viandes, œufs, poissons","viandes crues","Poulet, aile, viande et peau, cru","Chicken, wing, meat and skin, raw","2",0,"Glacé","Pas de préparation",5,0.72606262,5.2216635,9.1046647e-8,0.55196777,0.021682987,7.0883702e-7,7.5549582e-8,3.7773022e-9,0.0965738,0.00080781333,0.026264788,0.40261544,142.6097,215.01525,1.4472833,55.840099,0.000024331083,"PACK AGB"
"36033","36033","viandes, œufs, poissons","viandes cuites","Poulet, aile, viande et peau, rôti/cuit au four","Chicken, wing, meat and skin, roasted/baked","2",0,"Glacé","Four",5,0.99387483,7.0007814,1.2305719e-7,1.2478598,0.029050493,9.4412658e-7,1.0367957e-7,5.066291e-9,0.12851504,0.0011162201,0.034897283,0.53406334,189.32327,285.30159,1.951294,85.416682,0.00003644087,"PACK AGB"
"25073","25073","entrées et plats composés","plats composés","Endive au jambon","Chicory w ham","2",0,"Glacé","Micro-onde",5,0.43326944,3.6402395,1.1410329e-7,1.3463736,0.0094421133,3.2685393e-7,4.8514394e-8,1.8963002e-9,0.044005383,0.00053566497,0.013599997,0.18132724,69.14053,157.86281,0.76142191,51.870788,0.000015428303,"PACK AGB"
"18152_1","18152","boissons","boissons sans alcool","Chicorée, poudre soluble, non réhydratée","Chicory, powder, instant, non rehydrated","2",0,"Ambiant (long)","Pas de préparation",5,1.0951283,9.4867726,1.8393144e-7,9.595979,0.036075971,3.8701251e-7,1.6978676e-7,5.2107311e-9,0.049099323,0.0014806094,0.022220013,0.13699194,53.846434,155.63296,1.4364399,284.83899,0.00002848301,"PACK PROXY"
"18152_2","18152","boissons","boissons sans alcool","Chicorée, poudre soluble, réhydratée","Chicory, powder, instant, ready-to-drink","2",0,"Ambiant (long)","Pas de préparation",5,0.048053832,0.39099087,7.682888e-9,0.44979338,0.0014884344,1.6244892e-8,7.290428e-9,2.1747396e-10,0.0020500666,0.000065271019,0.00090529389,0.0056182405,2.2226744,6.3090288,0.069005277,12.862508,0.000001679301,"PACK PROXY"
"20026","20026","fruits, légumes, légumineuses et oléagineux","légumes","Endive, crue","Chicory, raw","2",0,"Ambiant (moyen)","Pas de préparation",5,0.10718336,0.90983138,1.1513297e-7,0.65006155,0.0026489293,3.8607995e-8,1.2077181e-8,4.7145234e-10,0.0030719826,0.0001757368,0.0029835272,0.0086956101,18.640601,48.942788,0.15713706,21.364114,0.0000087179885,"PACK AGB"
"25111","25111","entrées et plats composés","plats composés","Chili con carne","Chili con carne","2",0,"Glacé","Micro-onde",5,2.9626377,19.547515,1.0149797e-7,1.3144124,0.030830553,0.0000017380049,0.0000071415379,4.1253817e-8,0.25221999,0.0014187158,0.082616076,1.1026688,134.19322,1728.6818,3.6076772,71.917786,0.000032156183,"PACK AGB"
"20151","20151","fruits, légumes, légumineuses et oléagineux","légumes","Piment, cru","Chili pepper, raw","2",0,"Ambiant (moyen)","Pas de préparation",5,0.41781339,1.2596426,2.3076452e-8,0.36321348,0.0075334162,2.3173008e-7,0.0000011911996,5.7719711e-9,0.033457088,0.00054694485,0.013090912,0.14835305,26.895017,41.167704,2.5031609,15.774721,0.0000064050655,"PACK AGB"
"20221","20221","fruits, légumes, légumineuses et oléagineux","légumes","Chou chinois (pak-choi ou pé-tsai), cuit","Chinese cabbage (nappa cabbage or bok choy), cooked","2",0,"Ambiant (moyen)","Cuisson à l'eau",5,0.13756613,1.48321,5.1487805e-8,0.26148591,0.0052180704,6.351061e-8,1.3679861e-8,3.3210544e-10,0.0057702337,0.00026353166,0.0066041162,0.020198631,9.1572628,53.37249,0.35664044,23.985286,0.0000068496154,"PACK AGB"
"20167","20167","fruits, légumes, légumineuses et oléagineux","légumes","Chou chinois ou pak-choi ou pé-tsai, cru","Chinese cabbage (nappa cabbage or bok choy), raw","2",0,"Ambiant (moyen)","Pas de préparation",5,0.066662103,0.72171073,2.122982e-8,0.067297905,0.0024659529,3.739533e-8,8.1602506e-9,1.5176543e-10,0.0033602139,0.00011386007,0.0052654381,0.013157998,6.3730617,39.330078,0.12042791,7.1508824,0.0000028353749,"PACK AGB"
"20231","20231","fruits, légumes, légumineuses et oléagineux","légumes","Crosne, surgelé, cru","Chinese or Japanese artichokes, frozen, raw","2",0,"Congelé","Pas de préparation",5,0.089084874,0.74163563,2.650171e-8,0.4286918,0.0024888115,3.5800391e-8,1.3119832e-8,3.4184784e-10,0.0038700914,0.00013228061,0.0031579714,0.013535358,9.859861,41.06259,0.2850315,16.15747,0.0000070197686,"PACK AGB"
"25169","25169","entrées et plats composés","feuilletées et autres entrées","Spécialité chinoise ou bouchées à la vapeur, cuite","Chinese specialty or dumplings","2",0,"Glacé","Four",5,0.9503810500000001,8.4437463,0.0000019552403,1.4476236,0.032932635,4.9394857e-7,2.1963516e-7,5.0418335e-9,0.050740284,0.0047675907,0.053086617,0.15074033,102.01471,221.23204,3.7485499,105.70088,0.000062465011,"PACK PROXY"
"30005","30005","viandes, œufs, poissons","charcuteries","Chipolata, cuite","Chipolata sausage, cooked","2",0,"Glacé","Four",5,0.89288776,6.9447578,9.0097755e-8,1.8922286,0.01834551,7.7548394e-7,8.4145336e-8,4.2445289e-9,0.10836373,0.0010312797,0.02991396,0.45395536,190.42852,361.46965,1.7886668,74.739101,0.00002811405,"PACK AGB"
"30115","30115","viandes, œufs, poissons","charcuteries","Chipolata, crue","Chipolata slim sausage, raw","2",0,"Glacé","Pas de préparation",5,0.6497809,5.1793455,6.6150366e-8,1.0386989,0.013596858,5.814509e-7,6.0794179e-8,3.1565749e-9,0.08135228,0.00074365266,0.022500579,0.34210498,143.44456,272.54965,1.324441,47.774668,0.000018041326,"PACK AGB"
"8500","8500","viandes, œufs, poissons","charcuteries","Andouille","Chitterling sausage","2",0,"Glacé","Four",5,0.67429518,4.8790865,6.3696434e-8,1.7921036,0.011965111,5.2539664e-7,3.4725337e-7,4.0436368e-9,0.073601964,0.00068605676,0.021087961,0.30956703,115.08271,308.91518,1.1587985,59.68884,0.000020509656,"PACK AGB"
"8501","8501","viandes, œufs, poissons","charcuteries","Andouille de Guéméné","Chitterling sausage from Guéméné","2",0,"Glacé","Four",5,0.67429518,4.8790865,6.3696434e-8,1.7921036,0.011965111,5.2539664e-7,3.4725337e-7,4.0436368e-9,0.073601964,0.00068605676,0.021087961,0.30956703,115.08271,308.91518,1.1587985,59.68884,0.000020509656,"PACK AGB"
"8552","8552","viandes, œufs, poissons","charcuteries","Andouillette de Troyes, crue","Chitterling sausage from Troyes, raw","2",0,"Glacé","Pas de préparation",5,0.64163278,4.791108,6.1173155e-8,1.2749772,0.011620071,5.1967803e-7,3.4359162e-7,3.9780024e-9,0.072938067,0.00063927637,0.020961839,0.30851415,114.55612,308.2658,1.1235192,48.197182,0.000016279974,"PACK AGB"
"8512","8512","viandes, œufs, poissons","charcuteries","Andouille de Vire","Chitterling sausage from Vire","2",0,"Glacé","Four",5,0.67429518,4.8790865,6.3696434e-8,1.7921036,0.011965111,5.2539664e-7,3.4725337e-7,4.0436368e-9,0.073601964,0.00068605676,0.021087961,0.30956703,115.08271,308.91518,1.1587985,59.68884,0.000020509656,"PACK AGB"
"8504","8504","viandes, œufs, poissons","charcuteries","Andouille, réchauffée à la poêle","Chitterling sausage, pan-reheated","2",0,"Glacé","Four",5,0.67429518,4.8790865,6.3696434e-8,1.7921036,0.011965111,5.2539664e-7,3.4725337e-7,4.0436368e-9,0.073601964,0.00068605676,0.021087961,0.30956703,115.08271,308.91518,1.1587985,59.68884,0.000020509656,"PACK AGB"
"8550","8550","viandes, œufs, poissons","charcuteries","Andouillette, crue","Chitterling sausage, raw","2",0,"Glacé","Pas de préparation",5,0.64163278,4.791108,6.1173155e-8,1.2749772,0.011620071,5.1967803e-7,3.4359162e-7,3.9780024e-9,0.072938067,0.00063927637,0.020961839,0.30851415,114.55612,308.2658,1.1235192,48.197182,0.000016279974,"PACK AGB"
"8551","8551","viandes, œufs, poissons","charcuteries","Andouillette, sautée/poêlée","Chitterling sausage, sautéed/pan-fried","2",0,"Glacé","Four",5,0.67429518,4.8790865,6.3696434e-8,1.7921036,0.011965111,5.2539664e-7,3.4725337e-7,4.0436368e-9,0.073601964,0.00068605676,0.021087961,0.30956703,115.08271,308.91518,1.1587985,59.68884,0.000020509656,"PACK AGB"
"11003","11003","aides culinaires et ingrédients divers","herbes","Ciboule ou Ciboulette, fraîche","Chive or spring onion, fresh","2",0,"Ambiant (long)","Pas de préparation",5,0.10958739,0.75891445,1.6162802e-8,0.092323222,0.0021646377,2.6443774e-8,7.0001789e-9,3.5461556e-8,0.002089199,0.0000054785065,0.0024148156,0.006114479,9.1039234,33.380842,0.5035191,11.360961,0.0000034200341,"PACK PROXY"
"31066","31066","produits sucrés","chocolats et produits à base de chocolat","Rocher chocolat fourré praliné","Chocolate and nut confectionery filled with praline","2",0,"Ambiant (long)","Pas de préparation",5,1.1819429,9.9208524,0.0000027802774,0.85500331,0.023417549,4.715732e-7,2.610029e-7,4.1950102e-9,0.052841943,0.0014137942,0.031951847,0.21229723,54.063076,438.50963,43.788469,64.350941,0.000089627765,"PACK PROXY"
"31000","31000","produits sucrés","chocolats et produits à base de chocolat","Barre chocolatée biscuitée","Chocolate bar with biscuit","2",0,"Ambiant (long)","Pas de préparation",5,0.53048504,6.9603071,3.7021067e-8,0.77954609,0.014595649,3.3258238e-7,4.8504624e-8,4.1591599e-9,0.041740487,0.0010839196,0.021336258,0.16386395,36.87073,268.56958,0.99843869,42.005436,0.000013549832,"PACK PROXY"
"31071","31071","produits sucrés","chocolats et produits à base de chocolat","Barre chocolatée aux fruits secs","Chocolate bar with dried fruits","2",0,"Ambiant (long)","Pas de préparation",5,0.37242186,5.3329634,2.6751723e-8,0.68586544,0.011204056,1.6442358e-7,2.1321826e-8,3.120538e-9,0.01700697,0.00094890728,0.013705619,0.056967714,16.104166,180.99894,2.8998564,35.848804,0.000010267947,"PACK PROXY"
"23585","23585","produits céréaliers","gâteaux et pâtisseries","Gâteau au chocolat","Chocolate cake","2",0,"Ambiant (long)","Pas de préparation",5,0.63360022,8.2410633,0.0000017896674,0.67911431,0.016642446,3.142107e-7,4.3686657e-8,3.6018428e-9,0.040268202,0.001010345,0.024780134,0.16471056,46.76742,329.76699,1.5167325,45.454101,0.000054186599,"PACK PROXY"
"39234","39234","lait et produits laitiers","produits laitiers frais et assimilés","Gâteau au chocolat, cœur fondant, rayon frais","Chocolate cake w melting centre, refrigerated","2",0,"Glacé","Pas de préparation",5,0.60888912,8.1155091,6.862417e-8,0.81741361,0.017253514,3.5586966e-7,5.3843868e-8,3.6823639e-9,0.046553542,0.0010431381,0.02550524,0.19410729,52.143723,338.17929,1.1883508,47.983365,0.000014073785,"PACK AGB"
"31106","31106","produits céréaliers","céréales de petit-déjeuner et biscuits","Barre céréalière chocolatée","Chocolate cereal bar","2",0,"Ambiant (long)","Pas de préparation",5,0.5062268799999999,6.6111446,5.3456521e-8,0.59331358,0.01427277,3.1149754e-7,4.4642094e-8,2.73717e-9,0.041485376,0.00067593152,0.019335581,0.17303224,33.693071,239.16656,1.1689062,47.82863,0.000011218066,"PACK PROXY"
"31012","31012","produits sucrés","chocolats et produits à base de chocolat","Barres ou confiserie chocolatées au lait","Chocolate confectionery or bar, with dairy filling","2",0,"Ambiant (long)","Pas de préparation",5,0.53048504,6.9603071,3.7021067e-8,0.77954609,0.014595649,3.3258238e-7,4.8504624e-8,4.1591599e-9,0.041740487,0.0010839196,0.021336258,0.16386395,36.87073,268.56958,0.99843869,42.005436,0.000013549832,"PACK PROXY"
"31063","31063","produits sucrés","chocolats et produits à base de chocolat","Bouchée chocolat fourrage fruits à coques et/ou praliné","Chocolate confectionery, filled with nuts and/or praline","2",0,"Ambiant (long)","Pas de préparation",5,1.1819429,9.9208524,0.0000027802774,0.85500331,0.023417549,4.715732e-7,2.610029e-7,4.1950102e-9,0.052841943,0.0014137942,0.031951847,0.21229723,54.063076,438.50963,43.788469,64.350941,0.000089627765,"PACK PROXY"
"31091","31091","produits sucrés","chocolats et produits à base de chocolat","Bonbon / bouchée au chocolat fourrage gaufrettes / biscuit","Chocolate confectionery, filled with wafer","2",0,"Ambiant (long)","Pas de préparation",5,1.1819429,9.9208524,0.0000027802774,0.85500331,0.023417549,4.715732e-7,2.610029e-7,4.1950102e-9,0.052841943,0.0014137942,0.031951847,0.21229723,54.063076,438.50963,43.788469,64.350941,0.000089627765,"PACK PROXY"
"31041","31041","produits sucrés","chocolats et produits à base de chocolat","Confiserie au chocolat dragéifiée","Chocolate confectionery, sugar coated","2",0,"Ambiant (long)","Pas de préparation",5,1.1819429,9.9208524,0.0000027802774,0.85500331,0.023417549,4.715732e-7,2.610029e-7,4.1950102e-9,0.052841943,0.0014137942,0.031951847,0.21229723,54.063076,438.50963,43.788469,64.350941,0.000089627765,"PACK PROXY"
"7733","7733","produits céréaliers","pains et viennoiseries","Pain au chocolat, préemballé","Chocolate croissant, prepacked","2",0,"Ambiant (court)","Pas de préparation",5,0.37644527,4.9775262,2.4626579e-8,0.54316285,0.0096519374,2.4376529e-7,3.7945984e-8,2.2586011e-9,0.032827163,0.00051881147,0.016270645,0.13945379,24.826696,205.78695,0.52860429,27.654598,0.0000065332891,"PACK PROXY"
"7730","7730","produits céréaliers","pains et viennoiseries","Pain au chocolat feuilleté, artisanal","Chocolate croissant, puff pastry, from bakery","2",0,"Ambiant (court)","Pas de préparation",5,0.45802207,5.4181412,0.0000016873598,0.56769574,0.010952831,2.5943879e-7,4.1922166e-8,2.3675382e-9,0.034222932,0.00059796628,0.016611098,0.14208297,26.020794,207.01897,0.55113231,34.383884,0.000047912946,"PACK PROXY"
"19122","19122","boissons","boissons sans alcool","Boisson lactée aromatisée au chocolat, sucrée, au lait partiellement écrémé, enrichie et/ou restaurée en vitamines et/ou minéraux","Chocolate flavoured milk, with sugar, partially skimmed, fortified with vitamins and chemicals elements","2",0,"Glacé","Pas de préparation",5,0.13317837999999999,1.3159061,2.930288e-8,0.23619997,0.0035310594,1.1499469e-7,1.980607e-8,5.288261e-10,0.014966042,0.00013819313,0.0035361093,0.062191616,9.5183617,37.74657,0.20036133,13.620643,0.0000045613862,"PACK PROXY"
"39206","39206","lait et produits laitiers","produits laitiers frais et assimilés","Mousse au chocolat (base laitière), rayon frais","Chocolate mousse (milk-based), refrigerated","2",0,"Glacé","Pas de préparation",5,0.60589156,9.8452144,6.137375e-8,0.40892736,0.019244929,2.4928831e-7,3.0965386e-8,4.6253597e-9,0.03000851,0.0012697843,0.02902882,0.12096422,58.28198,424.45496,0.90824455,39.758346,0.00001082347,"PACK AGB"
"11300","11300","aides culinaires et ingrédients divers","sauces","Sauce au chocolat","Chocolate sauce","2",0,"Ambiant (long)","Pas de préparation",5,0.43797261000000004,7.2160357,2.7755063e-8,0.60555886,0.012892494,1.9285174e-7,2.9461202e-8,3.008867e-9,0.023182654,0.00080184249,0.018972105,0.095383593,20.812701,272.21249,0.50604191,34.514005,0.0000063844705,"PACK PROXY"
"31073","31073","produits sucrés","chocolats et produits à base de chocolat","Barre goûter frais au lait et chocolat","Chocolate snack bar, dairy filling","2",0,"Ambiant (long)","Pas de préparation",5,0.53048504,6.9603071,3.7021067e-8,0.77954609,0.014595649,3.3258238e-7,4.8504624e-8,4.1591599e-9,0.041740487,0.0010839196,0.021336258,0.16386395,36.87073,268.56958,0.99843869,42.005436,0.000013549832,"PACK PROXY"
"31099","31099","produits sucrés","chocolats et produits à base de chocolat","Barre goûter frais au lait et chocolat avec génoise","Chocolate snack bar, dairy filling with sponge cake","2",0,"Ambiant (long)","Pas de préparation",5,0.53048504,6.9603071,3.7021067e-8,0.77954609,0.014595649,3.3258238e-7,4.8504624e-8,4.1591599e-9,0.041740487,0.0010839196,0.021336258,0.16386395,36.87073,268.56958,0.99843869,42.005436,0.000013549832,"PACK PROXY"
"23586","23586","produits céréaliers","gâteaux et pâtisseries","Gâteau moelleux au chocolat, préemballé","Chocolate soft cake, prepacked","2",0,"Ambiant (long)","Pas de préparation",5,0.66659455,10.033274,0.000001785772,0.66268182,0.018572414,2.674683e-7,3.458081e-8,4.2136173e-9,0.032631027,0.00116757,0.027577623,0.13219171,35.147725,386.40367,0.98540435,46.948557,0.000051988435,"PACK PROXY"
"31032","31032","produits sucrés","chocolats et produits à base de chocolat","Pâte à tartiner chocolat et noisette","Chocolate spread with hazelnuts","2",0,"Ambiant (long)","Pas de préparation",5,0.80859596,8.0025734,3.8695784e-8,0.72759379,0.017537646,4.2798662e-7,1.7624668e-7,3.4938758e-9,0.051787624,0.00094763686,0.026001269,0.21307681,40.954301,344.79102,24.487249,44.382792,0.000015317078,"PACK PROXY"
"23497","23497","produits céréaliers","gâteaux et pâtisseries","Tarte au chocolat, fabrication artisanale","Chocolate tart from bakery","2",0,"Ambiant (long)","Pas de préparation",5,0.61650004,8.145577,0.0000017880952,0.68280114,0.0158226,3.1450043e-7,4.7869358e-8,3.5781441e-9,0.040962458,0.00092370918,0.024025387,0.16915635,40.035389,317.67031,0.77903926,43.741249,0.000052441701,"PACK PROXY"
"23457","23457","produits céréaliers","gâteaux et pâtisseries","Chou à la crème pâtissière","Chou pastry filled with custard","2",0,"Ambiant (long)","Pas de préparation",5,0.28252545,2.0668568,0.0000017776965,0.58312365,0.0058841763,1.7865896e-7,2.9692823e-8,9.754185e-10,0.023556369,0.00028018399,0.0077999253,0.096046295,21.958669,73.951592,0.5153434,28.724037,0.000049118032,"PACK PROXY"
"23456","23456","produits céréaliers","gâteaux et pâtisseries","Chou à la crème chantilly","Chou pastry filled with whipped cream","2",0,"Ambiant (long)","Pas de préparation",5,0.36785781,2.8430926,0.000001783448,0.63641653,0.0074745427,2.6527409e-7,4.6806216e-8,1.4635582e-9,0.036439301,0.00033321169,0.011147452,0.15163664,33.487001,112.23851,0.450113,31.844067,0.000050759428,"PACK PROXY"
"23005","23005","produits céréaliers","gâteaux et pâtisseries","Gâteau Paris-Brest (pâte à choux crème mousseline praliné)","Chou pastry with praline flavoured creme","2",0,"Ambiant (long)","Pas de préparation",5,0.40196764,4.5445535,0.0000017802477,0.61260447,0.0095829512,2.1302024e-7,3.5265844e-8,1.962343e-9,0.027572581,0.0005279048,0.013497208,0.11263217,25.29955,165.5258,0.51107897,34.023425,0.000049816966,"PACK PROXY"
"23467","23467","produits céréaliers","pains et viennoiseries","Chouquette","Chou pastry, sugar coated","2",0,"Ambiant (court)","Pas de préparation",5,0.22417691,1.7619265,2.2638542e-8,0.51475836,0.0053600564,1.8980594e-7,2.4428221e-8,1.0086587e-9,0.025884164,0.0002456009,0.0092099275,0.10957971,26.963039,90.046586,0.80985338,22.111923,0.0000059570103,"PACK PROXY"
"7744","7744","produits céréaliers","pains et viennoiseries","Couronne de Noël (Brioche) aux fruits confits, préemballée","Christmas brioche with candied fruits, prepacked","2",0,"Ambiant (court)","Pas de préparation",5,0.31432573999999996,2.6070211,2.7915285e-8,0.56304256,0.0069749671,2.787321e-7,4.5298531e-8,1.559487e-9,0.039277938,0.00031655242,0.012762016,0.16615884,36.985092,133.95392,0.66082206,24.986913,0.0000088344913,"PACK PROXY"
"23030","23030","produits céréaliers","gâteaux et pâtisseries","Bûche de Noël pâtissière","Christmas log cake","2",0,"Ambiant (long)","Pas de préparation",5,0.61326358,8.3539197,0.0000017872749,0.67329225,0.016236882,2.8990008e-7,4.0760586e-8,3.6334168e-9,0.03695959,0.00097590743,0.024361883,0.15148717,39.050482,326.39468,0.91671333,44.262152,0.000052263956,"PACK PROXY"
"5020","5020","boissons","boisson alcoolisées","Cidre traditionnel","Cider","2",0,"Glacé","Réfrigéré chez le consommateur",5,0.1422483,1.6030161,4.5953145e-8,0.36410188,0.0062668485,6.7850717e-8,2.1695197e-8,4.7975279e-10,0.0063546355,0.00018496844,0.0025577195,0.017771571,24.592295,27.179195,0.57885644,23.840604,0.0000069553805,"PACK PROXY"
"5006","5006","boissons","boisson alcoolisées","Cidre brut","Cider, dry","2",0,"Glacé","Réfrigéré chez le consommateur",5,0.1422483,1.6030161,4.5953145e-8,0.36410188,0.0062668485,6.7850717e-8,2.1695197e-8,4.7975279e-10,0.0063546355,0.00018496844,0.0025577195,0.017771571,24.592295,27.179195,0.57885644,23.840604,0.0000069553805,"PACK PROXY"
"5021","5021","boissons","boisson alcoolisées","Cidre bouché demi-sec","Cider, half-dry","2",0,"Glacé","Réfrigéré chez le consommateur",5,0.1422483,1.6030161,4.5953145e-8,0.36410188,0.0062668485,6.7850717e-8,2.1695197e-8,4.7975279e-10,0.0063546355,0.00018496844,0.0025577195,0.017771571,24.592295,27.179195,0.57885644,23.840604,0.0000069553805,"PACK PROXY"
"5007","5007","boissons","boisson alcoolisées","Cidre doux","Cider, sweet","2",0,"Glacé","Réfrigéré chez le consommateur",5,0.1422483,1.6030161,4.5953145e-8,0.36410188,0.0062668485,6.7850717e-8,2.1695197e-8,4.7975279e-10,0.0063546355,0.00018496844,0.0025577195,0.017771571,24.592295,27.179195,0.57885644,23.840604,0.0000069553805,"PACK PROXY"
"11025","11025","aides culinaires et ingrédients divers","épices","Cannelle, poudre","Cinnamon, powder","2",0,"Ambiant (long)","Pas de préparation",5,0.99657657,7.5030107,1.3726091e-7,0.42131832,0.037242788,4.8718829e-7,1.048828e-7,1.9460466e-9,0.061449589,0.0016506714,0.055361969,0.21428184,74.577415,622.26797,18.299776,81.116021,0.000081431693,"PACK PROXY"
"1001","1001","boissons","boisson alcoolisées","Eau de vie","Clear fruit brandy or eau-de-vie","2",0,"Ambiant (long)","Pas de préparation",5,0.71521868,4.5401741,8.8332988e-8,1.2180465,0.020507775,3.0489885e-7,2.022893e-7,4.2867304e-9,0.031161959,0.0009969554,0.038862396,0.11640666,337.10733,710.27888,1.2955792,63.941009,0.000050695293,"PACK PROXY"
"13024_2","13024","fruits, légumes, légumineuses et oléagineux","fruits","Clémentine, pulpe, crue","Clementine, pulp, raw","2",0,"Ambiant (moyen)","Pas de préparation",5,0.17269808,0.83665311,2.1564433e-8,0.059222433,0.002781665,4.0626673e-8,1.2836652e-8,2.6212122e-10,0.0042501016,0.00014026041,0.0014773064,0.015345615,57.96543,36.518358,11.588271,7.9295713,0.0000043589183,"PACK AGB"
"11052","11052","aides culinaires et ingrédients divers","épices","Clou de girofle","Cloves","2",0,"Ambiant (long)","Pas de préparation",5,1.0164986,7.7523389,1.3711742e-7,0.43105304,0.037044976,4.905272e-7,1.0707654e-7,1.9736522e-9,0.061677468,0.0019077099,0.055792636,0.21465838,75.661326,628.7194,18.51161,83.689605,0.000082201612,"PACK PROXY"
"31001","31001","produits sucrés","chocolats et produits à base de chocolat","Barre chocolatée non biscuitée enrobée","Coated chocolate bar without biscuit","2",0,"Ambiant (long)","Pas de préparation",5,0.47908425,5.8436663,3.6191925e-8,0.74858087,0.012818251,3.2971834e-7,5.0320711e-8,3.7072692e-9,0.042026553,0.00092264002,0.018522967,0.16574159,34.040861,226.20631,0.85416623,38.806272,0.000013125729,"PACK PROXY"
"38406","38406","produits céréaliers","céréales de petit-déjeuner et biscuits","Cacahuètes (arachide) enrobées d'un biscuit, pour apéritif","Coated peanuts","2",0,"Ambiant (long)","Pas de préparation",5,0.38125158,2.5132835,7.6077227e-7,0.52961252,0.0082371138,2.3440776e-7,5.2791838e-8,8.4648943e-10,0.033450813,0.00067132753,0.020487623,0.13984117,14.094396,255.62661,6.1997831,26.735765,0.000026380406,"PACK PROXY"
"25121","25121","entrées et plats composés","plats composés","Coq au vin","Cockerel in red wine sauce","2",0,"Glacé","Micro-onde",5,0.7633158800000001,5.3628024,1.251766e-7,1.0478922,0.020996959,7.230752e-7,8.2292834e-8,7.9351677e-9,0.097849621,0.0008679131,0.026601071,0.41132787,138.21773,222.20035,1.4406864,66.93505,0.000025833131,"PACK AGB"
"30746","30746","viandes, œufs, poissons","charcuteries","Saucisse cocktail","Cocktail sausage","2",0,"Glacé","Four",5,0.5674288900000001,4.300743,6.6046362e-8,1.6632518,0.011219142,4.6752857e-7,5.2647043e-8,2.6000915e-9,0.065241985,0.00064664692,0.018075792,0.27272972,114.3992,216.35569,1.0729058,57.737092,0.00001958292,"PACK AGB"
"2008","2008","boissons","boisson alcoolisées","Cocktail sans alcool (à base de jus de fruits et de sirop)","Cocktail, alcohol-free (juices and syrup-based cocktail)","2",0,"Glacé","Réfrigéré chez le consommateur",5,0.11170479,1.1229542,2.9838539e-8,0.28981303,0.0046422937,6.5854057e-8,1.6307174e-8,6.0960641e-10,0.0061029923,0.00013159869,0.0017697169,0.017881123,27.478023,20.863116,0.42229036,18.54902,0.0000040100062,"PACK PROXY"
"1022","1022","boissons","boisson alcoolisées","Cocktail type punch, 16% alcool","Cocktail, punch type, 16% alcohol","2",0,"Glacé","Réfrigéré chez le consommateur",5,0.30108143,2.1805304,5.3191037e-8,0.58967699,0.0096481165,1.4325749e-7,7.3982459e-8,1.9940939e-9,0.01447422,0.0003980455,0.012993413,0.051116451,124.77893,221.43495,0.89260109,32.945628,0.000017997104,"PACK PROXY"
"16030","16030","matières grasses","huiles et graisses végétales","Beurre de cacao","Cocoa butter","2",0,"Ambiant (long)","Pas de préparation",5,1.3077474999999998,27.360444,3.4814278e-8,0.24393652,0.045088707,3.1479886e-7,3.7500823e-8,1.1326763e-8,0.030814747,0.0027830826,0.063420396,0.11549331,55.124736,1047.2108,0.42239373,66.517313,0.0000091861052,"PACK PROXY"
"18100","18100","boissons","boissons sans alcool","Cacao, non sucré, poudre soluble","Cocoa powder, without sugar, powder, instant, non rehydrated","2",0,"Ambiant (long)","Pas de préparation",5,1.4425945999999998,29.113725,4.7588032e-8,0.49779,0.051934807,4.0425308e-7,4.9502043e-8,1.12661e-8,0.038475796,0.0028807548,0.065363043,0.13099568,70.471898,1053.8086,0.71356778,92.01192,0.000011502129,"PACK PROXY"
"31002","31002","produits sucrés","chocolats et produits à base de chocolat","Barre à la noix de coco, enrobée de chocolat","Coconut bar, with chocolate coating","2",0,"Ambiant (long)","Pas de préparation",5,0.37242186,5.3329634,2.6751723e-8,0.68586544,0.011204056,1.6442358e-7,2.1321826e-8,3.120538e-9,0.01700697,0.00094890728,0.013705619,0.056967714,16.104166,180.99894,2.8998564,35.848804,0.000010267947,"PACK PROXY"
"18041","18041","boissons","boissons sans alcool","Lait de coco ou Crème de coco","Coconut milk or coconut cream","2",0,"Glacé","Pas de préparation",5,0.083902039,0.77286564,2.7431836e-8,0.21576483,0.0028979129,3.8518328e-8,1.0500856e-8,7.3005254e-10,0.0035733273,0.00014640649,0.0026713505,0.011195389,7.7807871,21.261602,1.3768243,12.831618,0.0000032878143,"PACK PROXY"
"16060","16060","matières grasses","huiles et graisses végétales","Huile ou graisse de coco (coprah), raffinée","Coconut oil (coprah)","2",0,"Ambiant (long)","Pas de préparation",5,0.6681102499999999,4.3138426,4.6363625e-8,0.24185759,0.021297258,4.8954794e-7,9.8059501e-8,1.5597508e-8,0.039685438,0.0017897067,0.03038122,0.14137104,219.78017,435.48075,8.5863307,42.526685,0.000022883412,"PACK PROXY"
"18907","18907","boissons","boissons sans alcool","Boisson à la noix de coco, nature, préemballée","Coconut water","2",0,"Ambiant (long)","Pas de préparation",5,0.059363918,0.46365507,8.5679908e-9,0.11267157,0.0022545568,3.2220622e-8,1.9480464e-8,4.3296058e-10,0.0036956756,0.00014515239,0.0015446357,0.0092902852,6.4636686,15.765864,0.70257435,7.3415269,0.0000042263109,"PACK PROXY"
"15014","15014","fruits, légumes, légumineuses et oléagineux","fruits à coque et graines oléagineuses","Noix de coco, amande immature, fraîche","Coconut, immature kernel, fresh","2",0,"Ambiant (long)","Pas de préparation",5,0.5530580199999999,3.6776813,2.8377675e-8,0.22606687,0.015359763,2.2938377e-7,9.6164515e-8,8.3687196e-9,0.028779636,0.00054588045,0.035599598,0.10757226,100.16785,211.96528,20.812896,25.807125,0.0000094401254,"PACK PROXY"
"15007","15007","fruits, légumes, légumineuses et oléagineux","fruits à coque et graines oléagineuses","Noix de coco, amande, sèche","Coconut, kernel, dried","2",0,"Ambiant (long)","Pas de préparation",5,2.0017275999999997,11.669856,6.756338e-8,0.2995983,0.053835365,8.3320112e-7,3.5997483e-7,3.2877194e-8,0.11037299,0.0017657528,0.14022331,0.41805137,392.47755,838.23273,82.569319,61.747511,0.00002736881,"PACK PROXY"
"15006","15006","fruits, légumes, légumineuses et oléagineux","fruits à coque et graines oléagineuses","Noix de coco, amande mûre, fraîche","Coconut, ripe kernel, fresh","2",0,"Ambiant (long)","Pas de préparation",5,0.5530580199999999,3.6776813,2.8377675e-8,0.22606687,0.015359763,2.2938377e-7,9.6164515e-8,8.3687196e-9,0.028779636,0.00054588045,0.035599598,0.10757226,100.16785,211.96528,20.812896,25.807125,0.0000094401254,"PACK PROXY"
"18011","18011","boissons","boissons sans alcool","Boisson à la noix de coco, nature, préemballée","Coconut-based drink, plain, prepacked","2",0,"Ambiant (long)","Pas de préparation",5,0.10035967,0.74398929,4.1717169e-7,0.096569804,0.0053401323,4.3248985e-8,9.4521483e-9,1.0684076e-9,0.0077259571,0.00027209992,0.0032327541,0.022253738,14.523252,29.606284,0.57938309,10.226824,0.000012166768,"PACK PROXY"
"17630","17630","matières grasses","huiles de poissons","Huile de foie de morue","Cod liver oil","2",0,"Ambiant (long)","Pas de préparation",5,0.29748075999999996,3.067245,4.5721684e-8,0.31012367,0.019538996,2.5318826e-7,2.471057e-8,9.1284299e-10,0.024597692,0.00039623915,0.0060657931,0.060047972,17.706064,17.060042,1.0264926,44.17444,0.000012352437,"PACK PROXY"
"26043","26043","viandes, œufs, poissons","poissons crus","Cabillaud, cru","Cod, raw","2",0,"Glacé","Pas de préparation",5,1.9688571000000001,12.188752,0.0000017640754,0.28003355,0.23912983,0.0000024713049,4.7505226e-8,5.4092627e-9,0.31970158,0.00052943654,0.078563124,0.85806833,12.058341,16.31433,0.39493123,161.74181,0.000065558231,"PACK PROXY"
"26023","26023","viandes, œufs, poissons","poissons cuits","Cabillaud, rôti/cuit au four","Cod, roasted/baked","2",0,"Glacé","Four",5,2.4367512000000002,14.971152,0.0000021565617,0.85906355,0.29233644,0.0000030233252,6.1668391e-8,6.670658e-9,0.39103808,0.00069325312,0.096056254,1.0488041,15.250525,20.57012,0.51751326,208.98779,0.000084280085,"PACK PROXY"
"26024","26024","viandes, œufs, poissons","poissons cuits","Morue, salée, bouillie/cuite à l'eau","Cod, salted, boiled/cooked in water","2",0,"Glacé","Four",5,2.4367512000000002,14.971152,0.0000021565617,0.85906355,0.29233644,0.0000030233252,6.1668391e-8,6.670658e-9,0.39103808,0.00069325312,0.096056254,1.0488041,15.250525,20.57012,0.51751326,208.98779,0.000084280085,"PACK PROXY"
"26098","26098","viandes, œufs, poissons","poissons crus","Morue, salée, sèche","Cod, salted, dried","2",0,"Glacé","Pas de préparation",5,1.9688571000000001,12.188752,0.0000017640754,0.28003355,0.23912983,0.0000024713049,4.7505226e-8,5.4092627e-9,0.31970158,0.00052943654,0.078563124,0.85806833,12.058341,16.31433,0.39493123,161.74181,0.000065558231,"PACK PROXY"
"26025","26025","viandes, œufs, poissons","poissons cuits","Cabillaud, cuit à la vapeur","Cod, steamed","2",0,"Glacé","Four",5,2.4367512000000002,14.971152,0.0000021565617,0.85906355,0.29233644,0.0000030233252,6.1668391e-8,6.670658e-9,0.39103808,0.00069325312,0.096056254,1.0488041,15.250525,20.57012,0.51751326,208.98779,0.000084280085,"PACK PROXY"
"18151","18151","boissons","boissons sans alcool","Café au lait, café crème ou cappuccino, instantané ou non, non sucré, prêt à boire","Coffee with milk or white coffee or cappuccino, instant coffee or not, without sugar, ready-to-drink","2",0,"Ambiant (long)","Cuisson à l'eau",5,0.09083126300000001,0.83063711,8.639752e-9,0.12819522,0.0025872873,7.2130434e-8,1.9622697e-8,5.4603354e-10,0.008696208,0.00011633142,0.0035713283,0.03422129,12.867221,26.283326,0.47189721,8.625624,0.0000025386554,"PACK PROXY"
"18003","18003","boissons","boissons sans alcool","Café, moulu","Coffee, ground","2",0,"Ambiant (long)","Pas de préparation",5,1.3838423,9.2355316,8.8537225e-8,0.17517066,0.034287986,0.0000011830741,6.0843911e-7,1.5596888e-8,0.1460026,0.0018334414,0.087959175,0.61686409,340.43348,416.54905,9.6262819,53.005072,0.000039908914,"PACK PROXY"
"18018","18018","boissons","boissons sans alcool","Cola, sucré","Cola, with sugar","2",0,"Glacé","Pas de préparation",5,0.071651759,0.51481871,4.2542804e-7,0.21932514,0.0019784286,3.5390217e-8,4.9489947e-9,1.5340409e-10,0.0036230421,0.000094904744,0.0010028054,0.013088428,8.9145576,13.418356,0.30207958,10.56034,0.000013150697,"PACK PROXY"
"18037","18037","boissons","boissons sans alcool","Cola, sucré, avec édulcorants","Cola, with sugar and artificial sweetener(s)","2",0,"Glacé","Pas de préparation",5,0.071651759,0.51481871,4.2542804e-7,0.21932514,0.0019784286,3.5390217e-8,4.9489947e-9,1.5340409e-10,0.0036230421,0.000094904744,0.0010028054,0.013088428,8.9145576,13.418356,0.30207958,10.56034,0.000013150697,"PACK PROXY"
"18067","18067","boissons","boissons sans alcool","Cola, sucré, sans caféine","Cola, with sugar and without caffeine","2",0,"Glacé","Pas de préparation",5,0.071651759,0.51481871,4.2542804e-7,0.21932514,0.0019784286,3.5390217e-8,4.9489947e-9,1.5340409e-10,0.0036230421,0.000094904744,0.0010028054,0.013088428,8.9145576,13.418356,0.30207958,10.56034,0.000013150697,"PACK PROXY"
"18060","18060","boissons","boissons sans alcool","Cola, non sucré, avec édulcorants","Cola, without sugar and with artificial sweetener(s)","2",0,"Glacé","Pas de préparation",5,0.071651759,0.51481871,4.2542804e-7,0.21932514,0.0019784286,3.5390217e-8,4.9489947e-9,1.5340409e-10,0.0036230421,0.000094904744,0.0010028054,0.013088428,8.9145576,13.418356,0.30207958,10.56034,0.000013150697,"PACK PROXY"
"18068","18068","boissons","boissons sans alcool","Cola, non sucré, avec édulcorants, sans caféine","Cola, without sugar, with artificial sweetener(s) and with caffeine","2",0,"Glacé","Pas de préparation",5,0.071651759,0.51481871,4.2542804e-7,0.21932514,0.0019784286,3.5390217e-8,4.9489947e-9,1.5340409e-10,0.0036230421,0.000094904744,0.0010028054,0.013088428,8.9145576,13.418356,0.30207958,10.56034,0.000013150697,"PACK PROXY"
"26259","26259","entrées et plats composés","salades composées et crudités","Salade de chou ou Coleslaw, avec sauce, préemballée","Coleslaw, w sauce, prepacked","2",0,"Glacé","Pas de préparation",5,0.14063196,1.3565659,6.7019696e-8,0.20694659,0.0046205835,7.1915284e-8,1.9652556e-8,1.7647943e-9,0.0081062127,0.0002666806,0.0047567064,0.029987686,17.072029,65.509417,1.063503,18.929017,0.0000064203997,"PACK AGB"
"17700","17700","matières grasses","huiles et graisses végétales","Huile combinée (mélange d'huiles)","Combined oil (blended vegetable oils)","2",0,"Ambiant (long)","Pas de préparation",5,0.37749046,2.7734776,2.8229067e-7,0.24160842,0.0099473041,2.3815496e-7,4.2711664e-8,3.8539944e-9,0.032007538,0.00087339267,0.021895079,0.13385392,101.23632,441.9767,0.61617548,21.992314,0.000013997203,"PACK AGB"
"17701","17701","matières grasses","huiles et graisses végétales","Huile combinée, mélange d'huile d'olive et de graines","Combined oil (mix of olive oil and seeds oil)","2",0,"Ambiant (long)","Pas de préparation",5,0.40644806,2.5011383,2.7004112e-7,0.23063429,0.010379529,2.6084034e-7,7.7725607e-8,2.6043911e-9,0.035695345,0.00068688438,0.020013776,0.14966061,78.204036,447.87054,5.2352523,22.100189,0.000014667132,"PACK AGB"
"26187","26187","viandes, œufs, poissons","produits à base de poissons et produits de la mer","Anchois commun, mariné","Common anchovy, marinated","2",0,"Glacé","Pas de préparation",5,0.56741905,5.5643779,1.6034102e-7,0.21364298,0.033983119,3.7544613e-7,3.8163955e-8,3.3190902e-9,0.051911527,0.0015725821,0.022132616,0.13493939,59.275166,196.02861,0.79146998,63.071752,0.000026044874,"PACK AGB"
"26079","26079","viandes, œufs, poissons","poissons crus","Anchois commun, cru","Common anchovy, raw","2",0,"Glacé","Pas de préparation",5,0.36140817,2.5854003,0.0000015364746,0.2205291,0.030063648,3.0283117e-7,1.8971843e-8,8.2391801e-10,0.0374901,0.00025193627,0.0094910651,0.10244829,5.4024388,8.7485783,0.18284992,37.403699,0.000055932067,"PACK PROXY"
"26057","26057","viandes, œufs, poissons","poissons crus","Limande, crue","Common dab, raw","2",0,"Glacé","Pas de préparation",5,1.9688571000000001,12.188752,0.0000017640754,0.28003355,0.23912983,0.0000024713049,4.7505226e-8,5.4092627e-9,0.31970158,0.00052943654,0.078563124,0.85806833,12.058341,16.31433,0.39493123,161.74181,0.000065558231,"PACK PROXY"
"26103","26103","viandes, œufs, poissons","poissons crus","Denté, cru","Common dentex, raw","2",0,"Glacé","Pas de préparation",5,1.9688571000000001,12.188752,0.0000017640754,0.28003355,0.23912983,0.0000024713049,4.7505226e-8,5.4092627e-9,0.31970158,0.00052943654,0.078563124,0.85806833,12.058341,16.31433,0.39493123,161.74181,0.000065558231,"PACK PROXY"
"26061","26061","viandes, œufs, poissons","poissons cuits","Sole, bouillie/cuite à l'eau","Common sole, boiled/cooked in water","2",0,"Glacé","Four",5,1.6472088999999999,9.3710694,0.0000020278661,0.84011139,0.15682384,0.0000016181809,1.2490049e-7,4.580668e-9,0.20968897,0.00077420029,0.051347594,0.55603277,31.640555,17.309876,0.82299329,137.11359,0.00024193131,"PACK PROXY"
"26062","26062","viandes, œufs, poissons","poissons cuits","Sole, frite","Common sole, fried","2",0,"Glacé","Poêle",5,1.6288357,9.4038286,0.0000020299468,0.4385151,0.15675275,0.0000016150828,1.2240652e-7,4.5892112e-9,0.20937787,0.00074907452,0.051438411,0.55599366,32.143021,20.173276,0.79997182,129.68216,0.00023878329,"PACK PROXY"
"26248","26248","viandes, œufs, poissons","poissons cuits","Sole, poêlée","Common sole, grilled","2",0,"Glacé","Four",5,1.6472088999999999,9.3710694,0.0000020278661,0.84011139,0.15682384,0.0000016181809,1.2490049e-7,4.580668e-9,0.20968897,0.00077420029,0.051347594,0.55603277,31.640555,17.309876,0.82299329,137.11359,0.00024193131,"PACK PROXY"
"26058","26058","viandes, œufs, poissons","poissons crus","Sole, crue","Common sole, raw","2",0,"Glacé","Pas de préparation",5,1.3222520999999998,7.6024979,0.0000016586786,0.26451245,0.12815018,0.0000013205452,9.9289907e-8,3.6976405e-9,0.17118358,0.00059572919,0.041948434,0.45450738,25.481151,13.644315,0.64510774,102.87958,0.00019466858,"PACK PROXY"
"26060","26060","viandes, œufs, poissons","poissons cuits","Sole, rôtie/cuite au four","Common sole, roasted/baked","2",0,"Glacé","Pas de préparation",5,1.2805504,7.5965916,2.1673602e-7,0.27179537,0.12827372,0.0000013178624,9.8649021e-8,3.7023537e-9,0.17087034,0.00061019462,0.041960752,0.45471605,25.836284,16.940229,0.73943216,103.51167,0.00015973606,"PACK PROXY"
"26059","26059","viandes, œufs, poissons","poissons cuits","Sole, cuite à la vapeur","Common sole, steamed","2",0,"Glacé","Four",5,1.5962888,9.3638575,2.6717053e-7,0.84900425,0.1569747,0.0000016149051,1.2411793e-7,4.5864231e-9,0.2093065,0.00079186342,0.051362635,0.55628757,32.074193,21.334379,0.93816888,137.88541,0.00019927668,"PACK PROXY"
"12110","12110","lait et produits laitiers","fromages","Comté","Comté cheese, from cow's milk","2",0,"Glacé","Pas de préparation",5,0.55602836,5.1629911,4.7906976e-8,0.56667082,0.011250646,5.6752025e-7,9.1026902e-8,2.3629546e-9,0.078671047,0.00049026654,0.018990773,0.33528916,47.219175,187.26376,0.68245623,32.27179,0.000012501472,"PACK AGB"
"19027","19027","lait et produits laitiers","laits","Lait concentré sucré, entier","Condensed milk, with sugar, whole","2",0,"Ambiant (long)","Pas de préparation",5,0.19834805,1.6927357,1.8462988e-7,0.15071293,0.0043174931,1.930126e-7,2.0957175e-8,6.852045e-10,0.026444751,0.00018277648,0.006614544,0.11238292,15.234258,61.899202,0.88946533,12.804375,0.0000090670663,"PACK AGB"
"19026","19026","lait et produits laitiers","laits","Lait concentré non sucré, entier","Condensed milk, without sugar, whole","2",0,"Ambiant (long)","Pas de préparation",5,0.22927447,2.1172327,1.8629973e-7,0.17613825,0.0045811867,2.2584741e-7,3.8112246e-8,9.9105058e-10,0.031909967,0.00016451585,0.0073703185,0.13620504,19.64931,77.452015,0.27290436,12.999777,0.0000091565465,"PACK AGB"
"24685","24685","produits céréaliers","céréales de petit-déjeuner et biscuits","Cône ou cornet classique, pour glace","Cone, wafer for ice cream","2",0,"Ambiant (long)","Pas de préparation",5,0.35221262,3.1887947,4.392188e-8,0.60080075,0.0087539858,2.8585708e-7,4.1010468e-8,1.5364586e-9,0.03939499,0.00035907644,0.012881518,0.16613809,32.743925,128.33672,1.07915,36.849587,0.0000099554494,"PACK PROXY"
"26127","26127","viandes, œufs, poissons","poissons crus","Congre, cru","Conger, raw","2",0,"Glacé","Pas de préparation",5,1.9688571000000001,12.188752,0.0000017640754,0.28003355,0.23912983,0.0000024713049,4.7505226e-8,5.4092627e-9,0.31970158,0.00052943654,0.078563124,0.85806833,12.058341,16.31433,0.39493123,161.74181,0.000065558231,"PACK PROXY"
"28910","28910","viandes, œufs, poissons","charcuteries","Jambon cuit, choix","Cooked ham, choice","2",0,"Glacé","Pas de préparation",5,0.91434829,7.0833401,0.0000013861726,1.5563606,0.018540761,7.5901522e-7,8.2743169e-8,4.2329625e-9,0.10588174,0.0010766284,0.029391762,0.44326821,186.5496,354.35205,1.7158739,72.507557,0.000055836908,"PACK AGB"
"28913","28913","viandes, œufs, poissons","charcuteries","Jambon cuit, choix, découenné dégraissé","Cooked ham, choice, rind less and fatless","2",0,"Glacé","Pas de préparation",5,0.91434829,7.0833401,0.0000013861726,1.5563606,0.018540761,7.5901522e-7,8.2743169e-8,4.2329625e-9,0.10588174,0.0010766284,0.029391762,0.44326821,186.5496,354.35205,1.7158739,72.507557,0.000055836908,"PACK AGB"
"28912","28912","viandes, œufs, poissons","charcuteries","Jambon cuit, choix, avec couenne","Cooked ham, choice, w rind","2",0,"Glacé","Pas de préparation",5,0.91434829,7.0833401,0.0000013861726,1.5563606,0.018540761,7.5901522e-7,8.2743169e-8,4.2329625e-9,0.10588174,0.0010766284,0.029391762,0.44326821,186.5496,354.35205,1.7158739,72.507557,0.000055836908,"PACK AGB"
"28925","28925","viandes, œufs, poissons","charcuteries","Jambon cuit, de Paris, découenné dégraissé","Cooked ham, Parisian-style, rind less and fatless","2",0,"Glacé","Pas de préparation",5,0.91434829,7.0833401,0.0000013861726,1.5563606,0.018540761,7.5901522e-7,8.2743169e-8,4.2329625e-9,0.10588174,0.0010766284,0.029391762,0.44326821,186.5496,354.35205,1.7158739,72.507557,0.000055836908,"PACK AGB"
"28803","28803","viandes, œufs, poissons","charcuteries","Jambon cuit, fumé","Cooked ham, smoked","2",0,"Glacé","Pas de préparation",5,0.91434829,7.0833401,0.0000013861726,1.5563606,0.018540761,7.5901522e-7,8.2743169e-8,4.2329625e-9,0.10588174,0.0010766284,0.029391762,0.44326821,186.5496,354.35205,1.7158739,72.507557,0.000055836908,"PACK AGB"
"28900","28900","viandes, œufs, poissons","charcuteries","Jambon cuit, supérieur","Cooked ham, superior quality","2",0,"Glacé","Pas de préparation",5,0.91434829,7.0833401,0.0000013861726,1.5563606,0.018540761,7.5901522e-7,8.2743169e-8,4.2329625e-9,0.10588174,0.0010766284,0.029391762,0.44326821,186.5496,354.35205,1.7158739,72.507557,0.000055836908,"PACK AGB"
"28907","28907","viandes, œufs, poissons","charcuteries","Jambon cuit, supérieur, à teneur réduite en sel","Cooked ham, superior quality, reduced salt","2",0,"Glacé","Pas de préparation",5,0.91434829,7.0833401,0.0000013861726,1.5563606,0.018540761,7.5901522e-7,8.2743169e-8,4.2329625e-9,0.10588174,0.0010766284,0.029391762,0.44326821,186.5496,354.35205,1.7158739,72.507557,0.000055836908,"PACK AGB"
"28902","28902","viandes, œufs, poissons","charcuteries","Jambon cuit, supérieur, découenné","Cooked ham, superior quality, rind less","2",0,"Glacé","Pas de préparation",5,0.91434829,7.0833401,0.0000013861726,1.5563606,0.018540761,7.5901522e-7,8.2743169e-8,4.2329625e-9,0.10588174,0.0010766284,0.029391762,0.44326821,186.5496,354.35205,1.7158739,72.507557,0.000055836908,"PACK AGB"
"28906","28906","viandes, œufs, poissons","charcuteries","Jambon cuit, supérieur, découenné dégraissé","Cooked ham, superior quality, rind less and fatless","2",0,"Glacé","Pas de préparation",5,0.91434829,7.0833401,0.0000013861726,1.5563606,0.018540761,7.5901522e-7,8.2743169e-8,4.2329625e-9,0.10588174,0.0010766284,0.029391762,0.44326821,186.5496,354.35205,1.7158739,72.507557,0.000055836908,"PACK AGB"
"28901","28901","viandes, œufs, poissons","charcuteries","Jambon cuit, supérieur, avec couenne","Cooked ham, superior quality, with rind","2",0,"Glacé","Pas de préparation",5,0.91434829,7.0833401,0.0000013861726,1.5563606,0.018540761,7.5901522e-7,8.2743169e-8,4.2329625e-9,0.10588174,0.0010766284,0.029391762,0.44326821,186.5496,354.35205,1.7158739,72.507557,0.000055836908,"PACK AGB"
"28911","28911","viandes, œufs, poissons","charcuteries","Épaule de porc, cuite, choix, découennée dégraissée","Cooked pork shoulder, choice","2",0,"Glacé","Pas de préparation",5,0.91434829,7.0833401,0.0000013861726,1.5563606,0.018540761,7.5901522e-7,8.2743169e-8,4.2329625e-9,0.10588174,0.0010766284,0.029391762,0.44326821,186.5496,354.35205,1.7158739,72.507557,0.000055836908,"PACK AGB"
"28924","28924","viandes, œufs, poissons","charcuteries","Épaule de porc, cuite, standard, découennée dégraissée","Cooked pork shoulder, standard, rind less and fatless","2",0,"Glacé","Pas de préparation",5,0.91434829,7.0833401,0.0000013861726,1.5563606,0.018540761,7.5901522e-7,8.2743169e-8,4.2329625e-9,0.10588174,0.0010766284,0.029391762,0.44326821,186.5496,354.35205,1.7158739,72.507557,0.000055836908,"PACK AGB"
"30701","30701","viandes, œufs, poissons","charcuteries","Saucisson cuit pur porc","Cooked sausage, pure pork","2",0,"Glacé","Four",5,0.76041205,5.9566146,8.8590178e-8,2.0053821,0.01577818,6.2913414e-7,6.9832328e-8,3.465641e-9,0.087361761,0.00087922506,0.024192514,0.3643151,152.72161,289.84653,1.5333755,75.632575,0.000024564073,"PACK AGB"
"28850","28850","viandes, œufs, poissons","charcuteries","Coppa","Coppa","2",0,"Glacé","Pas de préparation",5,1.7222452,13.104505,0.0000023556606,3.9775734,0.033370567,0.0000014160903,1.5274149e-7,7.8571734e-9,0.19810958,0.0019849859,0.054670885,0.82984285,349.88475,660.68769,3.1054866,149.68558,0.000095582084,"PACK AGB"
"11094","11094","aides culinaires et ingrédients divers","herbes","Coriandre, fraiche","Coriander, fresh","2",0,"Ambiant (long)","Pas de préparation",5,0.10865962,0.83392115,1.5233449e-8,0.079142177,0.0032419945,7.1023533e-8,-1.4625291e-8,4.7324065e-11,0.0083225335,0.00018923545,0.0046005861,0.033884767,2.234639,16.828584,3.1851841,11.881995,0.0000034617604,"PACK PROXY"
"11026","11026","aides culinaires et ingrédients divers","épices","Coriandre, graine","Coriander, seed","2",0,"Ambiant (long)","Pas de préparation",5,0.20128661,1.9582191,7.9710461e-8,0.30404907,0.0078824056,1.3146011e-7,-3.7411513e-9,2.6906012e-10,0.013216909,0.00031413951,0.005664198,0.043020175,15.657268,24.135213,3.1543034,30.450647,0.0000053349139,"PACK PROXY"
"38105","38105","produits céréaliers","céréales de petit-déjeuner et biscuits","Chips de maïs ou tortilla chips","Corn chips or tortilla chips","2",0,"Ambiant (long)","Pas de préparation",5,0.27138395,2.3697792,7.2014862e-8,0.52777649,0.0079513548,1.1293997e-7,2.7042058e-8,3.10086e-9,0.012939464,0.00069069233,0.01243763,0.04986208,59.480199,229.32135,0.66423921,39.481657,0.0000095839707,"PACK PROXY"
"9200","9200","produits céréaliers","pâtes, riz et céréales","Maïs entier, cru","Corn or maize grain, raw","2",0,"Ambiant (long)","Pas de préparation",5,0.077686309,0.5102646,8.2353187e-9,0.10127703,0.0018054249,6.3147036e-8,1.2182036e-8,5.8002445e-10,0.0085119454,0.00011718892,0.0034605662,0.032958291,16.58605,51.471479,0.33465599,6.5717575,0.0000025111351,"PACK AGB"
"7813","7813","produits céréaliers","pains et viennoiseries","Tortilla souple (à garnir), à base de maïs","Corn tortilla wrap, to be filled","2",0,"Ambiant (court)","Pas de préparation",5,0.14513344,0.99718241,2.1094764e-8,0.4832696,0.0037096875,9.5693792e-8,2.302087e-8,8.1552796e-10,0.012042806,0.00020366073,0.0059231582,0.047755373,22.072462,92.378103,0.90943512,19.342013,0.0000038951423,"PACK PROXY"
"12762","12762","lait et produits laitiers","fromages","Fromage de brebis Corse à pâte molle","Corsica soft ripened cheese, from ewe's milk","2",0,"Glacé","Pas de préparation",5,0.83463352,6.4363873,5.1277029e-8,0.84011464,0.013167914,9.5695799e-7,1.3838324e-7,3.3223731e-9,0.13849125,0.00062288852,0.024194942,0.60987627,21.66442,521.22525,0.64427566,39.379836,0.000015834033,"PACK AGB"
"20171","20171","fruits, légumes, légumineuses et oléagineux","légumes","Laitue romaine, crue","Cos or romaine lettuce, raw","2",0,"Ambiant (moyen)","Pas de préparation",5,0.086698533,0.900032,3.0235169e-8,0.25924441,0.0027884321,4.2553009e-8,3.3172254e-8,4.7256046e-10,0.0032141143,0.00014130724,0.0023893922,0.011242261,9.8587725,7.825454,0.30458441,14.40246,0.0000056308408,"PACK AGB"
"17170","17170","matières grasses","huiles et graisses végétales","Huile de coton","Cottonseed oil","2",0,"Ambiant (long)","Pas de préparation",5,0.97059154,4.3657711,3.9387956e-8,0.33624055,0.017462793,3.6008079e-7,8.4665809e-8,1.2700899e-9,0.047303154,0.002193404,0.062862916,0.1860664,158.17538,147.38264,52.483175,43.386873,0.000015578654,"PACK PROXY"
"12010","12010","lait et produits laitiers","fromages","Coulommiers","Coulommiers cheese, from cow's milk","2",0,"Glacé","Pas de préparation",5,0.47577895,4.3640007,4.3957085e-8,0.48876658,0.0094027158,4.7812958e-7,8.0715562e-8,2.0843972e-9,0.068483515,0.00047865978,0.016767477,0.2920783,42.268073,167.09333,0.49340654,25.647954,0.000010737866,"PACK AGB"
"7100","7100","produits céréaliers","pains et viennoiseries","Pain, baguette ou boule, de campagne","Country-style bread, French bread (baguette or ball)","2",0,"Ambiant (court)","Pas de préparation",5,0.10603053,0.77899677,1.4116261e-8,0.46310684,0.0027605736,6.961951e-8,1.2219513e-8,6.3199678e-10,0.0083593934,0.00016264603,0.0054519156,0.034905498,9.1315352,57.472444,0.17594493,16.151075,0.0000035226504,"PACK PROXY"
"7261","7261","produits céréaliers","pains et viennoiseries","Pain de campagne maison (avec farine pour machine à pain)","Country-style bread, home-made (with flour for bread making machine)","2",0,"Ambiant (court)","Pas de préparation",5,0.10906823,0.84927547,1.6041353e-8,0.45911082,0.0029620162,6.7429798e-8,1.2112365e-8,6.3074263e-10,0.0083254786,0.00015907738,0.0052879919,0.034781996,8.787541,56.154025,0.21415845,17.310901,0.0000035937379,"PACK PROXY"
"8211","8211","viandes, œufs, poissons","charcuteries","Pâté ou terrine de campagne","Country-style pâté or terrine","2",0,"Ambiant (long)","Pas de préparation",5,0.5566443,4.7131782,6.1493537e-8,1.0713426,0.01327892,4.6956421e-7,5.1762341e-8,5.2278048e-9,0.062139346,0.00064797994,0.017579313,0.25299696,113.28485,206.12112,1.1464671,53.036732,0.000014598893,"PACK AGB"
"8250","8250","viandes, œufs, poissons","charcuteries","Pâté ou terrine aux champignons (forestier)","Country-style pâté with mushrooms","2",0,"Ambiant (long)","Pas de préparation",5,0.39818566,3.4033307,6.1315669e-8,0.91452027,0.010860691,3.3892669e-7,4.6525264e-8,2.4713984e-9,0.040141786,0.0004490078,0.010499291,0.16333985,63.219978,114.82293,0.71736133,50.052474,0.000011999175,"PACK AGB"
"20021","20021","fruits, légumes, légumineuses et oléagineux","légumes","Courgette, pulpe et peau, cuite","Courgette or zucchini, pulp and peel, cooked","2",0,"Ambiant (moyen)","Cuisson à l'eau",5,0.19098816,1.3939966,4.5826929e-8,0.3190791,0.004909005,6.2996785e-8,1.9050411e-7,2.739557e-9,0.0064410504,0.00041176598,0.01258702,0.022941292,7.3649398,137.1773,1.1171217,24.323162,0.0000075826587,"PACK AGB"
"20230","20230","fruits, légumes, légumineuses et oléagineux","légumes","Courgette, pulpe et peau, surgelée, crue","Courgette or zucchini, pulp and peel, frozen, raw","2",0,"Congelé","Pas de préparation",5,0.1466544,0.82470268,2.5884607e-8,0.65083792,0.0028822083,4.1726115e-8,1.4613525e-7,2.0624163e-9,0.0044960756,0.00028928381,0.0096913127,0.015575294,5.6273031,102.15107,0.80140727,22.401491,0.0000070727498,"PACK AGB"
"20020","20020","fruits, légumes, légumineuses et oléagineux","légumes","Courgette, pulpe et peau, crue","Courgette or zucchini, pulp and peel, raw","2",0,"Ambiant (moyen)","Pas de préparation",5,0.11328823,0.588525,1.9105483e-8,0.14650171,0.0022962753,3.7717632e-8,1.5722383e-7,2.1839862e-9,0.0040179,0.0002307073,0.010187108,0.015529979,4.4073485,110.5761,0.77894595,9.2365318,0.0000038659884,"PACK AGB"
"20264","20264","fruits, légumes, légumineuses et oléagineux","légumes","Courgette, purée","Courgettes, puree","2",0,"Ambiant (moyen)","Micro-onde",5,0.18688177,1.3505412,7.720921e-8,0.286488,0.0048387784,6.1897445e-8,1.8995588e-7,2.7657046e-9,0.0062685685,0.0003928424,0.012445029,0.022071396,6.9967018,135.9179,1.110102,23.249528,0.0000078698091,"PACK AGB"
"9683","9683","produits céréaliers","pâtes, riz et céréales","Couscous (semoule de blé dur roulée précuite à la vapeur), cuite, non salée","Couscous (durum wheat semolina pre-cooked with steam), cooked, unsalted","2",0,"Ambiant (long)","Micro-onde",5,0.091652109,0.75066046,5.2099017e-8,0.13209051,0.0026277766,5.8751504e-8,1.2175261e-8,6.1146294e-10,0.0081696576,0.00017887444,0.0048422345,0.031998574,4.1581073,55.151286,0.25897309,9.9505459,0.0000058898859,"PACK AGB"
"9681","9681","produits céréaliers","pâtes, riz et céréales","Couscous (semoule de blé dur roulée précuite à la vapeur), crue","Couscous (durum wheat semolina pre-cooked with steam), raw","2",0,"Ambiant (long)","Pas de préparation",5,0.17297697,1.3928798,2.3420686e-8,0.12931657,0.0049235347,1.211831e-7,2.4317819e-8,1.2912026e-9,0.017435238,0.00032578115,0.010618551,0.069755971,8.1626142,120.68755,0.48540106,14.907861,0.0000088631845,"PACK PROXY"
"25127","25127","entrées et plats composés","plats composés","Couscous royal (avec plusieurs viandes)","Couscous royal (with different meats)","2",0,"Glacé","Micro-onde",5,0.49575689,3.5577753,5.6521586e-8,0.78565367,0.010628712,3.8606064e-7,4.0625726e-7,4.0504446e-9,0.053127817,0.00049225484,0.016580896,0.22451626,46.10254,241.19164,1.0362063,40.089742,0.00001305796,"PACK AGB"
"25138","25138","entrées et plats composés","plats composés","Couscous au poulet","Couscous w chicken","2",0,"Glacé","Micro-onde",5,0.33976576,2.5109872,5.6071673e-8,0.77349821,0.0097711416,2.6271594e-7,8.153056e-8,2.4118293e-9,0.034602538,0.00046744813,0.012077783,0.14089335,49.102353,105.39719,0.98841431,40.020766,0.000012552366,"PACK AGB"
"25107","25107","entrées et plats composés","plats composés","Couscous au poisson","Couscous w fish","2",0,"Glacé","Micro-onde",5,0.73076542,4.8905394,1.296851e-7,0.66355459,0.07878922,8.2583536e-7,7.0943632e-8,2.8898897e-9,0.10602169,0.00034538835,0.028672541,0.2896932,9.4838501,38.59656,0.72036241,76.28609,0.000014943326,"PACK PROXY"
"25152","25152","entrées et plats composés","plats composés","Couscous à la viande","Couscous w meat","2",0,"Glacé","Micro-onde",5,0.49575689,3.5577753,5.6521586e-8,0.78565367,0.010628712,3.8606064e-7,4.0625726e-7,4.0504446e-9,0.053127817,0.00049225484,0.016580896,0.22451626,46.10254,241.19164,1.0362063,40.089742,0.00001305796,"PACK AGB"
"25029","25029","entrées et plats composés","plats composés","Couscous au mouton","Couscous w mutton","2",0,"Glacé","Micro-onde",5,1.4246407,10.84074,7.8192567e-8,0.87571225,0.022212418,0.0000016615417,2.8045496e-7,6.1824776e-9,0.24285167,0.00074955821,0.052796216,1.0759469,51.206261,828.70823,1.7168819,49.08868,0.000021167959,"PACK AGB"
"25043","25043","entrées et plats composés","plats composés","Couscous à la viande ou au poulet, allégé","Couscous with meat or chicken, light","2",0,"Glacé","Micro-onde",5,0.36562742,2.6856894,5.8591136e-8,0.78546575,0.010509802,2.900806e-7,8.2428821e-8,2.5205176e-9,0.038450118,0.00049410211,0.013054868,0.15715424,54.920703,113.10137,1.0234193,41.589998,0.000013366402,"PACK AGB"
"25150","25150","entrées et plats composés","plats composés","Couscous de légumes","Couscous with vegetables","2",0,"Glacé","Micro-onde",5,0.24941697,1.853329,0.0000014969945,0.76605041,0.0065557171,9.4500528e-8,8.2183183e-8,1.8101829e-9,0.0096656925,0.00047109749,0.0059262412,0.031976139,11.14394,58.601163,0.88952943,37.917453,0.000043573868,"PACK AGB"
"10025","10025","viandes, œufs, poissons","mollusques et crustacés cuits","Crabe ou Tourteau, bouilli/cuit à l'eau","Crab, boiled/cooked in water","2",0,"Glacé","Cuisson à l'eau",5,5.4359342999999996,33.103848,0.0000013719305,4.0321227,0.4006019,0.0000043765839,5.2089506e-7,1.7544232e-8,0.54015648,0.0091858787,0.13109872,1.3793086,147.31811,89.306763,2.9562442,517.59637,0.0010501943,"PACK AGB"
"13113","13113","fruits, légumes, légumineuses et oléagineux","fruits","Canneberge ou cranberry, crue","Cranberry, raw","2",0,"Ambiant (moyen)","Pas de préparation",5,0.1105782,0.84039135,3.1020897e-8,0.11697666,0.0036489963,5.2679556e-8,9.2646115e-9,3.3471665e-10,0.0063820432,0.00015738779,0.001708588,0.023208831,8.0562536,85.56117,2.5011015,13.471455,0.0000064425383,"PACK AGB"
"11159","11159","aides culinaires et ingrédients divers","sauces","Sauce à la crème","Cream sauce","2",0,"Glacé","Micro-onde",5,0.45164986,3.8590011,9.3794056e-7,0.95365846,0.0088452283,3.8978087e-7,6.9320119e-8,1.7219056e-9,0.054885066,0.00034842076,0.013346008,0.23221354,33.590299,130.66136,0.5124832,39.227877,0.000030551699,"PACK PROXY"
"37000","37000","aides culinaires et ingrédients divers","ingrédients divers","Base de pizza à la crème","cream sauce for pizza base","2",0,"Ambiant (long)","Pas de préparation",5,0.39329677999999996,3.5843226,3.59648e-8,0.67058039,0.0077908355,3.8006829e-7,6.6189413e-8,1.6836771e-9,0.053589181,0.0002754368,0.013029892,0.22913765,32.34838,131.46607,0.47602316,29.473871,0.0000085430221,"PACK PROXY"
"11162","11162","aides culinaires et ingrédients divers","sauces","Sauce à la crème aux herbes","Cream sauce with herbs","2",0,"Glacé","Micro-onde",5,0.40979766,3.4134109,9.3688442e-7,0.92910506,0.0083417452,3.3678353e-7,6.2144087e-8,1.5471349e-9,0.046929278,0.00034403321,0.011517972,0.19737039,39.035003,121.66787,0.56827112,38.346739,0.000030086409,"PACK PROXY"
"11192","11192","aides culinaires et ingrédients divers","sauces","Sauce aux champignons et à la crème, préemballée","Cream sauce with mushrooms, prepacked","2",0,"Glacé","Micro-onde",5,0.44709931,3.3651453,9.5318951e-7,1.1478036,0.0095444235,3.830893e-7,5.8130547e-8,1.4070518e-9,0.047708131,0.00044578636,0.011152904,0.20483589,47.740084,117.14881,0.63862076,52.009899,0.00003364874,"PACK PROXY"
"11122","11122","aides culinaires et ingrédients divers","sauces","Sauce à l'échalote à la crème, préemballée","Cream sauce with shallots, prepacked","2",0,"Glacé","Micro-onde",5,0.41420294,3.4424384,9.3552645e-7,0.92926519,0.0080609453,3.3890752e-7,6.1147413e-8,7.4879794e-9,0.047366614,0.00031484178,0.011953475,0.19954218,30.403422,117.65215,0.52599455,37.731103,0.000029859407,"PACK PROXY"
"11161","11161","aides culinaires et ingrédients divers","sauces","Sauce à la crème aux épices","Cream sauce with spices","2",0,"Glacé","Micro-onde",5,0.40979766,3.4134109,9.3688442e-7,0.92910506,0.0083417452,3.3678353e-7,6.2144087e-8,1.5471349e-9,0.046929278,0.00034403321,0.011517972,0.19737039,39.035003,121.66787,0.56827112,38.346739,0.000030086409,"PACK PROXY"
"19433","19433","lait et produits laitiers","crèmes et spécialités à base de crème","Spécialité à base de crème légère 8% MG, fluide ou épaisse","cream, light, 4 to 8% fat, liquid or thick","2",0,"Glacé","Pas de préparation",5,0.18890633,1.8086577,3.3489976e-8,0.29446825,0.0043681769,1.7210839e-7,2.9619996e-8,8.7641629e-10,0.023603975,0.00018474622,0.0055093855,0.099253471,14.852261,60.491592,0.24697233,16.04864,0.0000055779605,"PACK AGB"
"23829","23829","produits céréaliers","gâteaux et pâtisseries","Crêpe préemballée, fourrée chocolat","Crepe filled with chocolate, prepacked","2",0,"Ambiant (long)","Pas de préparation",5,0.40123973999999996,4.4227169,0.0000017824539,0.63887224,0.0096933383,2.106633e-7,3.362142e-8,1.9577061e-9,0.027241201,0.00052730681,0.013691118,0.11096966,26.623694,167.52846,0.56867094,35.313069,0.00005026883,"PACK PROXY"
"23830","23830","produits céréaliers","gâteaux et pâtisseries","Crêpe préemballée, fourrée fraise","Crepe filled with strawberries, prepacked","2",0,"Ambiant (long)","Pas de préparation",5,0.30689546,1.8641023,0.0000021499308,0.59166457,0.005694405,1.3664908e-7,3.8075075e-8,1.2483432e-9,0.016841013,0.0004021796,0.0065465251,0.06594878,133.74358,63.666952,1.3581508,30.885514,0.00005097097,"PACK PROXY"
"23815","23815","produits céréaliers","gâteaux et pâtisseries","Crêpe préemballée, fourrée au sucre","Crepe filled with sugar, prepacked","2",0,"Ambiant (long)","Pas de préparation",5,0.26063102000000005,1.7999427,0.0000017771451,0.56860591,0.0056747737,1.5349748e-7,2.0036451e-8,8.2345554e-10,0.019564805,0.00029011822,0.0073067756,0.078685052,18.838773,65.86193,0.79109978,28.638569,0.000049029316,"PACK PROXY"
"25549","25549","entrées et plats composés","pizzas, tartes et crêpes salées","Crêpe ou Galette fourrée béchamel fromage","Crepe or buckwheat crepe, filled with cheese and bechamel sauce","2",0,"Glacé","Four",5,0.28109229999999996,2.3909712,4.0430008e-8,1.1939406,0.0061983123,2.062931e-7,3.8839117e-8,1.0930402e-9,0.027295012,0.00030237589,0.00838657,0.11290112,16.629026,81.691927,0.37644439,41.3499,0.000011478998,"PACK PROXY"
"25410","25410","entrées et plats composés","pizzas, tartes et crêpes salées","Crêpe ou Galette fourrée béchamel jambon fromage","Crepe or buckwheat crepe, filled with cheese, ham and bechamel sauce","2",0,"Glacé","Four",5,0.48396211,3.8951889,5.7947376e-8,1.5656716,0.01005807,3.8679195e-7,5.4970999e-8,2.1046128e-9,0.053175319,0.00052967286,0.01548046,0.2220897,69.531483,169.91124,0.79314183,56.046974,0.000016874936,"PACK PROXY"
"25552","25552","entrées et plats composés","pizzas, tartes et crêpes salées","Crêpe ou Galette fourrée béchamel jambon fromage champignon","Crepe or buckwheat crepe, filled with cheese, ham, mushrooms and bechamel sauce","2",0,"Glacé","Four",5,0.46907476,3.7054702,6.1893921e-8,1.559017,0.0099380366,3.897328e-7,5.0510939e-8,1.8618956e-9,0.051508717,0.00051165544,0.013719468,0.21750951,59.660663,144.76372,0.77074659,58.503206,0.000016633799,"PACK PROXY"
"25562","25562","entrées et plats composés","pizzas, tartes et crêpes salées","Crêpe ou Galette complète (œuf, jambon, fromage)","Crepe or buckwheat crepe, filled with egg, ham and cheese","2",0,"Glacé","Four",5,0.44618827,3.5452901,5.5373862e-8,1.4640009,0.0097417126,3.4595245e-7,5.1723815e-8,2.0428725e-9,0.047514287,0.00051006494,0.015039252,0.19794146,64.27515,164.78965,0.74973097,52.958049,0.000016196437,"PACK PROXY"
"25625","25625","entrées et plats composés","pizzas, tartes et crêpes salées","Crêpe ou Galette fourrée au poisson et / ou fruits de mer","Crepe or buckwheat crepe, filled with fish and/or seafood","2",0,"Glacé","Four",5,0.37928925999999996,3.0234787,6.021437e-8,1.2979005,0.01123962,2.2565588e-7,5.0430384e-8,1.7625183e-9,0.028201783,0.00054400324,0.024421196,0.11305979,34.597795,116.24899,0.56860913,52.402939,0.000022825876,"PACK PROXY"
"25411","25411","entrées et plats composés","pizzas, tartes et crêpes salées","Crêpe ou Galette fourrée béchamel champignon","Crepe or buckwheat crepe, filled with mushrooms and bechamel sauce","2",0,"Glacé","Four",5,0.29759104,2.2544894,5.4630556e-8,1.3361592,0.0068810929,2.4821577999999997e-7,2.8426657e-8,7.9995387e-10,0.028781837,0.00033612891,0.0059016209,0.12361988,17.130778,46.74992,0.48238961,52.035173,0.000012625529,"PACK PROXY"
"25581","25581","entrées et plats composés","pizzas, tartes et crêpes salées","Crêpe ou Galette fourrée béchamel champignon, cuite","Crepe or buckwheat crepe, filled with mushrooms and bechamel sauce, cooked","2",0,"Glacé","Four",5,0.48396211,3.8951889,5.7947376e-8,1.5656716,0.01005807,3.8679195e-7,5.4970999e-8,2.1046128e-9,0.053175319,0.00052967286,0.01548046,0.2220897,69.531483,169.91124,0.79314183,56.046974,0.000016874936,"PACK PROXY"
"25572","25572","entrées et plats composés","pizzas, tartes et crêpes salées","Crêpe ou Galette aux noix de St Jacques","Crepe or buckwheat crepe, filled with scallops","2",0,"Glacé","Four",5,0.7005943,6.0249666,1.3232935e-7,1.1717539,0.053437006,6.3567274e-7,5.1561578e-8,2.1204107e-9,0.082373273,0.00063980475,0.025294302,0.25376986,30.031111,82.590147,0.50685445,76.15176,0.000030624227,"PACK PROXY"
"23821","23821","produits céréaliers","gâteaux et pâtisseries","Crêpe maison, fourrée au chocolat ou à la pâte à tartiner chocolat et noisettes","Crepe, filled with chocolate or chocolate and hazelnut spread, home-made","2",0,"Ambiant (long)","Pas de préparation",5,0.17621129,1.3620226,2.0295651e-8,0.54318263,0.0043839603,1.3733598e-7,1.5938068e-8,7.1285883e-10,0.018130693,0.00020965509,0.0069568707,0.075997627,17.613143,64.611365,0.77971937,21.92538,0.000005364624,"PACK PROXY"
"25409","25409","entrées et plats composés","pizzas, tartes et crêpes salées","Crêpe ou Galette fourrée béchamel jambon","Crepe, filled with ham","2",0,"Glacé","Four",5,0.48396211,3.8951889,5.7947376e-8,1.5656716,0.01005807,3.8679195e-7,5.4970999e-8,2.1046128e-9,0.053175319,0.00052967286,0.01548046,0.2220897,69.531483,169.91124,0.79314183,56.046974,0.000016874936,"PACK PROXY"
"23820","23820","produits céréaliers","gâteaux et pâtisseries","Crêpe maison, fourrée à la confiture","Crepe, filled with jam, home-made","2",0,"Ambiant (long)","Pas de préparation",5,0.17621129,1.3620226,2.0295651e-8,0.54318263,0.0043839603,1.3733598e-7,1.5938068e-8,7.1285883e-10,0.018130693,0.00020965509,0.0069568707,0.075997627,17.613143,64.611365,0.77971937,21.92538,0.000005364624,"PACK PROXY"
"23799","23799","produits céréaliers","gâteaux et pâtisseries","Crêpe, nature, préemballée, rayon frais","Crepe, plain, prepacked, refrigerated","2",0,"Ambiant (long)","Pas de préparation",5,0.17566321999999998,1.4242733,2.0282864e-8,0.55329333,0.0042977195,1.3271166e-7,2.3321355e-8,8.7738754e-10,0.017873678,0.00020082826,0.0070613384,0.074979267,20.588698,72.842313,0.32456626,21.470255,0.000005184116,"PACK PROXY"
"23800","23800","produits céréaliers","gâteaux et pâtisseries","Crêpe, nature, préemballée, rayon température ambiante","Crepe, plain, prepacked, room temperature","2",0,"Ambiant (long)","Pas de préparation",5,0.17566321999999998,1.4242733,2.0282864e-8,0.55329333,0.0042977195,1.3271166e-7,2.3321355e-8,8.7738754e-10,0.017873678,0.00020082826,0.0070613384,0.074979267,20.588698,72.842313,0.32456626,21.470255,0.000005184116,"PACK PROXY"
"26157","26157","viandes, œufs, poissons","poissons crus","Carangue, cru","Crevalle jack, raw","2",0,"Glacé","Pas de préparation",5,0.8406778899999999,4.7571689,0.0000015796852,0.25965509,0.069608091,7.2894242e-7,8.141288e-8,2.3194108e-9,0.094036502,0.00071488886,0.022586923,0.2441613,14.931256,12.327168,0.40636961,65.167452,0.0001701467,"PACK PROXY"
"7410","7410","produits céréaliers","pains et viennoiseries","Tartine craquante, extrudée et grillée","Crispbread, extruded and grilled","2",0,"Ambiant (court)","Pas de préparation",5,0.20421584999999998,1.8621093,3.572093e-8,0.48567662,0.0058796511,1.2688689e-7,2.0823678e-8,1.2033355e-9,0.016429444,0.00029715831,0.0088263427,0.068073441,18.246082,100.29944,0.50888082,29.007059,0.0000068165128,"PACK PROXY"
"24007","24007","produits céréaliers","céréales de petit-déjeuner et biscuits","Biscuit sec croquant au chocolat, allégé en matière grasse","Crispy biscuit (cookie), with chocolate, reduced fat","2",0,"Ambiant (long)","Pas de préparation",5,0.49211299000000003,6.384792,4.9331789e-8,0.57996269,0.013736934,3.0836442e-7,4.3844196e-8,2.6849933e-9,0.04118055,0.00065532813,0.019254376,0.17230508,33.471962,238.14986,1.0770744,44.765537,0.00001070211,"PACK PROXY"
"24031","24031","produits céréaliers","céréales de petit-déjeuner et biscuits","Biscuit sec croquant (ex : tuile) sans chocolat, allégé en matière grasse","Crispy biscuit (cookie), without chocolate, reduced fat","2",0,"Ambiant (long)","Pas de préparation",5,0.9650181800000001,3.155325,6.9659736e-8,0.65657484,0.015260677,4.8442172e-7,3.3149654e-7,1.8272839e-9,0.05542135,0.00077336686,0.020322893,0.22829045,69.524221,235.74835,58.153826,50.504053,0.000027161514,"PACK PROXY"
"7602","7602","produits céréaliers","pains et viennoiseries","Croissant, sans précision","Croissant","2",0,"Ambiant (court)","Pas de préparation",5,0.16964837000000002,1.5082846,2.1644715e-8,0.47987387,0.0046674498,1.3435619e-7,1.7908106e-8,7.8258902e-10,0.014121809,0.0001983484,0.00778483,0.058971943,17.907211,78.445164,0.5513442,20.208057,0.0000047749532,"PACK PROXY"
"25418","25418","entrées et plats composés","feuilletées et autres entrées","Croissant au jambon","Croissant filled with ham","2",0,"Glacé","Four",5,0.49003212999999995,4.0507375,6.1934052e-8,1.5465785,0.010575671,3.8636864e-7,5.5059474e-8,2.0752398e-9,0.052414281,0.00052667894,0.015339238,0.21817933,70.228924,165.32873,0.89692527,57.917308,0.000017225842,"PACK PROXY"
"26266","26266","entrées et plats composés","feuilletées et autres entrées","Croissant au jambon fromage","Croissant filled with ham and cheese","2",0,"Glacé","Four",5,0.49003212999999995,4.0507375,6.1934052e-8,1.5465785,0.010575671,3.8636864e-7,5.5059474e-8,2.0752398e-9,0.052414281,0.00052667894,0.015339238,0.21817933,70.228924,165.32873,0.89692527,57.917308,0.000017225842,"PACK PROXY"
"7650","7650","produits céréaliers","pains et viennoiseries","Croissant aux amandes, artisanal","Croissant w almonds, from bakery","2",0,"Ambiant (court)","Pas de préparation",5,0.6248591299999999,2.2969337,0.0000016969108,0.57155158,0.0097826263,3.1788882e-7,1.8377246e-7,1.2657288e-9,0.035704442,0.00050975841,0.013573815,0.14562383,42.874641,150.34265,30.445256,34.188697,0.000055852637,"PACK PROXY"
"7620","7620","produits céréaliers","pains et viennoiseries","Croissant au beurre, artisanal","Croissant, butter, from bakery","2",0,"Ambiant (court)","Pas de préparation",5,0.32808033,2.5877232,0.0000016849142,0.54233415,0.0064823598,2.397331e-7,4.1422546e-8,1.2053264e-9,0.032750676,0.00027691369,0.0097158769,0.13685694,21.763213,95.204403,0.43641585,28.052958,0.000047061088,"PACK PROXY"
"7615","7615","produits céréaliers","pains et viennoiseries","Croissant ordinaire, artisanal","Croissant, ordinary, from bakery","2",0,"Ambiant (court)","Pas de préparation",5,0.25122517,1.9488996,0.0000016843779,0.50440677,0.0059683438,1.500297e-7,2.1884288e-8,8.9152611e-10,0.015517578,0.00027750321,0.0081252827,0.061601121,19.10131,79.67719,0.57387222,26.937343,0.00004615461,"PACK PROXY"
"12833","12833","lait et produits laitiers","fromages","Crottin de chèvre, sans précision","Crottin cheese, from goat's milk","2",0,"Glacé","Pas de préparation",5,1.0967684,7.9614277,0.0000012716205,0.82730933,0.015153059,0.000001249398,9.4287508e-8,3.3224974e-9,0.17883811,0.00088601675,0.034576742,0.77965096,53.972839,569.43385,2.3892643,47.177451,0.000048503234,"PACK AGB"
"12832","12832","lait et produits laitiers","fromages","Crottin de chèvre, au lait cru","Crottin cheese, from goat's milk, from raw milk","2",0,"Glacé","Pas de préparation",5,1.0967684,7.9614277,0.0000012716205,0.82730933,0.015153059,0.000001249398,9.4287508e-8,3.3224974e-9,0.17883811,0.00088601675,0.034576742,0.77965096,53.972839,569.43385,2.3892643,47.177451,0.000048503234,"PACK AGB"
"12834","12834","lait et produits laitiers","fromages","Crottin de Chavignol (fromage de chèvre)","Crottin de Chavignol cheese, from goat's milk","2",0,"Glacé","Pas de préparation",5,0.9590087199999999,6.9852654,0.0000012664685,0.77277126,0.013559069,0.00000107506,8.22212e-8,2.901194e-9,0.15338366,0.00081804567,0.029860724,0.66746826,46.777294,488.14871,2.066763,43.985825,0.000046414376,"PACK AGB"
"38500","38500","produits céréaliers","pains et viennoiseries","Croûton à l'ail aux fines herbes ou aux oignons, préemballé","Crouton with garlic, herbs or onions, prepacked","2",0,"Ambiant (court)","Pas de préparation",5,0.40408152999999997,0.85410634,3.128672e-8,0.49158202,0.0086161012,2.1275152e-7,1.5091203e-7,2.6831895e-9,0.029128377,0.00039888271,0.015156584,0.12200425,26.37983,435.10425,16.292521,26.603923,0.000011266911,"PACK PROXY"
"7432","7432","produits céréaliers","pains et viennoiseries","Croûtons nature, préemballés","Croutons, plain, prepacked","2",0,"Ambiant (court)","Pas de préparation",5,0.40408152999999997,0.85410634,3.128672e-8,0.49158202,0.0086161012,2.1275152e-7,1.5091203e-7,2.6831895e-9,0.029128377,0.00039888271,0.015156584,0.12200425,26.37983,435.10425,16.292521,26.603923,0.000011266911,"PACK PROXY"
"20019","20019","fruits, légumes, légumineuses et oléagineux","légumes","Concombre, pulpe et peau, cru","Cucumber, pulp and peel, raw","2",0,"Ambiant (moyen)","Pas de préparation",5,0.11712043000000001,1.6554852,4.9261543e-8,0.146134,0.0042659305,3.8419804e-8,1.2199095e-8,4.1210674e-10,0.0036643731,0.00022228952,0.0013596388,0.012090521,3.1864743,8.2555224,0.22875058,25.884945,0.0000057948863,"PACK AGB"
"20210","20210","fruits, légumes, légumineuses et oléagineux","légumes","Concombre, pulpe, cru","Cucumber, pulp, raw","2",0,"Ambiant (moyen)","Pas de préparation",5,0.11712043000000001,1.6554852,4.9261543e-8,0.146134,0.0042659305,3.8419804e-8,1.2199095e-8,4.1210674e-10,0.0036643731,0.00022228952,0.0013596388,0.012090521,3.1864743,8.2555224,0.22875058,25.884945,0.0000057948863,"PACK AGB"
"15028","15028","fruits, légumes, légumineuses et oléagineux","fruits à coque et graines oléagineuses","Cucurbitacées, graine","Cucurbitacea, seed","2",0,"Ambiant (long)","Pas de préparation",5,0.85717754,3.7397145,3.9496575e-8,0.25140407,0.019786131,7.7339936e-7,3.5133155e-7,2.9842836e-9,0.11048331,0.0030212487,0.060209427,0.47325201,31.864986,573.45918,8.2188216,34.376238,0.000015731299,"PACK PROXY"
"11042","11042","aides culinaires et ingrédients divers","épices","Cumin, graine","Cumin, seed","2",0,"Ambiant (long)","Pas de préparation",5,1.0248716,7.9029757,1.3721299e-7,0.4398614,0.037587019,4.9003471e-7,1.074132e-7,1.9823808e-9,0.062397844,0.002067001,0.05557062,0.21581968,75.53093,623.18157,18.3579,85.580538,0.000081580856,"PACK PROXY"
"28800","28800","viandes, œufs, poissons","charcuteries","Jambon cru","Cured ham, raw","2",0,"Glacé","Pas de préparation",5,1.7222452,13.104505,0.0000023556606,3.9775734,0.033370567,0.0000014160903,1.5274149e-7,7.8571734e-9,0.19810958,0.0019849859,0.054670885,0.82984285,349.88475,660.68769,3.1054866,149.68558,0.000095582084,"PACK AGB"
"28801","28801","viandes, œufs, poissons","charcuteries","Jambon cru, fumé","Cured ham, raw, smoked","2",0,"Glacé","Pas de préparation",5,1.7222452,13.104505,0.0000023556606,3.9775734,0.033370567,0.0000014160903,1.5274149e-7,7.8571734e-9,0.19810958,0.0019849859,0.054670885,0.82984285,349.88475,660.68769,3.1054866,149.68558,0.000095582084,"PACK AGB"
"28804","28804","viandes, œufs, poissons","charcuteries","Jambon cru, fumé, allégé en matière grasse","Cured ham, raw, smoked, reduced fat","2",0,"Glacé","Pas de préparation",5,1.7222452,13.104505,0.0000023556606,3.9775734,0.033370567,0.0000014160903,1.5274149e-7,7.8571734e-9,0.19810958,0.0019849859,0.054670885,0.82984285,349.88475,660.68769,3.1054866,149.68558,0.000095582084,"PACK AGB"
"20012","20012","fruits, légumes, légumineuses et oléagineux","légumes","Salade ou chicorée frisée, crue","Curly endive, raw","2",0,"Ambiant (moyen)","Pas de préparation",5,0.10718336,0.90983138,1.1513297e-7,0.65006155,0.0026489293,3.8607995e-8,1.2077181e-8,4.7145234e-10,0.0030719826,0.0001757368,0.0029835272,0.0086956101,18.640601,48.942788,0.15713706,21.364114,0.0000087179885,"PACK AGB"
"20219","20219","fruits, légumes, légumineuses et oléagineux","légumes","Chou frisé, cuit","Curly kale, cooked","2",0,"Ambiant (moyen)","Cuisson à l'eau",5,0.30747578000000003,1.9735039,5.5881404e-8,0.45799119,0.0072313517,2.5934989e-7,3.3789221e-7,2.638956e-9,0.035299494,0.00025150417,0.0079816812,0.15285535,8.7494815,62.632202,0.31940443,29.588691,0.0000090100645,"PACK AGB"
"20218","20218","fruits, légumes, légumineuses et oléagineux","légumes","Chou frisé, cru","Curly kale, raw","2",0,"Ambiant (moyen)","Pas de préparation",5,0.20799020000000001,1.0118192,2.5471617e-8,0.25297233,0.0040700701,2.0420167e-7,2.8442657e-7,2.1020871e-9,0.028581826,0.000080218677,0.0062830507,0.12640263,5.3862001,47.166159,0.082716562,12.457531,0.000004818534,"PACK AGB"
"11132","11132","aides culinaires et ingrédients divers","sauces","Sauce au curry, préemballée","Curry sauce, prepacked","2",0,"Glacé","Micro-onde",5,0.16918439,1.1880248,9.2269333e-7,0.79789216,0.0043261222,6.0815303e-8,1.7967745e-8,8.3296602e-10,0.0061072024,0.00023130807,0.0041888426,0.019653375,9.902679,25.735262,1.5324428,30.615209,0.000025238079,"PACK PROXY"
"11005","11005","aides culinaires et ingrédients divers","épices","Curry, poudre","Curry, powder","2",0,"Ambiant (long)","Pas de préparation",5,0.99509021,7.5210422,1.379794e-7,0.41866446,0.03687813,4.8592053e-7,1.0475777e-7,1.9367544e-9,0.061623081,0.0015942429,0.0552112,0.21268178,74.524413,622.40628,18.267113,81.183714,0.000081602258,"PACK PROXY"
"39209","39209","lait et produits laitiers","produits laitiers frais et assimilés","Crème caramel, rayon frais","Custard cream with caramel sauce, refrigerated","2",0,"Glacé","Pas de préparation",5,0.2145002,1.8087487,5.24487e-8,0.66691284,0.0055067796,1.6138646e-7,2.3515636e-8,8.3856835e-10,0.020681903,0.00029803521,0.0070528799,0.084374158,22.224214,68.337413,0.73553926,28.30172,0.0000071415636,"PACK AGB"
"39211","39211","lait et produits laitiers","produits laitiers frais et assimilés","Crème aux œufs (petit pot de crème chocolat, vanille, etc.), rayon frais","Custard cream with eggs (a small jar of chocolate or vanilla cream or other flavour), refrigerated","2",0,"Glacé","Pas de préparation",5,0.30425253,3.7980009,5.3978448e-8,0.68683701,0.0085512059,1.7414063e-7,2.6283836e-8,1.683418e-9,0.021702114,0.00051473965,0.011779801,0.088034888,25.762752,147.23206,0.6721735,32.474206,0.0000076261552,"PACK AGB"
"39247","39247","lait et produits laitiers","produits laitiers frais et assimilés","Crème dessert au caramel, rayon frais","Custard dessert, caramel, refrigerated","2",0,"Glacé","Pas de préparation",5,0.21624706000000002,1.9651441,5.1169622e-8,0.66012533,0.0050289854,1.7494152e-7,2.9091917e-8,7.4440111e-10,0.022889676,0.00024445459,0.0062211404,0.094633356,14.224017,57.744687,0.55235125,27.263796,0.0000065563105,"PACK AGB"
"39506","39506","lait et produits laitiers","produits laitiers frais et assimilés","Crème dessert au chocolat, appertisée","Custard dessert, chocolate, canned","2",0,"Ambiant (long)","Pas de préparation",5,0.25674044999999995,3.44474,3.8443786e-8,0.5706008,0.0069363996,1.4828702e-7,2.2556149e-8,1.3394629e-9,0.018085152,0.00040658832,0.0092996385,0.073412064,13.547121,119.91777,0.5644777,27.287581,0.0000054676331,"PACK AGB"
"39200","39200","lait et produits laitiers","produits laitiers frais et assimilés","Crème dessert au chocolat, rayon frais","Custard dessert, chocolate, refrigerated","2",0,"Glacé","Pas de préparation",5,0.26865613,3.5701729,5.0428e-8,0.64330788,0.0074803545,1.5216865e-7,2.3458972e-8,1.3596665e-9,0.018600088,0.0004254838,0.009468156,0.07525295,13.909551,120.16364,0.5738557,29.878301,0.0000063851402,"PACK AGB"
"39246","39246","lait et produits laitiers","produits laitiers frais et assimilés","Crème dessert au café, rayon frais","Custard dessert, coffee, refrigerated","2",0,"Glacé","Pas de préparation",5,0.21624706000000002,1.9651441,5.1169622e-8,0.66012533,0.0050289854,1.7494152e-7,2.9091917e-8,7.4440111e-10,0.022889676,0.00024445459,0.0062211404,0.094633356,14.224017,57.744687,0.55235125,27.263796,0.0000065563105,"PACK AGB"
"19673","19673","lait et produits laitiers","produits laitiers frais et assimilés","Crème dessert, allégée en MG, rayon frais","Custard dessert, reduced fat, refrigerated","2",0,"Glacé","Pas de préparation",5,0.21624706000000002,1.9651441,5.1169622e-8,0.66012533,0.0050289854,1.7494152e-7,2.9091917e-8,7.4440111e-10,0.022889676,0.00024445459,0.0062211404,0.094633356,14.224017,57.744687,0.55235125,27.263796,0.0000065563105,"PACK AGB"
"39214","39214","lait et produits laitiers","produits laitiers frais et assimilés","Crème dessert à la vanille, appertisée","Custard dessert, vanilla, canned","2",0,"Ambiant (long)","Pas de préparation",5,0.20433136999999998,1.8397112,3.9185408e-8,0.58741825,0.0044850305,1.7105989e-7,2.8189093e-8,7.2419748e-10,0.022374739,0.00022555911,0.006052623,0.09279247,13.861586,57.498819,0.54297325,24.673076,0.0000056388034,"PACK AGB"
"39229","39229","lait et produits laitiers","produits laitiers frais et assimilés","Crème dessert à la vanille, rayon frais","Custard dessert, vanilla, refrigerated","2",0,"Glacé","Pas de préparation",5,0.21624706000000002,1.9651441,5.1169622e-8,0.66012533,0.0050289854,1.7494152e-7,2.9091917e-8,7.4440111e-10,0.022889676,0.00024445459,0.0062211404,0.094633356,14.224017,57.744687,0.55235125,27.263796,0.0000065563105,"PACK AGB"
"19681","19681","lait et produits laitiers","produits laitiers frais et assimilés","Liégeois ou viennois (chocolat, café, caramel ou vanille), rayon frais","Custard topped with whipped cream (chocolate, coffee, caramel or vanilla custard), refrigerated","2",0,"Glacé","Pas de préparation",5,0.37987104,5.3676037,5.4831765e-8,0.69741435,0.010419441,2.119522e-7,3.2599772e-8,2.1579969e-9,0.026715918,0.00062099263,0.014664184,0.10987941,20.481915,192.31319,0.66712043,35.019417,0.000007763886,"PACK AGB"
"13173","13173","aliments infantiles","laits et boissons infantiles","Boisson infantile céréales lactées pour le petit déjeuner","Dairy cereal-based beverage for baby's breakfast","2",0,"Ambiant (long)","Micro-onde",5,0.081538581,0.75103728,2.6202872e-8,0.21430667,0.0020438575,6.6586152e-8,1.1267607e-8,3.3575098e-10,0.0081851492,0.000092327178,0.0022808907,0.033687101,5.1026898,27.674952,0.12503274,10.438658,0.0000030519062,"PACK PROXY"
"13170","13170","aliments infantiles","laits et boissons infantiles","Boisson infantile céréales lactées pour le petit déjeuner dès 12 mois","Dairy cereal-based beverage for baby's breakfast from 12 months","2",0,"Ambiant (long)","Micro-onde",5,0.081538581,0.75103728,2.6202872e-8,0.21430667,0.0020438575,6.6586152e-8,1.1267607e-8,3.3575098e-10,0.0081851492,0.000092327178,0.0022808907,0.033687101,5.1026898,27.674952,0.12503274,10.438658,0.0000030519062,"PACK PROXY"
"13163","13163","aliments infantiles","laits et boissons infantiles","Boisson infantile céréales lactées pour le petit déjeuner dès 4/6 mois","Dairy cereal-based beverage for baby's breakfast from 4/6 months","2",0,"Ambiant (long)","Micro-onde",5,0.081538581,0.75103728,2.6202872e-8,0.21430667,0.0020438575,6.6586152e-8,1.1267607e-8,3.3575098e-10,0.0081851492,0.000092327178,0.0022808907,0.033687101,5.1026898,27.674952,0.12503274,10.438658,0.0000030519062,"PACK PROXY"
"13169","13169","aliments infantiles","laits et boissons infantiles","Boisson infantile céréales lactées pour le petit déjeuner dès 8/9 mois","Dairy cereal-based beverage for baby's breakfast from 8/9 months","2",0,"Ambiant (long)","Micro-onde",5,0.081538581,0.75103728,2.6202872e-8,0.21430667,0.0020438575,6.6586152e-8,1.1267607e-8,3.3575098e-10,0.0081851492,0.000092327178,0.0022808907,0.033687101,5.1026898,27.674952,0.12503274,10.438658,0.0000030519062,"PACK PROXY"
"13162","13162","aliments infantiles","laits et boissons infantiles","Boisson infantile céréales lactées aux fruits pour le goûter dès 4/6 mois","Dairy cereal-based beverage with fruits for baby's snack from 4/6 months","2",0,"Ambiant (long)","Pas de préparation",5,0.07734690599999999,0.73974672,2.5879051e-8,0.14794213,0.0019995774,6.5852264e-8,1.0797682e-8,3.2732789e-10,0.0080999491,0.000086323694,0.0022647051,0.033551981,5.0351106,27.591616,0.12050522,8.9638951,0.000002509097,"PACK PROXY"
"13161","13161","aliments infantiles","laits et boissons infantiles","Boisson infantile céréales lactées aux légumes pour dîner dès 4/6 mois","Dairy cereal-based beverage with vegetables for baby's dinner from 4/6 months","2",0,"Ambiant (long)","Micro-onde",5,0.081538581,0.75103728,2.6202872e-8,0.21430667,0.0020438575,6.6586152e-8,1.1267607e-8,3.3575098e-10,0.0081851492,0.000092327178,0.0022808907,0.033687101,5.1026898,27.674952,0.12503274,10.438658,0.0000030519062,"PACK PROXY"
"13164","13164","aliments infantiles","desserts infantiles","Dessert lacté infantile type crème dessert","Dairy dessert for baby, custard type","2",0,"Ambiant (long)","Pas de préparation",5,0.24945019000000002,2.5912135,3.8585955e-8,0.56171075,0.0068543746,1.7772516e-7,3.0042293e-8,8.0662503e-10,0.023805234,0.00025355189,0.0063211076,0.09805763,14.190423,54.420871,0.89152439,34.492279,0.000007127469,"PACK PROXY"
"13166","13166","aliments infantiles","desserts infantiles","Dessert lacté infantile nature sucré ou aux fruits","Dairy dessert for baby, plain with sugar or with fruits","2",0,"Ambiant (long)","Pas de préparation",5,0.24945019000000002,2.5912135,3.8585955e-8,0.56171075,0.0068543746,1.7772516e-7,3.0042293e-8,8.0662503e-10,0.023805234,0.00025355189,0.0063211076,0.09805763,14.190423,54.420871,0.89152439,34.492279,0.000007127469,"PACK PROXY"
"13165","13165","aliments infantiles","desserts infantiles","Dessert lacté infantile au riz ou à la semoule","Dairy dessert for baby, with rice or semolina","2",0,"Ambiant (long)","Pas de préparation",5,0.24945019000000002,2.5912135,3.8585955e-8,0.56171075,0.0068543746,1.7772516e-7,3.0042293e-8,8.0662503e-10,0.023805234,0.00025355189,0.0063211076,0.09805763,14.190423,54.420871,0.89152439,34.492279,0.000007127469,"PACK PROXY"
"19508","19508","lait et produits laitiers","produits laitiers frais et assimilés","Boisson lactée, lait fermenté ou yaourt à boire, aromatisé, sucré","Dairy drink or fermented milk or yogurt, flavoured, with sugar","2",0,"Glacé","Pas de préparation",5,0.19693934,1.7138208,2.163417e-7,0.35949181,0.0044171339,1.4024557e-7,2.8397457e-8,8.4273586e-10,0.01773392,0.00027382011,0.0044327101,0.072209533,63.606433,46.472638,0.84052027,20.68763,0.0000068043669,"PACK AGB"
"19538","19538","lait et produits laitiers","produits laitiers frais et assimilés","Boisson lactée, lait fermenté ou yaourt à boire, nature, sucré, au L Casei","Dairy drink or fermented milk or yogurt, plain, with sugar, with L Casei","2",0,"Glacé","Pas de préparation",5,0.19693934,1.7138208,2.163417e-7,0.35949181,0.0044171339,1.4024557e-7,2.8397457e-8,8.4273586e-10,0.01773392,0.00027382011,0.0044327101,0.072209533,63.606433,46.472638,0.84052027,20.68763,0.0000068043669,"PACK AGB"
"19535","19535","lait et produits laitiers","produits laitiers frais et assimilés","Boisson lactée, lait fermenté ou yaourt à boire, aux fruits, sucré","Dairy drink or fermented milk or yogurt, with fruits, with sugar","2",0,"Glacé","Pas de préparation",5,0.19693934,1.7138208,2.163417e-7,0.35949181,0.0044171339,1.4024557e-7,2.8397457e-8,8.4273586e-10,0.01773392,0.00027382011,0.0044327101,0.072209533,63.606433,46.472638,0.84052027,20.68763,0.0000068043669,"PACK AGB"
"16713","16713","matières grasses","beurres","Matière grasse laitière à 20% MG, légère, ""à tartiner"", doux","Dairy fat 20% fat, light, spreadable, unsalted","2",0,"Glacé","Pas de préparation",5,0.22168888,2.0189614,3.629276e-8,0.38469071,0.0054755597,2.0038471e-7,3.4240211e-8,9.4434923e-10,0.027376659,0.00019222533,0.006377412,0.11497487,17.163562,65.191251,0.29092018,22.143948,0.0000066142263,"PACK AGB"
"16712","16712","matières grasses","beurres","Matière grasse laitière à 25% MG, légère, ""à tartiner"", doux","Dairy fat 25% fat, light, spreadable, unsalted","2",0,"Glacé","Pas de préparation",5,0.26163797,2.3836216,3.8096879e-8,0.39588891,0.0061680893,2.4426006e-7,4.1530795e-8,1.120099e-9,0.033874752,0.00021103414,0.0078663453,0.14311735,21.045527,80.697458,0.33008857,23.154556,0.0000073168084,"PACK AGB"
"20038","20038","fruits, légumes, légumineuses et oléagineux","légumes","Pissenlit, cru","Dandelion, raw","2",0,"Ambiant (moyen)","Pas de préparation",5,0.086698533,0.900032,3.0235169e-8,0.25924441,0.0027884321,4.2553009e-8,3.3172254e-8,4.7256046e-10,0.0032141143,0.00014130724,0.0023893922,0.011242261,9.8587725,7.825454,0.30458441,14.40246,0.0000056308408,"PACK AGB"
"31080","31080","produits sucrés","chocolats et produits à base de chocolat","Chocolat noir fourré praliné, tablette","Dark chocolate bar, filled with praline","2",0,"Ambiant (long)","Pas de préparation",5,0.97622631,19.08488,3.4413574e-8,0.44102213,0.032124285,2.8182272e-7,3.2596875e-8,8.8824821e-9,0.028222866,0.0024237596,0.046480815,0.10109682,38.682674,725.14842,0.92604371,56.030707,0.000013413151,"PACK PROXY"
"31005","31005","produits sucrés","chocolats et produits à base de chocolat","Chocolat noir à moins de 70% de cacao, à croquer, tablette","Dark chocolate bar, less than 70% cocoa","2",0,"Ambiant (long)","Pas de préparation",5,0.97622631,19.08488,3.4413574e-8,0.44102213,0.032124285,2.8182272e-7,3.2596875e-8,8.8824821e-9,0.028222866,0.0024237596,0.046480815,0.10109682,38.682674,725.14842,0.92604371,56.030707,0.000013413151,"PACK PROXY"
"31085","31085","produits sucrés","chocolats et produits à base de chocolat","Chocolat noir à 40% de cacao minimum, à pâtisser, tablette","Dark chocolate bar, more than 40% cocoa, for cooking","2",0,"Ambiant (long)","Pas de préparation",5,0.8155744500000001,15.422673,3.4400714e-8,0.44353055,0.027051555,2.6726035e-7,2.4088839e-8,7.167054e-9,0.02755851,0.0019176781,0.036701698,0.098552631,32.587318,574.02116,1.2310552,50.114669,0.000013252025,"PACK PROXY"
"31074","31074","produits sucrés","chocolats et produits à base de chocolat","Chocolat noir à 70% cacao minimum, extra, dégustation, tablette","Dark chocolate bar, more than 70% cocoa","2",0,"Ambiant (long)","Pas de préparation",5,0.97622631,19.08488,3.4413574e-8,0.44102213,0.032124285,2.8182272e-7,3.2596875e-8,8.8824821e-9,0.028222866,0.0024237596,0.046480815,0.10109682,38.682674,725.14842,0.92604371,56.030707,0.000013413151,"PACK PROXY"
"31070","31070","produits sucrés","chocolats et produits à base de chocolat","Chocolat noir aux fruits secs (noisettes, amandes, raisins, praline), tablette","Dark chocolate bar, with dried fruits (nuts, almonds, raisin, praline)","2",0,"Ambiant (long)","Pas de préparation",5,0.93506459,12.889172,4.0642584e-8,0.46940983,0.025300363,3.2022994e-7,1.3797635e-7,6.3347835e-9,0.031605886,0.0018143338,0.033827396,0.11470419,38.519064,522.40804,23.356887,49.163525,0.000019085867,"PACK PROXY"
"31069","31069","produits sucrés","chocolats et produits à base de chocolat","Chocolat noir aux fruits (orange, framboise, poire), tablette","Dark chocolate bar, with fruits (orange, raspberries, pear)","2",0,"Ambiant (long)","Pas de préparation",5,0.37242186,5.3329634,2.6751723e-8,0.68586544,0.011204056,1.6442358e-7,2.1321826e-8,3.120538e-9,0.01700697,0.00094890728,0.013705619,0.056967714,16.104166,180.99894,2.8998564,35.848804,0.000010267947,"PACK PROXY"
"31030","31030","produits sucrés","chocolats et produits à base de chocolat","Chocolat noir sans sucres ajoutés, avec édulcorants, en tablette","Dark chocolate bar, without sugar and with artificial sweeteners","2",0,"Ambiant (long)","Pas de préparation",5,0.97622631,19.08488,3.4413574e-8,0.44102213,0.032124285,2.8182272e-7,3.2596875e-8,8.8824821e-9,0.028222866,0.0024237596,0.046480815,0.10109682,38.682674,725.14842,0.92604371,56.030707,0.000013413151,"PACK PROXY"
"31072","31072","produits sucrés","chocolats et produits à base de chocolat","Chocolat noir fourrage confiseur à la menthe","Dark chocolate, filled with mint confectionery","2",0,"Ambiant (long)","Pas de préparation",5,1.0615043,19.406274,0.0000027572007,0.38749062,0.032712648,2.5974434e-7,2.8088755e-8,7.8084065e-9,0.026705426,0.0022173146,0.046554334,0.10080784,37.602877,726.37936,0.99381771,62.55021,0.000076541609,"PACK PROXY"
"13011","13011","fruits, légumes, légumineuses et oléagineux","fruits","Datte, pulpe et peau, sèche","Date, pulp and peel, dried","2",0,"Ambiant (moyen)","Pas de préparation",5,0.02931042,2.437885,2.0895461e-8,0.13220939,0.0048237634,6.1424429e-8,1.2486276e-8,3.6729505e-10,0.006749793,0.00034124597,0.0015145605,0.023352492,4.1157508,79.613881,-15.777294,15.438021,0.000008550974,"PACK AGB"
"4021","4021","fruits, légumes, légumineuses et oléagineux","pommes de terre et autres tubercules","Pomme de terre dauphine, surgelée, cuite","Dauphine potato, frozen, cooked","2",0,"Congelé","Four",5,0.34227899,2.5433157,5.5504004e-8,1.6605366,0.007861626,2.268969e-7,4.4129939e-8,1.5201009e-9,0.030244396,0.00045570264,0.010368695,0.12323443,37.81938,115.27893,0.62908387,52.281889,0.000017903549,"PACK PROXY"
"4020","4020","fruits, légumes, légumineuses et oléagineux","pommes de terre et autres tubercules","Pomme de terre dauphine, surgelée, crue","Dauphine potato, frozen, raw","2",0,"Congelé","Pas de préparation",5,0.21745646,1.7244844,3.7210543e-8,0.80306408,0.0052792078,1.5534261e-7,2.8422471e-8,1.0215317e-9,0.020775602,0.00028720291,0.0071937809,0.085813126,26.192259,80.509053,0.41705337,28.648657,0.0000096037195,"PACK PROXY"
"25056","25056","entrées et plats composés","plats composés","Gratin dauphinois","Dauphiné-style creamed potatoes ""au gratin""","2",0,"Glacé","Micro-onde",5,0.22050868,1.9971029,4.7765242e-8,0.7569633,0.0055401598,1.6118391e-7,3.1988764e-8,8.7825635e-10,0.020723035,0.00027805557,0.0060309294,0.084697556,15.230795,62.352111,0.44517244,31.96281,0.000007666354,"PACK AGB"
"18072","18072","boissons","boissons sans alcool","Café décaféiné, instantané, non sucré, prêt à boire","Decaffeinated instant coffee, without sugar, ready-to-drink","2",0,"Ambiant (long)","Cuisson à l'eau",5,0.059390002,0.45026038,6.3631533e-9,0.084956961,0.0015448017,4.5665668e-8,2.057316e-8,5.2497176e-10,0.0052250381,0.00010143099,0.0029536619,0.020873264,11.416237,13.590195,0.38718498,5.2463901,0.0000019635978,"PACK PROXY"
"18070","18070","boissons","boissons sans alcool","Café décaféiné, non instantané, non sucré, prêt à boire","Decaffeinated not instant coffee, without sugar, ready-to-drink","2",0,"Ambiant (long)","Cuisson à l'eau",5,0.23302594,1.7821682,1.9046307e-8,0.14670874,0.006376949,1.8635808e-7,8.9247848e-8,2.2733559e-9,0.022287847,0.00033588489,0.012831731,0.090264233,51.223251,60.329588,1.4450761,15.086609,0.0000068965679,"PACK PROXY"
"10059","10059","viandes, œufs, poissons","mollusques et crustacés crus","Crevette rose, crue","deep water pink shrimp, raw","2",0,"Glacé","Pas de préparation",5,1.5049810000000001,14.341689,0.0000016172878,0.9663528,0.057427021,8.4792345e-7,3.8957332e-7,8.9132722e-9,0.085369656,0.0078715713,0.093714662,0.25193444,176.23091,378.37879,6.551238,150.40365,0.000055234264,"PACK PROXY"
"23008","23008","produits céréaliers","gâteaux et pâtisseries","Entremets type Opéra","Dessert, Opera cake type","2",0,"Ambiant (long)","Pas de préparation",5,0.72935733,5.0409377,0.0000017932035,0.66957486,0.013470463,3.6643589e-7,1.6888626e-7,2.3583101e-9,0.044285699,0.00075255453,0.019456465,0.18207791,46.156151,239.96624,25.545785,41.19914,0.000058455715,"PACK PROXY"
"20051","20051","fruits, légumes, légumineuses et oléagineux","légumes","Macédoine de légumes, appertisée, égouttée","Diced mixed vegetables, canned, drained","2",0,"Ambiant (long)","Pas de préparation",5,0.12096691,1.1945217,4.50508e-8,0.23976326,0.0039056376,6.7263817e-8,1.627311e-8,7.9713951e-9,0.0046979045,0.00029110168,0.0028281747,0.015515602,9.4626363,41.991798,0.5227161,18.610182,0.0000042781372,"PACK AGB"
"11093","11093","aides culinaires et ingrédients divers","herbes","Aneth, frais","Dill, fresh","2",0,"Ambiant (long)","Pas de préparation",5,0.12888267,0.90566779,1.605937e-8,0.088349657,0.0030704938,6.66072e-8,1.1707982e-8,2.1585237e-10,0.007522307,0.00016362264,0.0039713182,0.030312812,3.2970842,35.482021,5.1213553,12.623899,0.0000039372511,"PACK PROXY"
"30177","30177","viandes, œufs, poissons","charcuteries","Diot, cru","Diot (sausage from Savoy), raw","2",0,"Glacé","Pas de préparation",5,0.64290574,5.0692922,6.6566401e-8,1.0362889,0.013164609,5.7692347e-7,6.0401056e-8,3.1588128e-9,0.081020299,0.00073028431,0.022421549,0.34147484,143.22969,271.7307,1.2839384,46.494163,0.000018385845,"PACK AGB"
"23885","23885","produits céréaliers","gâteaux et pâtisseries","Beignet fourré goût chocolat, préemballé","Doughnut filled with chocolate, prepacked","2",0,"Ambiant (long)","Pas de préparation",5,0.46513955,6.2943288,0.0000017813847,0.61134887,0.012782149,1.7898836e-7,2.2101087e-8,2.7463874e-9,0.021156977,0.00080582106,0.018511687,0.083883689,25.851291,249.40169,0.83990419,38.689689,0.000050423032,"PACK PROXY"
"23884","23884","produits céréaliers","gâteaux et pâtisseries","Beignet fourré aux fruits, préemballé","Doughnut filled with fruits, prepacked","2",0,"Ambiant (long)","Pas de préparation",5,0.29901878,2.1686381,0.0000017818134,0.59269725,0.0065218135,1.8472436e-7,3.1499252e-8,1.1454207e-9,0.02442447,0.00031764154,0.0089857674,0.099836479,25.173399,91.299787,0.6964008,30.113171,0.000050219153,"PACK PROXY"
"23881","23881","produits céréaliers","gâteaux et pâtisseries","Beignet à la confiture","Doughnut filled with jam","2",0,"Ambiant (long)","Pas de préparation",5,0.27295023,1.8264635,0.000001781426,0.58201659,0.0062896772,1.5133297e-7,1.8656165e-8,9.334944e-10,0.018784776,0.00041256368,0.0081408485,0.074600966,21.262874,75.168173,0.96763228,31.64757,0.000051161684,"PACK PROXY"
"23880","23880","produits céréaliers","gâteaux et pâtisseries","Beignet rond moelleux, sans fourrage, saupoudré de sucre","Doughnut, plain","2",0,"Ambiant (long)","Pas de préparation",5,0.26556752,1.7944211,0.0000017789248,0.57709374,0.0060326205,1.4945521e-7,1.9380196e-8,9.8059818e-10,0.018951293,0.00032667066,0.0083718208,0.076015042,21.630991,81.087135,0.78142499,29.494992,0.000049557975,"PACK PROXY"
"19641","19641","lait et produits laitiers","produits laitiers frais et assimilés","Faisselle, 6% MG environ","Drained soft fresh cheese, around 6% fat","2",0,"Glacé","Pas de préparation",5,0.46597221,4.3080426,1.8079367e-7,0.48918797,0.0094014935,4.5541836e-7,7.6766212e-8,1.9654929e-9,0.064910473,0.00046607818,0.015907704,0.27602836,39.869545,153.88898,0.4806418,27.908065,0.000014010943,"PACK AGB"
"9822","9822","produits céréaliers","pâtes, riz et céréales","Pâtes sèches, aux œufs, cuites, non salées","Dried egg pasta, cooked, unsalted","2",0,"Ambiant (long)","Micro-onde",5,0.22953421,1.5945134,8.760194e-7,0.64432351,0.0056838472,1.3180338e-7,2.4178529e-8,1.2105064e-9,0.017356155,0.00033732182,0.0090823222,0.069390952,26.832372,97.922596,0.43519275,28.059877,0.000028362969,"PACK AGB"
"9821","9821","produits céréaliers","pâtes, riz et céréales","Pâtes sèches, aux œufs, crues","Dried egg pasta, raw","2",0,"Ambiant (long)","Pas de préparation",5,0.19206061,1.6400264,3.1001989e-8,0.14206877,0.005523285,1.2749903e-7,2.613924e-8,1.3762502e-9,0.018435651,0.00036502515,0.011042485,0.072939702,8.6584769,124.87127,0.54120422,18.474892,0.000010002034,"PACK AGB"
"9811","9811","produits céréaliers","pâtes, riz et céréales","Pâtes sèches standard, cuites, non salées","Dried pasta, cooked, unsalted","2",0,"Ambiant (long)","Cuisson à l'eau",5,0.10605276000000001,0.91505139,1.9846911e-8,0.21207948,0.0029012535,6.2079361e-8,1.3552858e-8,6.8609507e-10,0.0089322269,0.00018979371,0.0052490384,0.034844025,4.3146862,58.581678,0.27274994,13.803359,0.0000059936949,"PACK AGB"
"9824","9824","produits céréaliers","pâtes, riz et céréales","Pâtes sèches, sans gluten, cuites, non salées","Dried pasta, gluten-free, cooked, unsalted","2",0,"Ambiant (long)","Cuisson à l'eau",5,0.10089002000000001,0.7347539,4.1282867e-7,0.21493829,0.0026800931,5.0060376e-8,1.0417561e-8,4.1666693e-10,0.0066688968,0.00013355065,0.0025790143,0.023843343,10.098535,31.484576,1.0192052,12.939558,0.000012985558,"PACK AGB"
"9874","9874","produits céréaliers","pâtes, riz et céréales","Pâtes sèches, sans gluten, crues","Dried pasta, gluten-free, raw","2",0,"Ambiant (long)","Pas de préparation",5,0.13993379,1.0036331,1.9510876e-8,0.11476396,0.0043472298,9.7390936e-8,1.7860061e-8,7.4785613e-10,0.013408795,0.00019488234,0.0053955066,0.050441453,21.265099,69.481303,2.1977136,12.21217,0.0000036754873,"PACK AGB"
"9810","9810","produits céréaliers","pâtes, riz et céréales","Pâtes sèches standard, crues","Dried pasta, raw","2",0,"Ambiant (long)","Pas de préparation",5,0.20387718,1.7500837,3.3042672e-8,0.14664752,0.0058938176,1.3520281e-7,2.7683256e-8,1.4563169e-9,0.019501479,0.00038739575,0.011670024,0.077221576,9.1706308,131.83271,0.5763714,19.697212,0.000010572784,"PACK AGB"
"9871","9871","produits céréaliers","pâtes, riz et céréales","Pâtes sèches, au blé complet, cuites, non salées","Dried pasta, wholemeal, cooked, unsalted","2",0,"Ambiant (long)","Cuisson à l'eau",5,0.12899777,1.0626085,4.188036e-7,0.22900161,0.0033538139,6.6557964e-8,1.4733589e-8,7.2953213e-10,0.0093544519,0.00021830473,0.0053515806,0.035609788,4.7365443,59.08021,0.30134841,16.239107,0.000016037065,"PACK AGB"
"9870","9870","produits céréaliers","pâtes, riz et céréales","Pâtes sèches, au blé complet, crues","Dried pasta, wholemeal, raw","2",0,"Ambiant (long)","Pas de préparation",5,0.19307627000000002,1.6548832,3.1323134e-8,0.14221521,0.0055689904,1.2775177e-7,2.6199639e-8,1.3788999e-9,0.018459779,0.00036650659,0.011048271,0.072995168,8.678223,124.90476,0.54595306,18.729111,0.000010046013,"PACK AGB"
"24686","24686","produits céréaliers","céréales de petit-déjeuner et biscuits","Génoise sèche fourrée aux fruits et nappée de chocolat","Dried sponge cake filled with fruits and covered with chocolate","2",0,"Ambiant (long)","Pas de préparation",5,0.33555277,2.930398,5.4443452e-8,0.61920654,0.0090365645,2.3186202e-7,3.5598261e-8,1.2197374e-9,0.029641469,0.00075983229,0.0095865806,0.12027615,30.219573,82.90101,1.4927308,45.977389,0.000016944576,"PACK PROXY"
"30300","30300","viandes, œufs, poissons","charcuteries","Saucisson sec","Dry sausage","2",0,"Glacé","Pas de préparation",5,1.1006812,8.5835191,2.128639e-7,2.420404,0.021143995,9.6860699e-7,1.0067834e-7,5.2865526e-9,0.13646212,0.001212541,0.037802956,0.5756376,241.28427,459.47547,2.0708347,87.720576,0.000030033503,"PACK AGB"
"30311","30311","viandes, œufs, poissons","charcuteries","Saucisson sec aux noix et/ou noisettes","Dry sausage w walnuts and/or hazelnuts","2",0,"Glacé","Pas de préparation",5,1.1989268,8.0067393,2.1535045e-7,2.3691734,0.021309109,9.57358e-7,1.7756695e-7,5.0194353e-9,0.13125213,0.0012457926,0.037343763,0.55243279,225.63061,458.36867,18.177918,86.96413,0.000032923324,"PACK AGB"
"30301","30301","viandes, œufs, poissons","charcuteries","Saucisson sec pur porc","Dry sausage, pure pork","2",0,"Glacé","Pas de préparation",5,1.1006812,8.5835191,2.128639e-7,2.420404,0.021143995,9.6860699e-7,1.0067834e-7,5.2865526e-9,0.13646212,0.001212541,0.037802956,0.5756376,241.28427,459.47547,2.0708347,87.720576,0.000030033503,"PACK AGB"
"30302","30302","viandes, œufs, poissons","charcuteries","Saucisson sec pur porc, qualité supérieure","Dry sausage, pure pork, superior quality","2",0,"Glacé","Pas de préparation",5,1.1006812,8.5835191,2.128639e-7,2.420404,0.021143995,9.6860699e-7,1.0067834e-7,5.2865526e-9,0.13646212,0.001212541,0.037802956,0.5756376,241.28427,459.47547,2.0708347,87.720576,0.000030033503,"PACK AGB"
"30316","30316","viandes, œufs, poissons","charcuteries","Chorizo supérieur, doux ou fort, type saucisse sèche","Dry spicy pork sausage with red pepper","2",0,"Glacé","Pas de préparation",5,1.0147957,7.8704922,2.0672372e-7,2.322836,0.019475335,8.8345473e-7,1.2011822e-7,4.9301144e-9,0.1242949,0.0011213389,0.034543406,0.52414099,218.82687,416.7857,1.9517027,82.894417,0.000027757626,"PACK AGB"
"28812","28812","viandes, œufs, poissons","charcuteries","Jambon sec","Dry-cured ham","2",0,"Glacé","Pas de préparation",5,1.7222452,13.104505,0.0000023556606,3.9775734,0.033370567,0.0000014160903,1.5274149e-7,7.8571734e-9,0.19810958,0.0019849859,0.054670885,0.82984285,349.88475,660.68769,3.1054866,149.68558,0.000095582084,"PACK AGB"
"28802","28802","viandes, œufs, poissons","charcuteries","Jambon sec, découenné, dégraissé","Dry-cured ham, fat and rind removed","2",0,"Glacé","Pas de préparation",5,1.7222452,13.104505,0.0000023556606,3.9775734,0.033370567,0.0000014160903,1.5274149e-7,7.8571734e-9,0.19810958,0.0019849859,0.054670885,0.82984285,349.88475,660.68769,3.1054866,149.68558,0.000095582084,"PACK AGB"
"4034","4034","fruits, légumes, légumineuses et oléagineux","pommes de terre et autres tubercules","Pomme de terre duchesse, surgelée, cuite","Duchesse potato, frozen, cooked","2",0,"Congelé","Four",5,0.29591533,2.2153008,5.3480514e-8,1.6192595,0.0066478927,1.8712679e-7,4.0227414e-8,1.1802613e-9,0.024214077,0.00039843625,0.0074820995,0.097679576,26.877203,87.019497,0.59161442,50.046894,0.000016807646,"PACK PROXY"
"4042","4042","fruits, légumes, légumineuses et oléagineux","pommes de terre et autres tubercules","Pomme de terre duchesse, surgelée, crue","Duchesse potato, frozen, raw","2",0,"Congelé","Pas de préparation",5,0.18489335999999998,1.494106,3.5789363e-8,0.77407345,0.004426753,1.2741043e-7,2.5681567e-8,7.8284831e-10,0.01654026,0.00024698238,0.0051664059,0.067864899,18.507119,60.661289,0.39073703,27.078928,0.0000088340217,"PACK PROXY"
"8111","8111","viandes, œufs, poissons","charcuteries","Canard, magret fumé","Duck breast fillet, smoked","2",0,"Glacé","Pas de préparation",5,1.9039244,12.691058,5.6041445e-7,3.9523336,0.033022637,0.0000020209555,1.3405687e-7,8.2316419e-9,0.28603081,0.0024031934,0.06142688,1.2304661,207.22908,678.04898,3.389301,163.67579,0.00004009274,"PACK AGB"
"8109","8109","viandes, œufs, poissons","charcuteries","Confit de canard, viande (cuisse), sans peau, réchauffé","Duck confit (conserved in rendered fat), meat (leg) without skin, reheated","2",0,"Glacé","Four",5,1.030034,6.895878,1.1909828e-7,1.6965091,0.028836791,9.752292e-7,1.108764e-7,9.4794827e-9,0.13188809,0.0012634041,0.036550462,0.54944921,194.14168,294.11835,1.9264549,91.810831,0.000036700999,"PACK AGB"
"22060","22060","viandes, œufs, poissons","œufs","Oeuf de cane, cru","Duck egg, raw","2",0,"Ambiant (moyen)","Pas de préparation",5,0.29896656,2.1173169,2.9630313e-8,0.24710064,0.0085109627,2.4439655e-7,3.4765227e-8,2.1129665e-9,0.033526289,0.00048617622,0.01513875,0.14004306,77.284751,183.97857,0.68294976,19.089683,0.0000092343236,"PACK PROXY"
"16550","16550","matières grasses","autres matières grasses","Graisse de canard","Duck fat","2",0,"Glacé","Pas de préparation",5,0.28174886,2.2664461,4.9600348e-8,0.52740012,0.0078534099,2.7113078e-7,2.2846978e-8,2.031238e-9,0.034326394,0.00037682127,0.0075487372,0.13842054,31.374759,75.632425,0.52623758,31.819586,0.0000071946922,"PACK PROXY"
"8315","8315","viandes, œufs, poissons","charcuteries","Mousse de canard","Duck mousse","2",0,"Glacé","Pas de préparation",5,0.9187546999999999,6.0859865,1.2174472e-7,1.5493158,0.019072684,9.7746767e-7,7.0308408e-8,4.952815e-9,0.13568329,0.0011253028,0.030059412,0.57577336,114.94806,321.59431,1.6893505,78.728664,0.000020392543,"PACK AGB"
"8232","8232","viandes, œufs, poissons","charcuteries","Terrine de canard","Duck terrine","2",0,"Glacé","Pas de préparation",5,0.5633579200000001,5.8645083,3.3289358e-7,1.3494171,0.012434804,4.2894229e-7,4.5280448e-8,4.8517097e-9,0.056410041,0.00060927391,0.015571065,0.22924867,91.386729,170.39565,1.0472405,59.573859,0.000012754586,"PACK AGB"
"25058","25058","entrées et plats composés","plats composés","Canard en sauce (poivre vert, chasseur, etc.)","Duck with sauce (green pepper sauce, hunter-style sauce,etc.)","2",0,"Glacé","Micro-onde",5,0.19966095,1.4615002,7.6053689e-8,0.75489506,0.0054256759,1.1583489e-7,2.6509745e-8,2.0264883e-9,0.013792744,0.00029572062,0.0052035554,0.054050002,26.128634,59.92958,1.9353127,32.355214,0.0000080855077,"PACK AGB"
"36206","36206","viandes, œufs, poissons","viandes crues","Canard, magret, cru","Duck, breast fillet","2",0,"Glacé","Four",5,1.9066013000000002,10.736448,1.9811793e-7,2.8671925,0.032195274,0.0000022154926,1.3878122e-7,8.5574056e-9,0.31777785,0.0022835467,0.066740643,1.3749313,224.50726,729.46411,3.1379912,130.941,0.000042060641999999997,"PACK AGB"
"36203","36203","viandes, œufs, poissons","viandes crues","Canard, cuisse avec peau, sans os, crue","Duck, leg, meat and skin, raw","2",0,"Glacé","Pas de préparation",5,0.56382248,3.6524937,7.2739973e-8,0.81506967,0.011167567,6.2395333e-7,4.12317e-8,2.4425885e-9,0.087262621,0.0006880118,0.018509309,0.3741136,61.9782,199.11055,1.0114395,44.807867,0.00001290026,"PACK AGB"
"36205","36205","viandes, œufs, poissons","viandes cuites","Canard, magret, grillé/poêlé","Duck, magret, cooked in pan","2",0,"Glacé","Four",5,1.9066013000000002,10.736448,1.9811793e-7,2.8671925,0.032195274,0.0000022154926,1.3878122e-7,8.5574056e-9,0.31777785,0.0022835467,0.066740643,1.3749313,224.50726,729.46411,3.1379912,130.941,0.000042060641999999997,"PACK AGB"
"36204","36204","viandes, œufs, poissons","viandes crues","Canard, viande et peau, cru","Duck, meat and skin, raw","2",0,"Glacé","Pas de préparation",5,1.1011706,6.7973558,1.0339704e-7,0.66175511,0.021941597,0.0000013435497,8.4021267e-8,4.5757949e-9,0.1884207,0.0010144165,0.034006807,0.81149452,162.1891,330.57401,1.7738534,58.870816,0.000027774296,"PACK AGB"
"36200","36200","viandes, œufs, poissons","viandes cuites","Canard, viande et peau, rôti/cuit au four","Duck, meat and skin, roasted/baked","2",0,"Glacé","Four",5,1.5342639,9.7189402,1.4897845e-7,1.4213616,0.031539521,0.000001807943,1.172689e-7,6.2574983e-9,0.25189111,0.0014478382,0.045578087,1.0793175,216.50106,441.46466,2.5852264,98.167475,0.000042150545,"PACK AGB"
"36201","36201","viandes, œufs, poissons","viandes crues","Canard, viande, crue","Duck, meat, raw","2",0,"Glacé","Pas de préparation",5,1.1342516,7.2748553,1.1062656e-7,0.68302424,0.023563102,0.0000013613304,8.5814439e-8,4.677094e-9,0.1897673,0.0010583047,0.034332654,0.81447929,163.13875,332.97478,1.9261313,65.471554,0.000028643951,"PACK AGB"
"36202","36202","viandes, œufs, poissons","viandes cuites","Canard, viande, rôtie/cuite au four","Duck, meat, roasted/baked","2",0,"Glacé","Four",5,1.5342639,9.7189402,1.4897845e-7,1.4213616,0.031539521,0.000001807943,1.172689e-7,6.2574983e-9,0.25189111,0.0014478382,0.045578087,1.0793175,216.50106,441.46466,2.5852264,98.167475,0.000042150545,"PACK AGB"
"31040","31040","produits sucrés","confitures et assimilés","Confiture de lait","Dulce de leche or confiture de lait","2",0,"Ambiant (long)","Pas de préparation",5,0.21382588,1.9106831,2.2439807e-8,0.67056962,0.0061776621,1.7211075e-7,1.934945e-8,1.1920528e-9,0.0204255,0.0002418003,0.0059821665,0.079339378,17.053072,44.005113,0.94886776,30.280989,0.0000056016768,"PACK AGB"
"20988","20988","aides culinaires et ingrédients divers","algues","Dulse (Palmaria palmata), séchée ou déshydratée","Dulse (Palmaria palmata), dried or dehydrated","2",0,"Ambiant (long)","Pas de préparation",5,1.5199106,11.997799,3.4245099e-7,10.916084,0.053612038,8.2793619e-7,8.105209e-8,7.2588381e-9,0.10413826,0.0025048177,0.013751618,0.12951886,39.754891,31.710309,4.1626904,392.11548,0.000076152516,"PACK PROXY"
"25110","25110","entrées et plats composés","plats composés","Ravioli chinois à la vapeur à la crevette, cuit","Dumplings, steamed, with shrimps, cooked","2",0,"Glacé","Micro-onde",5,0.9568182,8.7515833,0.0000022581851,1.0189778,0.033923461,4.9823668e-7,2.1615035e-7,5.0459471e-9,0.050638304,0.0047866734,0.05206845,0.15088077,101.58961,227.48201,3.8207444,102.5017,0.000067232047,"PACK AGB"
"9083","9083","entrées et plats composés","plats composés","Blé dur précuit, grains entiers, cuisiné, à poêler","Durum wheat pre-cooked, whole grain, cooked, to pan-fry","2",0,"Ambiant (long)","Poêle",5,0.062016488999999994,0.51070931,4.7439119e-8,0.054440888,0.0018321471,4.3184255e-8,8.0499895e-9,4.509562e-10,0.0057857434,0.00011535218,0.0035997345,0.02339704,3.2928077,41.795972,0.15562669,5.8992502,0.0000033926069,"PACK AGB"
"9081","9081","produits céréaliers","pâtes, riz et céréales","Blé dur précuit, grains entiers, cuit, non salé","Durum wheat pre-cooked, whole grain, cooked, unsalted","2",0,"Ambiant (long)","Cuisson à l'eau",5,0.086652444,0.65499963,3.7720143e-7,0.20096907,0.0021143809,4.4933525e-8,9.3871971e-9,4.8402466e-10,0.0060585085,0.00012785984,0.0035935877,0.023642001,3.1444049,39.619535,0.1585656,11.065532,0.000012420167,"PACK AGB"
"9610","9610","produits céréaliers","pâtes, riz et céréales","Semoule de blé dur, crue","Durum wheat semolina, raw","2",0,"Ambiant (long)","Pas de préparation",5,0.19759103,1.670388,1.1697077e-7,0.14848842,0.0058366477,1.3107368e-7,2.6444752e-8,1.3623905e-9,0.018264445,0.0003905509,0.010903033,0.071986068,9.2413406,124.40977,0.57484466,19.14853,0.000012080141,"PACK AGB"
"9082","9082","entrées et plats composés","plats composés","Blé dur précuit cuisiné, en sachet micro-ondable","Durum wheat, pre-cooked, cooked, in a microwaveable bag","2",0,"Ambiant (long)","Micro-onde",5,0.064673121,0.51080818,4.730899e-8,0.11306211,0.0018446044,4.3474234e-8,8.3849503e-9,4.4191231e-10,0.0058122914,0.00011760412,0.0035536407,0.023317293,3.0386025,40.661099,0.1586078,7.0823957,0.0000038480178,"PACK AGB"
"9060","9060","produits céréaliers","pâtes, riz et céréales","Blé dur entier, cru","Durum wheat, whole, raw","2",0,"Ambiant (long)","Pas de préparation",5,0.13664013,1.128513,1.0614913e-7,0.10550178,0.004067303,9.6559221e-8,1.788168e-8,9.7934123e-10,0.012938675,0.0002521289,0.0079918361,0.05237328,6.7121525,91.673479,0.34809908,12.668845,0.000007467163,"PACK AGB"
"4029","4029","fruits, légumes, légumineuses et oléagineux","pommes de terre et autres tubercules","Pomme de terre primeur, sans peau, bouillie/cuite à l'eau","Early potato, boiled/cooked in water, peeled","2",0,"Ambiant (moyen)","Cuisson à l'eau",5,0.10880936000000001,1.1770177,3.2491554e-8,0.21110208,0.0037812922,5.2284802e-8,1.9235877e-8,5.1803079e-10,0.0043322762,0.00024067474,0.002194164,0.014091236,8.1537998,36.218655,0.54031759,20.110713,0.0000054249977,"PACK PROXY"
"23477","23477","produits céréaliers","gâteaux et pâtisseries","Éclair","Eclair","2",0,"Ambiant (long)","Pas de préparation",5,0.36134700999999997,3.8689113,0.0000017787447,0.59581135,0.0086311659,1.8699553e-7,2.95999e-8,1.6889945e-9,0.023877342,0.00047923282,0.011946097,0.096747622,23.426316,142.73871,0.56713153,32.510988,0.000049490471,"PACK PROXY"
"12729","12729","lait et produits laitiers","fromages","Edam","Edam cheese, from cow's milk","2",0,"Glacé","Pas de préparation",5,0.5962618,5.2391997,0.000001398113,0.63005891,0.011939198,5.5451765e-7,9.0224928e-8,2.3838653e-9,0.074692279,0.00060103326,0.018241307,0.31513981,45.725364,182.84128,0.6958969,37.863232,0.000044961486,"PACK AGB"
"25420","25420","entrées et plats composés","feuilletées et autres entrées","Nem ou Pâté impérial","Egg roll or Nem","2",0,"Glacé","Four",5,0.38530399,2.5943066,0.0000011398277,1.2995097,0.0082829572,2.3079672e-7,2.5547684e-7,5.7548514e-9,0.030612954,0.00044125539,0.012161452,0.1232756,47.796224,-278.33672,3.0140109,47.953781,0.000041318425,"PACK PROXY"
"25582","25582","entrées et plats composés","feuilletées et autres entrées","Nem ou Pâté impérial, au poulet, cuit","Egg roll or Nem, with chicken, cooked","2",0,"Glacé","Four",5,0.38530399,2.5943066,0.0000011398277,1.2995097,0.0082829572,2.3079672e-7,2.5547684e-7,5.7548514e-9,0.030612954,0.00044125539,0.012161452,0.1232756,47.796224,-278.33672,3.0140109,47.953781,0.000041318425,"PACK PROXY"
"25583","25583","entrées et plats composés","feuilletées et autres entrées","Nem ou Pâté impérial, au porc, cuit","Egg roll or Nem, with pork, cooked","2",0,"Glacé","Four",5,0.38530399,2.5943066,0.0000011398277,1.2995097,0.0082829572,2.3079672e-7,2.5547684e-7,5.7548514e-9,0.030612954,0.00044125539,0.012161452,0.1232756,47.796224,-278.33672,3.0140109,47.953781,0.000041318425,"PACK PROXY"
"25584","25584","entrées et plats composés","feuilletées et autres entrées","Nem ou Pâté impérial, aux crevettes et/ou au crabe, cuit","Egg roll or Nem, with shrimp and/or crab, cooked","2",0,"Glacé","Four",5,0.38530399,2.5943066,0.0000011398277,1.2995097,0.0082829572,2.3079672e-7,2.5547684e-7,5.7548514e-9,0.030612954,0.00044125539,0.012161452,0.1232756,47.796224,-278.33672,3.0140109,47.953781,0.000041318425,"PACK PROXY"
"22008","22008","viandes, œufs, poissons","œufs","Oeuf, blanc (blanc d'oeuf), cuit","Egg white, cooked","2",0,"Glacé","Poêle",5,0.41573349,2.9599823,7.8459373e-7,0.64414524,0.011308233000000001,2.9109754e-7,4.4363617e-8,2.5758079e-9,0.039940412,0.00065517046,0.017958856,0.16389778,90.823938,208.59865,0.86907174,35.185346,0.000032048845,"PACK PROXY"
"22004","22004","viandes, œufs, poissons","œufs","Oeuf, blanc (blanc d'oeuf), en poudre","Egg white, powder","2",0,"Ambiant (moyen)","Pas de préparation",5,2.2909405,14.079691,1.9472472e-7,9.0390686,0.056341737,0.0000016324389,2.2692565e-7,1.8241166e-8,0.22830106,0.0033717787,0.10274134,0.94538355,520.72603,1194.082,4.8267055,274.60581,0.000065321999,"PACK PROXY"
"22001","22001","viandes, œufs, poissons","œufs","Oeuf, blanc (blanc d'oeuf), cru","Egg white, raw","2",0,"Ambiant (moyen)","Pas de préparation",5,0.33217202,2.3899394,3.2290648e-8,0.26982039,0.0093799388,2.6965163e-7,3.8372609e-8,2.3394104e-9,0.037179711,0.00054344202,0.016940763,0.15537022,86.335713,203.6206,0.75359404,20.759036,0.000010136393,"PACK PROXY"
"22009","22009","viandes, œufs, poissons","œufs","Oeuf, jaune (jaune d'oeuf), cuit","Egg yolk, cooked","2",0,"Glacé","Poêle",5,0.41568646000000004,2.9596677,7.8458967e-7,0.6441103,0.01130695,2.910589e-7,4.4358305e-8,2.5754606e-9,0.039934812,0.00065509835,0.017956303,0.16387424,90.810859,208.56862,0.86896318,35.18281,0.000032047465,"PACK PROXY"
"22003","22003","viandes, œufs, poissons","œufs","Oeuf, jaune (jaune d'oeuf), en poudre","Egg yolk, powder","2",0,"Ambiant (moyen)","Pas de préparation",5,0.6436131799999999,4.2402259,5.659275e-8,1.8066901,0.016819164,4.8404831e-7,6.6508573e-8,8.1555197e-9,0.065400579,0.0010365692,0.029292801,0.27012865,148.97081,341.00258,1.4207953,65.410882,0.000018492911,"PACK PROXY"
"22002","22002","viandes, œufs, poissons","œufs","Oeuf, jaune (jaune d'oeuf), cru","Egg yolk, raw","2",0,"Ambiant (moyen)","Pas de préparation",5,0.33212621,2.389633,3.2286691e-8,0.26978635,0.0093786892,2.6961399e-7,3.8367435e-8,2.3390722e-9,0.037174256,0.00054337178,0.016938276,0.15534729,86.322974,203.59135,0.75348828,20.756566,0.000010135048,"PACK PROXY"
"22505","22505","viandes, œufs, poissons","œufs","Oeuf, au plat, sans matière grasse","Egg, fried without added fat","2",0,"Glacé","Poêle",5,0.38164391999999997,2.6801011,7.8186257e-7,0.62082058,0.01041612,2.6517004e-7,4.0660187e-8,2.3433349e-9,0.036189716,0.00059637993,0.016108864,0.14816253,81.531989,188.43365,0.79654652,33.471545,0.000031122758,"PACK PROXY"
"22010","22010","viandes, œufs, poissons","œufs","Oeuf, dur","Egg, hard-boiled","2",0,"Glacé","Cuisson à l'eau",5,0.41919368,3.0185006,7.9434093e-7,0.98472935,0.011103297,2.6999072e-7,4.3783628e-8,2.4113701e-9,0.036835285,0.00063708052,0.01622206,0.14939433,81.559714,186.20025,0.82956523,45.985226,0.000034329434,"PACK PROXY"
"22011","22011","viandes, œufs, poissons","œufs","Oeuf, poché","Egg, poached","2",0,"Glacé","Cuisson à l'eau",5,0.41919368,3.0185006,7.9434093e-7,0.98472935,0.011103297,2.6999072e-7,4.3783628e-8,2.4113701e-9,0.036835285,0.00063708052,0.01622206,0.14939433,81.559714,186.20025,0.82956523,45.985226,0.000034329434,"PACK PROXY"
"22013","22013","viandes, œufs, poissons","œufs","Oeuf, en poudre","Egg, powder","2",0,"Ambiant (moyen)","Pas de préparation",5,1.2250242,7.7129874,1.0534533e-7,4.3592953,0.030768345,8.8936376e-7,1.2312652e-7,1.171517e-8,0.12289503,0.0018607629,0.055215891,0.5084546,280.17892,642.09032,2.6228844,139.24446,0.000035020865,"PACK PROXY"
"22000","22000","viandes, œufs, poissons","œufs","Oeuf, cru","Egg, raw","2",0,"Ambiant (moyen)","Pas de préparation",5,0.29896656,2.1173169,2.9630313e-8,0.24710064,0.0085109627,2.4439655e-7,3.4765227e-8,2.1129665e-9,0.033526289,0.00048617622,0.01513875,0.14004306,77.284751,183.97857,0.68294976,19.089683,0.0000092343236,"PACK PROXY"
"22502","22502","viandes, œufs, poissons","œufs","Oeuf, brouillé, avec matière grasse","Egg, scrambled, with added fat","2",0,"Glacé","Poêle",5,0.47590627,3.5653434,7.8691098e-7,0.66589213,0.012125036,3.6264618e-7,5.6768361e-8,2.7744742e-9,0.050521941,0.00065980274,0.019751346,0.21003044,92.270077,225.4991,0.89825324,36.519213,0.000032854475,"PACK PROXY"
"22014","22014","viandes, œufs, poissons","œufs","Oeuf, à la coque","Egg, soft-boiled","2",0,"Glacé","Cuisson à l'eau",5,0.41919368,3.0185006,7.9434093e-7,0.98472935,0.011103297,2.6999072e-7,4.3783628e-8,2.4113701e-9,0.036835285,0.00063708052,0.01622206,0.14939433,81.559714,186.20025,0.82956523,45.985226,0.000034329434,"PACK PROXY"
"25052","25052","entrées et plats composés","plats composés","Gratin d'aubergine","Eggplant au gratin (oven grilled)","2",0,"Glacé","Micro-onde",5,0.26367509,2.1675463,5.8870811e-8,0.88939704,0.0068771019,1.4696351e-7,7.6254323e-8,1.283403e-9,0.017971786,0.00036136289,0.0087518798,0.0702977,30.56944,80.819341,2.0901539,39.124647,0.000009977639,"PACK AGB"
"20002","20002","fruits, légumes, légumineuses et oléagineux","légumes","Aubergine, cuite","Eggplant, cooked","2",0,"Ambiant (moyen)","Cuisson à l'eau",5,0.11905637000000001,1.2067524,4.1424253e-8,0.60086642,0.0040640362,4.457295e-8,1.5292524e-8,2.9380539e-10,0.0038420263,0.00021751743,0.00195009,0.011287493,4.0052832,11.802551,0.45793301,27.310759,0.0000083953013,"PACK AGB"
"20053","20053","fruits, légumes, légumineuses et oléagineux","légumes","Aubergine, crue","Eggplant, raw","2",0,"Ambiant (moyen)","Pas de préparation",5,0.059281714,0.49329423,1.7881515e-8,0.41819698,0.0018410337,2.5038307e-8,9.7986847e-9,1.3161652e-10,0.002063708,0.000080750864,0.0012924028,0.0064079399,1.8159678,5.0952228,0.2507393,13.346001,0.0000050507216,"PACK AGB"
"13126","13126","fruits, légumes, légumineuses et oléagineux","fruits","Sureau, baie, crue","Elderberry, berries, raw","2",0,"Ambiant (moyen)","Pas de préparation",5,0.2654326,1.9032368,6.5269679e-8,0.23523768,0.0082471951,1.4034612e-7,2.4622545e-8,8.4808025e-10,0.013568372,0.0014867435,0.0055910632,0.047732084,28.498251,35.794499,1.9235078,41.806073,0.000028423691,"PACK AGB"
"12115","12115","lait et produits laitiers","fromages","Emmental ou emmenthal","Emmental cheese, from cow's milk","2",0,"Glacé","Pas de préparation",5,0.54815185,5.0919999,4.7882552e-8,0.57052593,0.011133123,5.5851023e-7,8.9421001e-8,2.3282312e-9,0.077215127,0.00049123216,0.01868054,0.32889506,46.350556,183.78314,0.67504928,32.334103,0.00001237423,"PACK AGB"
"12118","12118","lait et produits laitiers","fromages","Emmental ou emmenthal râpé","Emmental cheese, grated, from cow's milk","2",0,"Glacé","Pas de préparation",5,0.55059431,5.1140139,4.7890126e-8,0.56933049,0.011169566,5.6130418e-7,8.9918981e-8,2.3389987e-9,0.077666598,0.00049093273,0.018776741,0.33087783,46.619909,184.86246,0.67734613,32.31478,0.000012413687,"PACK AGB"
"18352","18352","boissons","boissons sans alcool","Boisson énergisante, sucrée","Energy drink, with sugar","2",0,"Glacé","Pas de préparation",5,0.078202941,0.69628421,2.2648946e-8,0.26006115,0.0026452505,5.3118403e-8,6.6171499e-9,5.6222167e-10,0.0050147494,0.00024917146,0.0013583882,0.015282905,3.7373713,9.9585872,0.39150897,13.019462,0.000005009391,"PACK PROXY"
"18353","18353","boissons","boissons sans alcool","Boisson énergisante, non sucrée, avec édulcorants","Energy drink, without sugar and with artificial sweetener(s)","2",0,"Glacé","Pas de préparation",5,0.078202941,0.69628421,2.2648946e-8,0.26006115,0.0026452505,5.3118403e-8,6.6171499e-9,5.6222167e-10,0.0050147494,0.00024917146,0.0013583882,0.015282905,3.7373713,9.9585872,0.39150897,13.019462,0.000005009391,"PACK PROXY"
"7257","7257","produits céréaliers","pains et viennoiseries","Muffin anglais, petit pain spécial, préemballé","English muffin, prepacked","2",0,"Ambiant (court)","Pas de préparation",5,0.23191119999999998,1.9138259,3.6300424e-8,0.50450021,0.0061757219,1.6480413e-7,1.1566418e-7,1.8012102e-9,0.022763879,0.00025237218,0.0088733846,0.096333068,18.834223,89.197207,0.57390405,24.682422,0.0000062454712,"PACK PROXY"
"7256","7256","produits céréaliers","pains et viennoiseries","Muffin anglais, complet, petit pain spécial, préemballé","English muffin, wholewheat flour, prepacked","2",0,"Ambiant (court)","Pas de préparation",5,0.12497567,1.0944512,2.1141093e-8,0.46358218,0.0037046262,7.0999796e-8,1.3032129e-8,6.7083827e-10,0.0086885195,0.00018730765,0.0053756653,0.035589186,9.1093514,56.609519,0.32383318,20.834243,0.000004225275,"PACK PROXY"
"12038","12038","lait et produits laitiers","fromages","Époisses","Époisses cheese, from cow's milk","2",0,"Glacé","Pas de préparation",5,0.44045788,4.0458825,4.3260867e-8,0.49480368,0.0088363871,4.3707981e-7,7.386643e-8,1.9289349e-9,0.062290281,0.00047857866,0.015437687,0.26497341,38.622376,152.1381,0.45492513,25.447789,0.000010172049,"PACK AGB"
"25089","25089","viandes, œufs, poissons","autres produits à base de viande","Cordon bleu de volaille","Escalope cordon bleu (topped with a ham slice and Gruyere sauce)","2",0,"Glacé","Four",5,0.6947418900000001,4.915612,9.5469959e-8,1.4139023,0.019084689,6.2125814e-7,7.8244316e-8,3.5041197e-9,0.084651492,0.00089565219,0.024293354,0.35145669,118.53843,207.206,1.3027143,68.697649,0.000026154111,"PACK AGB"
"20090","20090","fruits, légumes, légumineuses et oléagineux","légumes","Scarole, crue","Escaroles","2",0,"Glacé","Pas de préparation",5,0.12608825,1.0593819,3.2728269e-8,0.86411573,0.0031710943,4.9152859e-8,3.7398928e-8,5.4649638e-10,0.0039780122,0.00019491969,0.0025194571,0.012432198,10.429427,8.579545,0.3455345,27.657972,0.000010566642,"PACK AGB"
"18071","18071","boissons","boissons sans alcool","Café expresso, non instantané, non sucré, prêt à boire","Espresso coffee, not instant coffee, without sugar, ready-to-drink","2",0,"Ambiant (long)","Cuisson à l'eau",5,0.22526641,1.670545,1.5289106e-8,0.13946968,0.0061553775,1.8421421e-7,8.8534829e-8,2.2574034e-9,0.022017202,0.00029630345,0.012764997,0.089674849,51.068995,60.207912,1.4139026,13.5647,0.0000065649264,"PACK PROXY"
"26072","26072","viandes, œufs, poissons","poissons crus","Bar commun ou loup, cru, sans précision","European bass, raw","2",0,"Glacé","Pas de préparation",5,1.9980886,12.822659,0.0000015610333,1.5136074,0.062680032,7.4794584e-7,2.7538534e-7,5.5437332e-9,0.068529816,0.0012351703,0.56058275,0.24958185,114.99832,369.98448,2.6279663,177.58084,0.00005705798,"PACK PROXY"
"27030","27030","viandes, œufs, poissons","poissons cuits","Bar commun ou loup, rôti/cuit au four","European bass, roasted/baked","2",0,"Glacé","Four",5,2.4724445,15.74519,0.0000019086355,2.3653288,0.076880995,9.1900387e-7,3.3992324e-7,6.8348543e-9,0.084342778,0.001554995,0.68463018,0.30580681,140.94621,452.42189,3.2441787,228.32817,0.000073900786,"PACK PROXY"
"26120","26120","viandes, œufs, poissons","poissons cuits","Merlu, cuit à l'étouffée","European hake, braised","2",0,"Glacé","Four",5,1.510709,9.486255,0.0000021350386,0.82071275,0.17185424,0.0000017719365,4.2982216e-8,3.9635227e-9,0.22848536,0.00051949355,0.056306841,0.61425153,11.072445,15.271276,0.35228704,136.30051,0.000079771178,"PACK PROXY"
"26044","26044","viandes, œufs, poissons","poissons crus","Merlu, cru","European hake, raw","2",0,"Glacé","Pas de préparation",5,1.2104638,7.6968305,0.0000017464488,0.2486257,0.1404595,0.0000014464652,3.220196e-8,3.192222e-9,0.1865771,0.00038713407,0.046009869,0.50218633,8.6366529,11.974779,0.25961725,102.21369,0.000061865607,"PACK PROXY"
"10036","10036","viandes, œufs, poissons","mollusques et crustacés crus","Huître plate, crue","European oyster, raw","2",0,"Glacé","Pas de préparation",5,0.48688276,5.5221655,1.3609156e-7,0.89597202,0.032774349,1.7781964e-7,3.6217352e-8,1.3246284e-9,0.025119694,0.00086561934,0.010281154,0.10035548,14.424679,246.66807,0.86055719,83.008375,0.000024470327,"PACK PROXY"
"27010","27010","viandes, œufs, poissons","poissons crus","Perche, crue","European perch, raw","2",0,"Glacé","Pas de préparation",5,3.1754643,5.5230275,0.0000015475877,1.654049,0.026805324,3.5352668e-7,5.3368355e-8,2.5423146e-9,0.035240048,0.0238648,0.095812321,0.12277943,128.72814,134.93421,274.01103,93.914251,0.000057744985,"PACK PROXY"
"27005","27005","viandes, œufs, poissons","poissons cuits","Perche, rôtie/cuite au four","European perch, roasted/baked","2",0,"Glacé","Four",5,3.9100886,6.8319155,0.0000018922176,2.5368161,0.033075896,4.3739519e-7,6.8827611e-8,3.169948e-9,0.043694039,0.029187086,0.11711852,0.15097369,157.71111,165.41188,334.61864,126.16641,0.000074739659,"PACK PROXY"
"26231","26231","viandes, œufs, poissons","produits à base de poissons et produits de la mer","Sardine, filets sans arêtes à l'huile d'olive, appertisés, égouttés","European pilchard or sardine, fillets without fishbone, in olive oil, canned, drained","2",0,"Ambiant (long)","Pas de préparation",5,0.49121117000000003,2.6364883,7.5919494e-8,0.57389461,0.024440119,3.5729007e-7,1.1412481e-7,2.9402872e-9,0.042595184,0.00094119215,0.014122195,0.12851624,23.173577,260.82214,9.9983218,49.718148,0.000021288937,"PACK AGB"
"26136","26136","viandes, œufs, poissons","poissons cuits","Sardine, grillée","European pilchard or sardine, grilled","2",0,"Glacé","Four",5,0.41109047,2.9562824,0.0000018737066,0.78363466,0.030722345,3.0795421e-7,2.3387326e-8,9.0194761e-10,0.037678011,0.00031828852,0.0095865855,0.10291915,6.1458076,9.512554,0.23641562,53.316035,0.000062068244,"PACK PROXY"
"26034","26034","viandes, œufs, poissons","produits à base de poissons et produits de la mer","Sardine, à l'huile, appertisée, égouttée","European pilchard or sardine, in oil, canned, drained","2",0,"Ambiant (long)","Pas de préparation",5,0.48259642999999997,2.5353801,7.2308789e-8,0.57313283,0.024078036,3.5425831e-7,1.1280354e-7,3.0366185e-9,0.042424625,0.00089578308,0.013877145,0.12694472,22.093555,255.46973,9.9342306,48.345912,0.0000212605,"PACK AGB"
"26040","26040","viandes, œufs, poissons","produits à base de poissons et produits de la mer","Sardine, à l'huile d'olive, appertisée, égouttée","European pilchard or sardine, in olive oil, canned, drained","2",0,"Ambiant (long)","Pas de préparation",5,0.5089931999999999,3.7255281,1.0506246e-7,0.86268533,0.0264224,3.617711e-7,9.1138209e-8,2.9855393e-9,0.042263203,0.0010856488,0.012334826,0.11539421,19.957614,178.22277,6.7355715,65.621985,0.000021668091,"PACK AGB"
"26035_2","26035_2","viandes, œufs, poissons","produits à base de poissons et produits de la mer","Sardine, sauce tomate, appertisée","European pilchard or sardine, in tomato sauce, canned","2",0,"Ambiant (long)","Pas de préparation",5,0.2413715,2.6369165,5.6901727e-8,0.26900944,0.011773649,1.6569537e-7,2.7166329e-8,2.1491597e-9,0.017939217,0.00089095848,0.0042030664,0.036643503,14.380117,24.114691,0.5589238,35.099498,0.000011347344,"PACK AGB"
"26035_1","26035","viandes, œufs, poissons","produits à base de poissons et produits de la mer","Sardine, sauce tomate, appertisée, égouttée","European pilchard or sardine, in tomato sauce, canned, drained","2",0,"Ambiant (long)","Pas de préparation",5,0.37122937,4.0555776,8.7514857e-8,0.41373652,0.018107872,2.5483947e-7,4.1781815e-8,3.3054075e-9,0.027590516,0.0013702941,0.0064643161,0.056357707,22.11662,37.088394,0.8596248,53.983027,0.000017452216,"PACK AGB"
"26065","26065","viandes, œufs, poissons","poissons crus","Sardine, crue","European pilchard or sardine, raw","2",0,"Glacé","Pas de préparation",5,0.30991817,2.3490317,0.0000015324279,0.21826016,0.024877856,2.4751945e-7,1.6154492e-8,6.8490864e-10,0.03031315,0.00022235482,0.0077477595,0.083424586,4.6019242,7.2586047,0.16472297,34.252572,0.000047367579,"PACK PROXY"
"26002","26002","viandes, œufs, poissons","produits à base de poissons et produits de la mer","Carrelet ou plie, pané, frit","European plaice, breaded, fried","2",0,"Glacé","Poêle",5,2.4371066,15.125969,0.0000024984145,0.46302381,0.29263151,0.0000030239222,6.0106394e-8,6.706587e-9,0.39106411,0.00068798543,0.096230166,1.0494316,16.041784,23.74413,0.51273313,203.38298,0.000089650958,"PACK PROXY"
"26055","26055","viandes, œufs, poissons","poissons crus","Plie commune, crue","European plaice, raw","2",0,"Glacé","Pas de préparation",5,1.9688571000000001,12.188752,0.0000017640754,0.28003355,0.23912983,0.0000024713049,4.7505226e-8,5.4092627e-9,0.31970158,0.00052943654,0.078563124,0.85806833,12.058341,16.31433,0.39493123,161.74181,0.000065558231,"PACK PROXY"
"26003","26003","viandes, œufs, poissons","poissons cuits","Carrelet ou plie, cuit à la vapeur","European plaice, steamed","2",0,"Glacé","Four",5,2.4367512000000002,14.971152,0.0000021565617,0.85906355,0.29233644,0.0000030233252,6.1668391e-8,6.670658e-9,0.39103808,0.00069325312,0.096056254,1.0488041,15.250525,20.57012,0.51751326,208.98779,0.000084280085,"PACK PROXY"
"26173","26173","viandes, œufs, poissons","poissons crus","Sprat, cru","European sprat, raw","2",0,"Glacé","Pas de préparation",5,0.30991817,2.3490317,0.0000015324279,0.21826016,0.024877856,2.4751945e-7,1.6154492e-8,6.8490864e-10,0.03031315,0.00022235482,0.0077477595,0.083424586,4.6019242,7.2586047,0.16472297,34.252572,0.000047367579,"PACK PROXY"
"25460","25460","entrées et plats composés","pizzas, tartes et crêpes salées","Fajitas","Fajitas","2",0,"Glacé","Four",5,0.41483393,2.8085562,6.4092137e-8,1.1985312,0.011363902,2.7437041e-7,1.7120073e-7,5.7912665e-9,0.035354698,0.00056282172,0.013138465,0.14089228,61.066198,126.24691,2.4719831,52.103261,0.000016310295,"PACK PROXY"
"25590","25590","entrées et plats composés","plats composés","Falafel ou Boulette de pois-chiche et/ou fève, préemballé","Falafel, prepacked","2",0,"Glacé","Poêle",5,0.23592195,1.5188921,5.3450319e-8,0.90185904,0.0055627186,9.1212034e-8,7.2935298e-8,4.8991191e-9,0.010849007,0.00045781802,0.011902658,0.041744564,25.953589,184.26379,2.2216642,35.752679,0.0000087118652,"PACK PROXY"
"20118","20118","fruits, légumes, légumineuses et oléagineux","légumes","Fenouil, bouilli/cuit à l'eau","Fennel, boiled/cooked in water","2",0,"Ambiant (moyen)","Cuisson à l'eau",5,0.18225064,1.8788671,5.1461868e-8,0.24887115,0.007046129,7.7238595e-8,2.4702335e-8,4.2724526e-10,0.0076267255,0.00032261433,0.0065646078,0.024614266,30.438482,23.465172,1.9425998,27.680968,0.0000094890465,"PACK AGB"
"20028","20028","fruits, légumes, légumineuses et oléagineux","légumes","Fenouil, cru","Fennel, raw","2",0,"Ambiant (moyen)","Pas de préparation",5,0.10078865000000001,0.93080351,2.1688183e-8,0.07395083,0.0039115064,4.8301552e-8,1.6313945e-8,2.0870668e-10,0.0048919845,0.00014109399,0.005069936,0.016619216,23.953515,13.636418,1.4722863,10.824385,0.0000052285764,"PACK AGB"
"11066","11066","aides culinaires et ingrédients divers","épices","Fenouil, graine","Fennel, seed","2",0,"Ambiant (long)","Pas de préparation",5,0.19100233,2.0884413,8.0014982e-8,0.30769469,0.008266864,1.0411672e-7,2.2138678e-8,4.2062166e-10,0.0093365522,0.00026035026,0.0051228323,0.023756633,31.107644,19.269209,1.4210545,32.236688,0.0000068234131,"PACK PROXY"
"11077","11077","aides culinaires et ingrédients divers","épices","Fenugrec, graine","Fenugreek, seed","2",0,"Ambiant (long)","Pas de préparation",5,0.5143469199999999,2.5245067,8.3950778e-8,0.31390654,0.01377383,2.6785673e-7,8.904976e-7,4.5659261e-9,0.03605894,0.00033209977,0.014088174,0.14417972,30.3002,74.379146,11.131447,34.185148,0.0000078854948,"PACK PROXY"
"19801","19801","lait et produits laitiers","produits laitiers frais et assimilés","Lait fermenté à boire, nature, maigre","Fermented milk drink, plain, skimmed milk","2",0,"Glacé","Pas de préparation",5,0.14366452999999998,1.4499349,4.2506821e-8,0.25017137,0.0036277840000000002,1.2067956e-7,2.0900863e-8,5.39464e-10,0.015443038,0.00017764258,0.0037152921,0.063217933,10.302153,40.372102,0.27545143,15.400043,0.0000048716608,"PACK AGB"
"19805","19805","lait et produits laitiers","produits laitiers frais et assimilés","Lait fermenté à boire, nature, au lait entier","Fermented milk drink, plain, whole milk","2",0,"Glacé","Pas de préparation",5,0.15764157,1.5786689,4.2837742e-8,0.23840197,0.0038595176,1.3695662e-7,2.366122e-8,6.0429923e-10,0.017905788,0.00018387985,0.0042819435,0.074013265,11.788783,46.323331,0.28965667,15.300331,0.0000051189894,"PACK AGB"
"19539","19539","lait et produits laitiers","produits laitiers frais et assimilés","Lait fermenté ou spécialité laitière type yaourt, aromatisé, sucré, au bifidus","Fermented milk or dairy specialty, yogurt type, flavoured, with sugar, with bifidus","2",0,"Glacé","Pas de préparation",5,0.16304804,1.5899798,4.7218193e-8,0.34467014,0.0041128168,1.3349412e-7,2.084204e-8,6.293252e-10,0.017136069,0.00020363516,0.0042206445,0.070084975,11.150693,43.544731,0.40896914,19.15084,0.0000055610036,"PACK AGB"
"19546","19546","lait et produits laitiers","produits laitiers frais et assimilés","Lait fermenté ou spécialité laitière type yaourt, nature, au bifidus","Fermented milk or dairy specialty, yogurt type, plain, with bifidus","2",0,"Glacé","Pas de préparation",5,0.15990926,1.5913934,4.6401272e-8,0.34530804,0.0039290956,1.3117303e-7,2.2767037e-8,6.4955182e-10,0.016916207,0.00019442454,0.0040735326,0.069278394,11.237043,43.605244,0.2736967,18.437047,0.0000053583349,"PACK AGB"
"19542","19542","lait et produits laitiers","produits laitiers frais et assimilés","Lait fermenté ou spécialité laitière type yaourt, aux fruits, sucré, au bifidus","Fermented milk or dairy specialty, yogurt type, with fruits, with sugar, with bifidus","2",0,"Glacé","Pas de préparation",5,0.19125916999999998,1.6576873,2.0059677e-7,0.35370093,0.0043063164,1.3751057e-7,2.6299601e-8,7.9950821e-10,0.017454957,0.00026478915,0.0043983599,0.071090318,58.846362,45.293096,0.85638082,20.23475,0.0000066445673,"PACK AGB"
"12061","12061","lait et produits laitiers","fromages","Feta de brebis","Feta cheese, from ewe's milk","2",0,"Glacé","Pas de préparation",5,0.59910533,4.7465375,5.9651735e-7,0.70287965,0.010140203,6.3047081e-7,9.2098121e-8,2.2994154e-9,0.089549049,0.00055337145,0.016189932,0.38976106,15.699298,333.39122,0.54862111,37.376849,0.000024892528,"PACK AGB"
"12060","12060","lait et produits laitiers","fromages","Fromage type feta, au lait de vache","Feta-type cheese from cow's milk","2",0,"Glacé","Pas de préparation",5,0.49415870999999995,4.5856464,5.9439822e-7,0.51029344,0.0099626035,4.5733323e-7,7.6669809e-8,2.0113862e-9,0.064801081,0.00049715671,0.015906839,0.27317444,39.885389,152.59225,0.61270127,32.67616,0.000024062483,"PACK AGB"
"12063","12063","lait et produits laitiers","fromages","Fromage type feta, au lait de vache, à l'huile et aux aromates","Feta-type cheese from cow's milk, in oil and spices","2",0,"Glacé","Pas de préparation",5,0.49415870999999995,4.5856464,5.9439822e-7,0.51029344,0.0099626035,4.5733323e-7,7.6669809e-8,2.0113862e-9,0.064801081,0.00049715671,0.015906839,0.27317444,39.885389,152.59225,0.61270127,32.67616,0.000024062483,"PACK AGB"
"13013","13013","fruits, légumes, légumineuses et oléagineux","fruits","Figue, sèche","Fig, dried","2",0,"Ambiant (moyen)","Pas de préparation",5,0.33679344,1.0965662,3.2931937e-8,0.19639789,0.0051092385,6.294496e-8,6.6589677e-8,2.287468e-9,0.0064353218,0.00029631774,0.0016707266,0.021105553,93.674472,95.066836,24.218569,18.58938,0.000010390621,"PACK AGB"
"13012","13012","fruits, légumes, légumineuses et oléagineux","fruits","Figue, crue","Fig, raw","2",0,"Ambiant (moyen)","Pas de préparation",5,0.12973484999999998,0.57068243,2.2731469e-8,0.083287491,0.0023876062,3.1499477e-8,2.4912621e-8,8.2370902e-10,0.0027502174,0.00010686869,0.00080809347,0.0095266019,33.547914,32.617198,8.5320115,7.6400163,0.0000041597479,"PACK AGB"
"12705","12705","lait et produits laitiers","fromages","Fromage à pâte ferme environ 14% MG type Masdaam à teneur réduite en MG","Firm cheese, around 14% fat, Maasdam-type cheese, reduced fat","2",0,"Glacé","Pas de préparation",5,0.55897854,4.9031648,0.0000013979973,0.64830694,0.01138291,5.1186895e-7,8.2623442e-8,2.2195031e-9,0.067800718,0.00060560399,0.016772831,0.28487349,41.613781,166.36585,0.66083635,38.158186,0.000044359188,"PACK AGB"
"12741","12741","lait et produits laitiers","fromages","Fromage à pâte ferme environ 27% MG type Maasdam","Firm cheese, around 27% fat, Maasdam-type cheese","2",0,"Glacé","Pas de préparation",5,0.58652882,5.1514761,0.0000013980828,0.63482264,0.011793976,5.43384e-7,8.8240522e-8,2.3409577e-9,0.072893203,0.00060222647,0.017857954,0.30723864,44.652015,178.54028,0.68674417,37.940231,0.000044804253,"PACK AGB"
"25038","25038","entrées et plats composés","plats composés","Gratin ou cassolette de poisson et / ou fruits de mer, cuit","Fish and shrimp 'au gratin', previously frozen","2",0,"Congelé","Micro-onde",5,1.4666086999999999,10.360752,2.3544285e-7,1.0567903,0.15488093,0.0000016384726,6.0860046e-8,4.1163788e-9,0.21440632,0.0014491176,0.055087422,0.60981089,26.960466,126.73758,0.85965132,142.76603,0.000031124359,"PACK PROXY"
"25154","25154","entrées et plats composés","plats composés","Gratin de poisson et purée ou brandade aux pommes de terre ou parmentier de poisson","Fish brandade or fish shepherd's pie","2",0,"Glacé","Micro-onde",5,1.4909538,9.6916739,2.4784852e-7,0.71672579,0.17164746,0.00000182609,5.3033375e-8,4.3395016e-9,0.23686628,0.00050561731,0.059669892,0.65383735,20.062744,68.083737,0.87387294,134.50381,0.00002581902,"PACK PROXY"
"25416","25416","entrées et plats composés","sandwichs","Burger au poisson","Fish burger, fast foods restaurant","2",0,"Glacé","Four",5,1.0871741,7.1794969,1.859462e-7,1.1585967,0.11526065,0.0000012380313,8.5807799e-8,4.7266274e-9,0.16060106,0.00046077079,0.041555335,0.44879531,18.729919,56.604779,0.86649431,111.63055,0.000023826248,"PACK PROXY"
"25539","25539","entrées et plats composés","plats composés","Brochette de poisson","Fish on skewer","2",0,"Glacé","Four",5,2.3911065999999996,14.780734,3.9269005e-7,0.83971188,0.29464813,0.0000030513111,6.0466485e-8,6.7515273e-9,0.39437043,0.00068551262,0.097061005,1.059228,15.473809,61.782868,0.52091269,205.13495,0.000041068338,"PACK PROXY"
"25037","25037","entrées et plats composés","plats composés","Gratin ou cassolette de poisson et / ou fruits de mer, à cuire","Fish or seafood au gratin, intended to be cook","2",0,"Glacé","Micro-onde",5,1.4425936,9.9166755,2.3065423e-7,0.8270965,0.15887737,0.0000016924285,5.7873672e-8,4.1860778e-9,0.22172707,0.00069482399,0.05722465,0.6331143,24.423497,164.08164,0.54171517,127.49524,0.000026605783,"PACK PROXY"
"25151","25151","entrées et plats composés","feuilletées et autres entrées","Feuilleté au poisson et / ou fruits de mer","Fish or seafood in puff pastry","2",0,"Glacé","Four",5,0.58703404,4.7903403,8.5243171e-8,1.4473557,0.017493659,3.8231524e-7,8.1423544e-8,2.8356025e-9,0.049931769,0.00079397069,0.040071078,0.20390691,58.409108,192.95674,0.84472477,66.958098,0.000033348842,"PACK PROXY"
"8932","8932","viandes, œufs, poissons","charcuteries","Quenelle de poisson, en sauce","Fish quenelle, in sauce","2",0,"Glacé","Four",5,0.8353983899999999,5.588033,6.4504957e-7,1.2433949,0.071971034,9.0769147e-7,5.5713107e-8,2.7411422e-9,0.11967515,0.00045468251,0.031205531,0.36819931,32.112755,101.1784,0.51135398,80.608937,0.000032252187,"PACK AGB"
"8933","8933","viandes, œufs, poissons","charcuteries","Quenelle de poisson, crue","Fish quenelle, raw","2",0,"Glacé","Pas de préparation",5,0.80273599,5.5000546,6.4252629e-7,0.7262686,0.071625994,9.0197286e-7,5.2051353e-8,2.6755078e-9,0.11901125,0.00040790211,0.031079409,0.36714643,31.586164,100.52903,0.47607466,69.117279,0.000028022505,"PACK AGB"
"8291","8291","viandes, œufs, poissons","produits à base de poissons et produits de la mer","Terrine de poisson","Fish terrine","2",0,"Glacé","Pas de préparation",5,1.4171839,9.0285891,0.0000019594363000000002,0.72385462,0.15002669,0.000001651805,5.6111301e-8,6.5220855e-9,0.21502263,0.00052869086,0.054673572,0.60692467,30.649283,77.470198,0.54801422,120.77768,0.000066128535,"PACK PROXY"
"25086","25086","entrées et plats composés","plats composés","Poisson blanc à la bordelaise","Fish w bordelaise sauce","2",0,"Glacé","Micro-onde",5,1.3634420999999999,9.6008231,4.047575e-7,0.86300606,0.13654798,0.0000014872881,9.7517685e-8,7.425923e-9,0.18975084,0.0016778368,0.058460966,0.53625669,43.923151,168.87292,1.529941,124.73823,0.000028698692,"PACK PROXY"
"26030","26030","viandes, œufs, poissons","produits à base de poissons et produits de la mer","Poisson pané, frit","Fish, breaded, fried","2",0,"Glacé","Four",5,1.5287909,9.3835444,0.0000019834628,1.1950614,0.17063979,0.0000017903337,4.8076574e-8,4.2860378e-9,0.23135247,0.00056117666,0.058609024,0.62783257,18.964223,42.856678,0.47461067,142.56957,0.000071067898,"PACK PROXY"
"26029","26029","viandes, œufs, poissons","produits à base de poissons et produits de la mer","Poisson pané, surgelé, cru","Fish, breaded, frozen, raw","2",0,"Congelé","Four",5,1.4481565,8.9673659,2.3117958e-7,1.4156334,0.16383151,0.0000017210728,4.8149943e-8,4.1222404e-9,0.22210565,0.0012697072,0.056230057,0.60247577,21.222147,45.863714,0.62955058,143.39286,0.000031191893,"PACK PROXY"
"26028","26028","viandes, œufs, poissons","produits à base de poissons et produits de la mer","Poisson, croquette ou beignet ou nuggets, frit","Fish, croquette, fritter or nuggets, fried","2",0,"Glacé","Four",5,1.4641879,8.9577539,0.0000019740801,1.1853326,0.16208653,0.0000016971742,4.8140395e-8,6.2088191e-9,0.21904329,0.00054021524,0.05526655,0.59337706,24.473043,47.03688,0.56004267,137.48325,0.000070257573,"PACK PROXY"
"26054","26054","entrées et plats composés","plats composés","Poisson en sauce, surgelé","Fish, in sauce, frozen","2",0,"Congelé","Micro-onde",5,1.5041565,9.8491981,2.4712077e-7,0.97007732,0.16843059,0.0000017859323,5.4913259e-8,4.2401014e-9,0.23087901,0.0012610938,0.057862307,0.63337379,22.15979,47.394859,0.92306407,144.19528,0.000029643332,"PACK PROXY"
"20508","20508","fruits, légumes, légumineuses et oléagineux","légumineuses","Haricot flageolet, appertisé, égouttés","Flageolet bean, canned, drained","2",0,"Ambiant (long)","Micro-onde",5,0.13208909,1.0660849,3.3811074e-8,0.31559076,0.0040019495,7.709416e-8,3.3667041e-8,4.4739054e-9,0.0068575194,0.00031214628,0.0030696502,0.023688871,13.442158,79.698754,0.87559495,19.293422,0.0000048726496,"PACK AGB"
"20513","20513","fruits, légumes, légumineuses et oléagineux","légumineuses","Haricot flageolet, cuit","Flageolet bean, cooked","2",0,"Ambiant (long)","Micro-onde",5,0.061535923,0.43699054,1.4638914e-8,0.29214831,0.0015779787,2.8773736e-8,1.5135175e-8,1.4051623e-9,0.0029528117,0.000120959,0.001223745,0.009993492,5.4539098,33.7951,0.37105548,11.302557,0.0000034531296,"PACK AGB"
"20537","20537","fruits, légumes, légumineuses et oléagineux","légumineuses","Haricot flageolet, surgelé","flageolet bean, frozen","2",0,"Congelé","Micro-onde",5,0.052257528000000004,0.29711997,1.3723054e-8,0.34237487,0.0012905636,2.139894e-8,1.4260052e-8,2.7207556e-10,0.002694319,0.000082897592,0.0012238942,0.0094903957,5.1669247,32.622248,0.33846388,10.210565,0.0000033720368,"PACK AGB"
"20540","20540","fruits, légumes, légumineuses et oléagineux","légumineuses","Haricot flageolet, vert, cuit","Flageolet bean, green, cooked","2",0,"Ambiant (long)","Micro-onde",5,0.061535923,0.43699054,1.4638914e-8,0.29214831,0.0015779787,2.8773736e-8,1.5135175e-8,1.4051623e-9,0.0029528117,0.000120959,0.001223745,0.009993492,5.4539098,33.7951,0.37105548,11.302557,0.0000034531296,"PACK AGB"
"20539","20539","fruits, légumes, légumineuses et oléagineux","légumineuses","Haricot flageolet, vert, sec","Flageolet bean, green, dried","2",0,"Ambiant (long)","Pas de préparation",5,0.08834932399999999,0.50734684,2.1865347e-8,0.31507641,0.0023847953,4.6083223e-8,3.0804318e-8,6.2191051e-10,0.0056180806,0.00016943838,0.0025436102,0.020413776,11.479199,79.310275,0.7560037,11.98624,0.0000047709011,"PACK AGB"
"25550","25550","entrées et plats composés","pizzas, tartes et crêpes salées","Flammenkueche ou Tarte flambée aux lardons","Flamed tart (thin-crusted onion tart with cream and lardoons)","2",0,"Glacé","Four",5,0.42015032,3.1550646,1.5465691e-7,1.4062123,0.0087585721,3.1090659e-7,4.8483686e-8,1.3405979e-8,0.04170699,0.00054550529,0.01278404,0.17029357,58.499878,147.69796,0.77649459,48.401321,0.000018381366,"PACK AGB"
"23525","23525","produits céréaliers","gâteaux et pâtisseries","Flan pâtissier aux oeufs ou à la parisienne","Flan tart with eggs","2",0,"Ambiant (long)","Pas de préparation",5,0.27945348000000003,2.0406791,0.0000017773234,0.5798544,0.0058036816,1.767449e-7,2.8689611e-8,9.324702e-10,0.023248042,0.000275347,0.0075996659,0.094720224,20.868337,70.88871,0.54889591,28.576135,0.000049026972,"PACK PROXY"
"19674","19674","lait et produits laitiers","produits laitiers frais et assimilés","Flan aux œufs, rayon frais","Flan with eggs, refrigerated","2",0,"Glacé","Pas de préparation",5,0.25879971999999996,2.2819416,5.4997919e-8,0.6894432,0.0060772957,2.1223295e-7,3.4129703e-8,1.0320184e-9,0.028298173,0.00030002647,0.0084283437,0.11772884,22.512872,83.052868,0.65478378,29.482483,0.0000077379566,"PACK AGB"
"20269","20269","fruits, légumes, légumineuses et oléagineux","légumes","Haricot plat, cru","Flat bean, raw","2",0,"Ambiant (moyen)","Pas de préparation",5,0.090010932,0.60821401,3.0743011e-8,0.1018249,0.0021442537,5.4289967e-8,3.8565271e-8,7.1779148e-10,0.0060673246,0.00014717502,0.0030654819,0.024218105,14.643679,100.33532,0.95110874,7.4685883,0.0000036862039,"PACK AGB"
"5022","5022","boissons","boisson alcoolisées","Cidre aromatisé (framboise)","Flavoured cider","2",0,"Glacé","Réfrigéré chez le consommateur",5,0.1422483,1.6030161,4.5953145e-8,0.36410188,0.0062668485,6.7850717e-8,2.1695197e-8,4.7975279e-10,0.0063546355,0.00018496844,0.0025577195,0.017771571,24.592295,27.179195,0.57885644,23.840604,0.0000069553805,"PACK PROXY"
"15034","15034","fruits, légumes, légumineuses et oléagineux","fruits à coque et graines oléagineuses","Lin, graine","Flaxseed","2",0,"Ambiant (long)","Pas de préparation",5,0.46775385,3.1291361,4.2310959e-8,0.25744627,0.010316725,3.3464822e-7,1.0849222e-7,4.3649506e-9,0.045709902,0.0015333052,0.030454842,0.19450461,26.857344,527.20165,2.4680052,26.956092,0.000013835571,"PACK PROXY"
"15052","15052","fruits, légumes, légumineuses et oléagineux","fruits à coque et graines oléagineuses","Lin, brun, graine","Flaxseed, brown","2",0,"Ambiant (long)","Pas de préparation",5,0.46775385,3.1291361,4.2310959e-8,0.25744627,0.010316725,3.3464822e-7,1.0849222e-7,4.3649506e-9,0.045709902,0.0015333052,0.030454842,0.19450461,26.857344,527.20165,2.4680052,26.956092,0.000013835571,"PACK PROXY"
"39215","39215","lait et produits laitiers","produits laitiers frais et assimilés","Ile flottante, rayon frais","Floating island (meringue poached in milk and served in a light custard cream), refrigerated","2",0,"Glacé","Pas de préparation",5,0.21479519,1.8215559,5.2432154e-8,0.66853574,0.0054971332,1.6128939e-7,2.4682549e-8,8.6131875e-10,0.020729341,0.00029634203,0.0070601424,0.084583292,22.740801,69.356152,0.67040345,28.235466,0.0000071128128,"PACK AGB"
"24056","24056","produits céréaliers","céréales de petit-déjeuner et biscuits","Florentin (biscuit sec sucré chocolaté aux amandes)","Florentine biscuit (chocolate sweet biscuit (cookie) with almonds)","2",0,"Ambiant (long)","Pas de préparation",5,0.36224793,3.3361469,4.8408116e-8,0.58457963,0.0092824441,2.8862079e-7,4.163517e-8,1.5496707e-9,0.039645483,0.00037279716,0.012935321,0.16668998,33.01304,128.03292,1.0975748,39.549082,0.000010465063,"PACK PROXY"
"7811","7811","entrées et plats composés","sandwichs","Focaccia, garnie","Focaccia, filled","2",0,"Glacé","Four",5,0.45739924,3.3676811,6.5791476e-8,1.4768134,0.010407791,3.1551716e-7,6.3919388e-8,1.7414532e-9,0.0423588,0.000526225,0.014319619,0.17375179,76.881018,166.76079,3.696254,55.216229,0.000016915992,"PACK PROXY"
"12121","12121","lait et produits laitiers","fromages","Fontina","Fontina cheese, from cow's milk","2",0,"Glacé","Pas de préparation",5,0.46746745,4.4026676,4.5210038e-8,0.48440886,0.0096588843,4.5778553e-7,7.6306973e-8,1.9598404e-9,0.06513093,0.0004552119,0.015957872,0.27655799,39.765473,153.42482,0.54257933,28.736036,0.000011322265,"PACK AGB"
"7812","7812","entrées et plats composés","sandwichs","Fougasse, garnie","Fougasse, filled","2",0,"Glacé","Four",5,0.19039869,1.1671386,3.3561056e-8,1.1290904,0.0046845245,8.8047968e-8,3.1089574e-8,7.4417654e-10,0.011047769,0.00026165672,0.006082509,0.04316009,10.739883,89.569106,1.9672551,35.848848,0.000010421104,"PACK PROXY"
"12522","12522","lait et produits laitiers","fromages","Fourme d'Ambert","Fourme d'Ambert cheese, from cow's milk","2",0,"Glacé","Pas de préparation",5,0.46731239,4.2753563,4.1324401e-8,0.47216803,0.0090596831,4.7235567e-7,7.9510192e-8,2.0065871e-9,0.068192435,0.00043666067,0.016614354,0.29161288,41.675312,162.61113,0.47663287,24.38293,0.000010323793,"PACK AGB"
"12519","12519","lait et produits laitiers","fromages","Fourme de Montbrison","Fourme de Montbrison cheese","2",0,"Glacé","Pas de préparation",5,0.4759911,4.3535208,4.1495469e-8,0.47068467,0.0091988352,4.8244198e-7,8.1193086e-8,2.0447857e-9,0.069714169,0.00043668061,0.016941096,0.2982728,42.571093,166.28577,0.4860881,24.432113,0.000010462819,"PACK AGB"
"30134","30134","viandes, œufs, poissons","charcuteries","Saucisse de Francfort","Frankfurter sausage","2",0,"Glacé","Four",5,0.57469061,4.3959669,6.8770923e-8,1.6698416,0.011544691,4.700974e-7,5.3211817e-8,2.6266449e-9,0.065474743,0.00066478425,0.018149887,0.27334148,114.69352,217.20701,1.1154525,59.241573,0.000019923671,"PACK AGB"
"20062","20062","fruits, légumes, légumineuses et oléagineux","légumes","Haricot vert, appertisé, égoutté","French bean, canned, drained","2",0,"Ambiant (long)","Micro-onde",5,0.17681118,1.594511,6.2378182e-8,0.3728429,0.0050920537,1.009492e-7,4.4011976e-8,5.271694e-9,0.0084993729,0.00042077746,0.0041958151,0.030123993,18.772407,103.27204,1.1220099,24.777783,0.0000067499977,"PACK AGB"
"20030","20030","fruits, légumes, légumineuses et oléagineux","légumes","Haricot vert, cuit","French bean, cooked","2",0,"Ambiant (moyen)","Cuisson à l'eau",5,0.15005405,1.2956539,5.5546281e-8,0.26271112,0.0043992617,7.4680362e-8,4.4670154e-8,9.0160868e-10,0.0079931468,0.00028569774,0.0037015626,0.029688458,17.178864,110.86699,1.1842314,21.522812,0.0000069378744,"PACK AGB"
"20071","20071","fruits, légumes, légumineuses et oléagineux","légumes","Haricot vert, surgelé, cuit","French bean, frozen, cooked","2",0,"Congelé","Cuisson à l'eau",5,0.18809671,1.2513145,4.8025738e-8,1.2363971,0.0037168024,7.1506534e-8,4.9016796e-8,9.3863043e-10,0.0081597605,0.00031405551,0.0041082699,0.02851641,18.629967,109.74269,1.1743244,37.494797,0.00001244595,"PACK AGB"
"20070","20070","fruits, légumes, légumineuses et oléagineux","légumes","Haricot vert, surgelé, cru","French bean, frozen, raw","2",0,"Congelé","Pas de préparation",5,0.14996981999999998,0.95100022,3.65722e-8,0.99205719,0.0028777095,5.9071687e-8,4.1070248e-8,7.7284252e-10,0.0067403722,0.00025043621,0.0034378164,0.023791893,15.676522,93.334894,0.97961601,28.949489,0.0000099393912,"PACK AGB"
"20257","20257","fruits, légumes, légumineuses et oléagineux","légumes","Haricots verts, purée","French bean, puree","2",0,"Ambiant (moyen)","Micro-onde",5,0.14479414,1.2418927,8.6544226e-8,0.21930614,0.0043076873,7.3421009e-8,4.4030648e-8,9.2478412e-10,0.0077987728,0.00026547828,0.0035544325,0.028770373,16.794615,109.59096,1.1762949,20.075494,0.0000071285224,"PACK AGB"
"20061_1","20061","fruits, légumes, légumineuses et oléagineux","légumes","Haricot vert, cru","French bean, raw","2",0,"Ambiant (moyen)","Réfrigéré chez le consommateur",5,0.080158617,0.50328593,2.7212572e-8,0.12974864,0.0018730076,4.7927699e-8,3.3842898e-8,6.2898389e-10,0.005366268,0.00012640644,0.0026625041,0.021288887,12.751581,88.315588,0.83778278,7.4395742,0.0000035664256,"PACK AGB"
"20061_2","20061","fruits, légumes, légumineuses et oléagineux","légumes","Haricot vert importé par avion, cru","French bean, raw (Kenya by plane)","2",1,"Ambiant (moyen)","Réfrigéré chez le consommateur",5,0.52852312,7.2049058,1.2820786e-7,0.15231983,0.041892212,1.1481698e-7,1.0148215e-7,1.0400458e-9,0.033230446,0.00021987725,0.014034685,0.14549441,16.4598,94.242191,0.95512394,96.179291,0.0000050557449,"PACK AGB"
"4032","4032","fruits, légumes, légumineuses et oléagineux","pommes de terre et autres tubercules","Frites de pommes de terre, surgelées, cuites en friteuse","French fries or chips, frozen, deep-fried","2",0,"Congelé","Four",5,0.23165687,1.5547198,5.5020612e-8,1.5493096,0.0056515223,1.0485879e-7,3.1217203e-8,9.6676647e-10,0.011942416,0.00040209949,0.0055056732,0.044643874,21.733817,94.73616,1.0515606,47.581295,0.000015607843,"PACK PROXY"
"4046","4046","fruits, légumes, légumineuses et oléagineux","pommes de terre et autres tubercules","Frites de pommes de terre, surgelées, pour cuisson en friteuse","French fries or chips, frozen, raw, intended to be deep-fried","2",0,"Congelé","Pas de préparation",5,0.10465927,0.80100221,2.9852272e-8,0.80269226,0.0027149567,3.8701046e-8,1.633454e-8,3.8800854e-10,0.0035356683,0.00018913758,0.0018401099,0.010939655,6.3192862,23.430374,0.37099988,25.455111,0.0000074827122,"PACK PROXY"
"4045","4045","fruits, légumes, légumineuses et oléagineux","pommes de terre et autres tubercules","Frites de pommes de terre, surgelées, pour cuisson micro-ondes","French fries or chips, frozen, raw, intended to be microwaved","2",0,"Congelé","Pas de préparation",5,0.10465927,0.80100221,2.9852272e-8,0.80269226,0.0027149567,3.8701046e-8,1.633454e-8,3.8800854e-10,0.0035356683,0.00018913758,0.0018401099,0.010939655,6.3192862,23.430374,0.37099988,25.455111,0.0000074827122,"PACK PROXY"
"4044","4044","fruits, légumes, légumineuses et oléagineux","pommes de terre et autres tubercules","Frites de pommes de terre, surgelées, pour cuisson rôtie/ au four","French fries or chips, frozen, raw, intended to be roasted/baked","2",0,"Congelé","Pas de préparation",5,0.10465927,0.80100221,2.9852272e-8,0.80269226,0.0027149567,3.8701046e-8,1.633454e-8,3.8800854e-10,0.0035356683,0.00018913758,0.0018401099,0.010939655,6.3192862,23.430374,0.37099988,25.455111,0.0000074827122,"PACK PROXY"
"4030","4030","fruits, légumes, légumineuses et oléagineux","pommes de terre et autres tubercules","Frites de pommes de terre, surgelées, rôties/cuites au four","French fries or chips, frozen, roasted/baked","2",0,"Congelé","Four",5,0.17588273,1.2128451,4.4579582e-8,1.5682656,0.0041494085,5.9807006e-8,2.6269409e-8,6.0644069e-10,0.0055802353,0.00030777712,0.0027237128,0.016442082,9.4306302,33.894562,0.55725369,45.696191,0.000014133265,"PACK PROXY"
"39236","39236","lait et produits laitiers","produits laitiers frais et assimilés","Pain perdu","French toast","2",0,"Glacé","Pas de préparation",5,0.24345512,2.0485153,5.5765317e-8,0.69829995,0.0066750059,1.7821717e-7,3.1533008e-8,9.6796808e-10,0.023019984,0.00037815386,0.007837717,0.094894769,24.111582,83.82309,0.71459724,31.704036,0.0000096254125,"PACK AGB"
"23589","23589","produits céréaliers","gâteaux et pâtisseries","Gâteau au fromage blanc","Fresh cream cheese cake","2",0,"Ambiant (long)","Pas de préparation",5,0.32134218,2.1071698,0.0000017875671,0.59769938,0.0074673638,1.8790362e-7,2.9415504e-8,1.3108554e-9,0.024363286,0.00041831098,0.010992338,0.098570223,35.785576,139.71492,1.5758273,31.963,0.00005093075,"PACK PROXY"
"19646","19646","lait et produits laitiers","produits laitiers frais et assimilés","Fromage blanc nature, 3% MG environ","Fresh cream cheese, plain, around 3% fat","2",0,"Glacé","Pas de préparation",5,0.18580253,1.7439001,1.687668e-7,0.39832873,0.0042234915,1.5449738e-7,2.7206339e-8,7.4453909e-10,0.021132681,0.00017841947,0.0050023032,0.088595743,13.425648,50.743312,0.21129658,19.411036,0.0000088595694,"PACK AGB"
"19649","19649","lait et produits laitiers","produits laitiers frais et assimilés","Fromage blanc nature, gourmand, 8% MG environ","Fresh cream cheese, plain, creamy, around 8% fat","2",0,"Glacé","Pas de préparation",5,0.21747761,2.0332201,1.7034906e-7,0.40894224,0.0047742256,1.8906179e-7,3.2952968e-8,8.8702524e-10,0.026248342,0.00019381047,0.0061739107,0.11073839,16.480123,62.941151,0.24290249,20.279671,0.0000094299674,"PACK AGB"
"19644","19644","lait et produits laitiers","produits laitiers frais et assimilés","Fromage blanc nature, 0% MG","Fresh cream cheese, plain, fat free","2",0,"Glacé","Pas de préparation",5,0.16695317,1.5718523,1.6783977e-7,0.39215615,0.0038959988,1.339042e-7,2.3782448e-8,6.59699e-10,0.018084601,0.00016926418,0.0043042582,0.075401527,11.605616,43.47445,0.1924419,18.902208,0.000008520003,"PACK AGB"
"19659","19659","lait et produits laitiers","produits laitiers frais et assimilés","Fromage blanc ou spécialité laitière, aux fruits, sucré, gourmand, 7% MG environ","Fresh cream cheese, with fruits, creamy, with sugar, around 7% fat","2",0,"Glacé","Pas de préparation",5,0.23359007,2.0025511,2.9425256e-7,0.42183839,0.0051220246,1.8210931e-7,3.2325721e-8,9.3606384e-10,0.024638598,0.00025495422,0.0060860676,0.10318951,52.02286,59.407173,0.76749291,22.500882,0.00001057309,"PACK AGB"
"9816","9816","produits céréaliers","pâtes, riz et céréales","Pâtes fraîches, aux œufs, cuites, non salées","Fresh egg pasta, cooked, unsalted","2",0,"Ambiant (long)","Micro-onde",5,0.22953421,1.5945134,8.760194e-7,0.64432351,0.0056838472,1.3180338e-7,2.4178529e-8,1.2105064e-9,0.017356155,0.00033732182,0.0090823222,0.069390952,26.832372,97.922596,0.43519275,28.059877,0.000028362969,"PACK AGB"
"9815","9815","produits céréaliers","pâtes, riz et céréales","Pâtes fraîches, aux œufs, crues","Fresh egg pasta, raw","2",0,"Ambiant (long)","Pas de préparation",5,0.14673209,1.1145711,1.7584117e-8,0.15288654,0.0041641801,1.1206983e-7,1.6958006e-8,1.0519359e-9,0.015254179,0.00024012684,0.0079492459,0.063371211,25.435692,93.903949,0.3350082,11.674015,0.0000056279407,"PACK AGB"
"25149","25149","entrées et plats composés","plats composés","Pâtes fraîches farcies (ex : raviolis, ravioles du Dauphiné), au fromage, cuites","Fresh pasta, stuffed with cheese (e.g. ravioli), cooked","2",0,"Glacé","Micro-onde",5,0.41149250000000004,3.3383615,0.000001460465,0.84056315,0.0097813196,2.8481728e-7,5.3805133e-8,1.7450659e-9,0.037470309,0.00057440861,0.01322064,0.15371018,33.984848,134.16865,0.73793399,42.757794,0.000045263036,"PACK AGB"
"25181","25181","entrées et plats composés","plats composés","Pâtes fraîches farcies (ex : raviolis, ravioles du Dauphiné), au fromage, crues","Fresh pasta, stuffed with cheese (e.g. ravioli), raw","2",0,"Glacé","Micro-onde",5,0.41149250000000004,3.3383615,0.000001460465,0.84056315,0.0097813196,2.8481728e-7,5.3805133e-8,1.7450659e-9,0.037470309,0.00057440861,0.01322064,0.15371018,33.984848,134.16865,0.73793399,42.757794,0.000045263036,"PACK AGB"
"25155","25155","entrées et plats composés","plats composés","Pâtes fraîches farcies (ex : raviolis), au fromage et aux légumes, cuites","Fresh pasta, stuffed with cheese and vegetables (e.g. ravioli), cooked","2",0,"Glacé","Micro-onde",5,0.41149250000000004,3.3383615,0.000001460465,0.84056315,0.0097813196,2.8481728e-7,5.3805133e-8,1.7450659e-9,0.037470309,0.00057440861,0.01322064,0.15371018,33.984848,134.16865,0.73793399,42.757794,0.000045263036,"PACK AGB"
"25182","25182","entrées et plats composés","plats composés","Pâtes fraîches farcies (ex : raviolis), au fromage et aux légumes, crues","Fresh pasta, stuffed with cheese and vegetables (e.g. ravioli), raw","2",0,"Glacé","Micro-onde",5,0.41149250000000004,3.3383615,0.000001460465,0.84056315,0.0097813196,2.8481728e-7,5.3805133e-8,1.7450659e-9,0.037470309,0.00057440861,0.01322064,0.15371018,33.984848,134.16865,0.73793399,42.757794,0.000045263036,"PACK AGB"
"25158","25158","entrées et plats composés","plats composés","Pâtes fraîches farcies (ex : raviolis), à la viande (ex : bolognaise), cuites","Fresh pasta, stuffed with meat (e.g. bolognese-style ravioli), cooked","2",0,"Glacé","Micro-onde",5,2.2504579,14.800219,0.0000014910214,1.2064658,0.025249952,0.0000013201641,0.0000048310059,2.6715219e-8,0.18979916,0.0013200479,0.06293122,0.82474301,100.28323,1676.7975,1.807975,66.585825,0.000060462546,"PACK AGB"
"25157","25157","entrées et plats composés","plats composés","Pâtes fraîches farcies (ex : raviolis), à la viande (ex : bolognaise), crues","Fresh pasta, stuffed with meat (e.g. bolognese-style ravioli), raw","2",0,"Glacé","Micro-onde",5,2.2504579,14.800219,0.0000014910214,1.2064658,0.025249952,0.0000013201641,0.0000048310059,2.6715219e-8,0.18979916,0.0013200479,0.06293122,0.82474301,100.28323,1676.7975,1.807975,66.585825,0.000060462546,"PACK AGB"
"25193","25193","entrées et plats composés","plats composés","Pâtes fraîches farcies (ex : raviolis), aux légumes, cuites","Fresh pasta, stuffed with vegetables (e.g. ravioli), cooked","2",0,"Glacé","Micro-onde",5,0.35113821,2.8414517,0.0000014695476,0.54634295,0.0093963074,1.9626253e-7,3.843696e-8,2.1120865e-9,0.024404363,0.00056031084,0.010057377,0.096033833,43.95255,111.14157,1.8248,39.332472,0.000044757399,"PACK AGB"
"25203","25203","entrées et plats composés","plats composés","Pâtes fraîches farcies (ex : ravioli), aux légumes, crues","Fresh pasta, stuffed with vegetables (e.g. ravioli), raw","2",0,"Glacé","Micro-onde",5,0.35113821,2.8414517,0.0000014695476,0.54634295,0.0093963074,1.9626253e-7,3.843696e-8,2.1120865e-9,0.024404363,0.00056031084,0.010057377,0.096033833,43.95255,111.14157,1.8248,39.332472,0.000044757399,"PACK AGB"
"26170","26170","viandes, œufs, poissons","poissons crus","Brème, cru","Freshwater bream, raw","2",0,"Glacé","Pas de préparation",5,1.9980886,12.82266,0.0000015610333,1.5136074,0.062680034,7.4794587e-7,2.7538535e-7,5.5437333e-9,0.068529818,0.0012351704,0.56058275,0.24958186,114.99832,369.98448,2.6279664,177.58085,0.000057057981,"PACK PROXY"
"51511","51511","produits céréaliers","pâtes, riz et céréales","Frik (blé dur immature concassé), cuit, non salé","Frik (crushed immature durum wheat), cooked, unsalted","2",0,"Ambiant (long)","Micro-onde",5,0.091652109,0.75066046,5.2099017e-8,0.13209051,0.0026277766,5.8751504e-8,1.2175261e-8,6.1146294e-10,0.0081696576,0.00017887444,0.0048422345,0.031998574,4.1581073,55.151286,0.25897309,9.9505459,0.0000058898859,"PACK AGB"
"51510","51510","produits céréaliers","pâtes, riz et céréales","Frik (blé dur immature concassé), cru","Frik (crushed immature durum wheat), raw","2",0,"Ambiant (long)","Pas de préparation",5,0.17199223,1.3784755,2.3109324e-8,0.12917458,0.0048792207,1.2093793e-7,2.4259248e-8,1.2886336e-9,0.017411844,0.0003243449,0.010612941,0.06970219,8.1434682,120.65507,0.48079746,14.661392,0.0000088205443,"PACK AGB"
"25438","25438","entrées et plats composés","feuilletées et autres entrées","Brick garni (garniture : crevettes, légumes, volaille, viande, poisson, etc.)","Fritter, filled (filo pastry) (garnish : shrimps, vegetables, poultry, meat, etc.)","2",0,"Glacé","Four",5,0.36364856,2.7997652,5.8278036e-8,1.2770723,0.0088279416,2.2848219e-7,2.5475327e-7,5.7707353e-9,0.030441799,0.00043252304,0.012121421,0.1233059,47.667005,-278.1986,3.1293825,51.245219,0.000015481218,"PACK PROXY"
"25558","25558","entrées et plats composés","feuilletées et autres entrées","Brick au boeuf","Fritter, filled with beef (filo pastry)","2",0,"Glacé","Four",5,0.36364856,2.7997652,5.8278036e-8,1.2770723,0.0088279416,2.2848219e-7,2.5475327e-7,5.7707353e-9,0.030441799,0.00043252304,0.012121421,0.1233059,47.667005,-278.1986,3.1293825,51.245219,0.000015481218,"PACK PROXY"
"25557","25557","entrées et plats composés","feuilletées et autres entrées","Brick à l'oeuf","Fritter, filled with eggs (filo pastry)","2",0,"Glacé","Four",5,0.36364856,2.7997652,5.8278036e-8,1.2770723,0.0088279416,2.2848219e-7,2.5475327e-7,5.7707353e-9,0.030441799,0.00043252304,0.012121421,0.1233059,47.667005,-278.1986,3.1293825,51.245219,0.000015481218,"PACK PROXY"
"25559","25559","entrées et plats composés","feuilletées et autres entrées","Brick à la pomme de terre","Fritter, filled with potatoes (filo pastry)","2",0,"Glacé","Four",5,0.36364856,2.7997652,5.8278036e-8,1.2770723,0.0088279416,2.2848219e-7,2.5475327e-7,5.7707353e-9,0.030441799,0.00043252304,0.012121421,0.1233059,47.667005,-278.1986,3.1293825,51.245219,0.000015481218,"PACK PROXY"
"39530","39530","glaces et sorbets","desserts glacés","Citron givré ou Orange givrée (sorbet)","Frosted lemon or orange (sorbet)","2",0,"Congelé","Pas de préparation",5,0.34402152,2.5527604,0.0000020215465,0.89409061,0.0069007511,2.1953974e-7,3.6569551e-8,1.0169227e-9,0.029425182,0.00031665421,0.0081544452,0.11962628,21.35964,71.736865,0.66983455,37.803005,0.00005802305,"PACK PROXY"
"39502","39502","glaces et sorbets","desserts glacés","Dessert glacé type mystère ou vacherin","Frozen dessert, ice cream with meringue, vacherin ice cream or mystery ice cream type","2",0,"Congelé","Pas de préparation",5,0.34402152,2.5527604,0.0000020215465,0.89409061,0.0069007511,2.1953974e-7,3.6569551e-8,1.0169227e-9,0.029425182,0.00031665421,0.0081544452,0.11962628,21.35964,71.736865,0.66983455,37.803005,0.00005802305,"PACK PROXY"
"39516","39516","glaces et sorbets","desserts glacés","Dessert glacé feuilleté, à partager","Frozen dessert, puff pastry, to share","2",0,"Congelé","Pas de préparation",5,0.34402152,2.5527604,0.0000020215465,0.89409061,0.0069007511,2.1953974e-7,3.6569551e-8,1.0169227e-9,0.029425182,0.00031665421,0.0081544452,0.11962628,21.35964,71.736865,0.66983455,37.803005,0.00005802305,"PACK PROXY"
"39512","39512","glaces et sorbets","desserts glacés","Dessert glacé, type sundae","Frozen dessert, Sundae ice cream type","2",0,"Congelé","Pas de préparation",5,0.27101778,2.2495582,3.961598e-8,0.8809808,0.0063919883,2.2220928e-7,3.6395635e-8,9.9080086e-10,0.028911226,0.00036287729,0.0083041391,0.12062506,22.12693,94.44243,0.67808497,32.119856,0.0000094256709,"PACK PROXY"
"39517","39517","glaces et sorbets","glaces","Glace au yaourt","Frozen yogurt","2",0,"Congelé","Pas de préparation",5,0.2645173,2.2749868,3.9926699e-8,0.88822922,0.0060823422,2.0522617e-7,3.2868558e-8,9.3123655e-10,0.028200039,0.0002481962,0.0078449628,0.11742375,20.360108,70.699432,0.67166494,34.812935,0.000009306268,"PACK PROXY"
"31077","31077","produits sucrés","sucres, miels et assimilés","Fructose","Fructose","2",0,"Ambiant (long)","Pas de préparation",5,0.24220335,1.8613885,2.6621296e-8,0.16349316,0.0072294691,1.3456012e-7,2.0822532e-8,6.2645056e-10,0.014310688,0.00066659391,0.0057581861,0.047853166,37.227306,85.411824,4.5777807,22.420517,0.000021895444,"PACK PROXY"
"23909","23909","produits céréaliers","gâteaux et pâtisseries","Cake aux fruits","Fruit cake","2",0,"Ambiant (long)","Pas de préparation",5,0.32976563000000003,3.2082217,5.500503e-8,0.57367261,0.0092841109,2.3297799e-7,3.7976648e-8,1.3537629e-9,0.031357496,0.00035791153,0.010280766,0.12966527,32.252932,102.25281,1.1665687,42.39466,0.000010668926,"PACK PROXY"
"23531","23531","produits céréaliers","gâteaux et pâtisseries","Charlotte aux fruits","Fruit charlotte","2",0,"Ambiant (long)","Pas de préparation",5,0.35160787,2.6017377,0.0000017900897,0.63189763,0.0075498851,2.2736876e-7,3.7956979e-8,1.1030882e-9,0.029361926,0.00059848452,0.0086525845,0.11883115,26.914686,75.962548,1.0224239,37.867451,0.000055455747,"PACK PROXY"
"13708","13708","fruits, légumes, légumineuses et oléagineux","fruits","Macédoine ou cocktail ou salade de fruits, au sirop léger, appertisé, égoutté","Fruit cocktail or salad, canned in light syrup, drained","2",0,"Ambiant (long)","Pas de préparation",5,0.21946535,1.4599796,2.6643052e-8,1.403548,0.0046345763,7.3405943e-8,2.9357815e-8,4.2708509e-9,0.0051871639,0.00037640806,0.0023755117,0.014495196,24.350492,36.311363,5.8372924,41.63777,0.0000073906202,"PACK AGB"
"13709","13709","fruits, légumes, légumineuses et oléagineux","fruits","Macédoine ou cocktail ou salade de fruits, au sirop léger, appertisé, non égoutté","Fruit cocktail or salad, canned in light syrup, not drained","2",0,"Ambiant (long)","Pas de préparation",5,0.13299958,0.88475806,1.6146126e-8,0.85056943,0.0028085076,4.4484737e-8,1.7787111e-8,2.5883338e-9,0.0031433688,0.00022782589,0.0014330446,0.00878369,14.739859,22.006511,3.5404988,25.23306,0.0000044785652,"PACK AGB"
"13706","13706","fruits, légumes, légumineuses et oléagineux","fruits","Macédoine ou cocktail ou salade de fruits, au sirop, appertisé, égoutté","Fruit cocktail or salad, canned in syrup, drained","2",0,"Ambiant (long)","Pas de préparation",5,0.23640787,1.5996596,2.8673066e-8,1.4113414,0.0052706817,8.7191127e-8,2.9195263e-8,4.2907898e-9,0.0066672318,0.0004442638,0.0028894846,0.019487385,26.294594,43.41758,5.6976614,43.600262,0.00000962407,"PACK AGB"
"13707","13707","fruits, légumes, légumineuses et oléagineux","fruits","Macédoine ou cocktail ou salade de fruits, au sirop, appertisé, non égoutté","Fruit cocktail or salad, canned in syrup, not drained","2",0,"Ambiant (long)","Pas de préparation",5,0.13299958,0.88475806,1.6146126e-8,0.85056943,0.0028085076,4.4484737e-8,1.7787111e-8,2.5883338e-9,0.0031433688,0.00022782589,0.0014330446,0.00878369,14.739859,22.006511,3.5404988,25.23306,0.0000044785652,"PACK AGB"
"31014","31014","produits sucrés","confiseries non chocolatées","Pâte de fruits","Fruit jelly","2",0,"Ambiant (long)","Pas de préparation",5,0.28664869,1.5373252,0.0000011660227,0.6319066,0.0053816971,1.1905309e-7,2.7455444e-8,1.0427314e-9,0.013896218,0.00052303724,0.0064067406,0.053432744,165.27103,51.726292,3.3344052,30.412339,0.000029737336,"PACK PROXY"
"18343","18343","boissons","boissons sans alcool","Boisson au jus de fruit et au lait","Fruit juice with milk","2",0,"Glacé","Pas de préparation",5,0.25744154999999996,1.2633375,3.8148705e-8,0.23075301,0.0052834837,5.6345323e-8,3.1462619e-8,4.382489e-10,0.0068774043,0.00028541695,0.0033877578,0.020936501,91.304247,37.454206,14.366959,17.151751,0.000012188971,"PACK PROXY"
"2048","2048","boissons","boissons sans alcool","Jus multifruit - base pomme, standard","Fruit juice, mixed - apple base, standard","2",0,"Ambiant (long)","Pas de préparation",5,0.098997583,0.82166239,5.2686076e-7,0.20524384,0.0028403358,3.8673663e-8,2.4402919e-8,4.3222968e-10,0.0036680606,0.00012962286,0.0026527189,0.012163702,11.037373,37.269328,0.47094366,13.225664,0.000016145749,"PACK PROXY"
"39220","39220","lait et produits laitiers","produits laitiers frais et assimilés","Liégeois aux fruits","Fruit liegeois","2",0,"Glacé","Pas de préparation",5,0.20408602,1.8111207,2.1345389e-7,0.36224661,0.0046152149,1.4624771e-7,2.7455715e-8,8.4697447e-10,0.018441213,0.0002720755,0.0046204976,0.074742822,61.56839,47.067395,0.92278957,21.985649,0.0000069598117,"PACK AGB"
"39228","39228","lait et produits laitiers","produits laitiers frais et assimilés","Mousse aux fruits, rayon frais","Fruit mousse, refrigerated","2",0,"Glacé","Pas de préparation",5,0.3300547,2.6243887,7.4107865e-8,0.7575449,0.0087049191,2.2953069e-7,3.6719722e-8,1.2790506e-9,0.028491461,0.00089022841,0.0098297652,0.11392266,35.862078,90.201061,1.4403572,44.287133,0.000018448218,"PACK AGB"
"23479","23479","produits céréaliers","gâteaux et pâtisseries","Tarte aux fruits et crème pâtissière","Fruit pie with confectioner's custard","2",0,"Ambiant (long)","Pas de préparation",5,0.38996754,2.7781296,0.0000018013165,0.66408459,0.0090631725,2.3060167e-7,3.9042444e-8,1.2769731e-9,0.028393159,0.00097945773,0.009809992,0.11211706,30.395411,83.900725,1.4308523,46.771994,0.000062317404,"PACK PROXY"
"13134","13134","fruits, légumes, légumineuses et oléagineux","fruits","Salade de fruits, crue","Fruit salad, raw","2",0,"Ambiant (moyen)","Pas de préparation",5,0.20127185,1.9023253,8.0747993e-8,0.12159485,0.0060775172,7.0365168e-8,2.9653154e-8,7.3538796e-10,0.0068462191,0.00037829509,0.0032037402,0.021818846,28.591281,46.999475,6.2429745,21.213403,0.000010511172,"PACK AGB"
"23930","23930","produits céréaliers","gâteaux et pâtisseries","Gâteau sablé aux fruits, préemballé","Fruit shortbread cake, prepacked","2",0,"Ambiant (long)","Pas de préparation",5,0.37277873,3.2623814,3.0868699e-7,0.58207839,0.0093644346,2.4369601e-7,4.0679934e-8,1.522292e-9,0.03221427,0.00045798998,0.010660613,0.13292933,105.04626,99.999471,2.0271788,44.426649,0.000011869816,"PACK PROXY"
"23937","23937","produits céréaliers","gâteaux et pâtisseries","Gâteau moelleux aux fruits","Fruit soft cake","2",0,"Ambiant (long)","Pas de préparation",5,0.37836222,2.7236595,0.0000017960238,0.65437686,0.0085248988,2.3762577e-7,3.7232358e-8,1.2154191e-9,0.030116658,0.00078539508,0.0097029111,0.12073305,30.599685,82.912608,1.3420936,42.555647,0.000058808937,"PACK PROXY"
"18019","18019","boissons","boissons sans alcool","Boisson gazeuse aux fruits (de 10 à 50% de jus), sucrée","Fruit soft drink, carbonated (10-50% of fruit juice), with sugar","2",0,"Glacé","Pas de préparation",5,0.059567401,0.44686554,4.2446238e-7,0.2197637,0.0015893722,1.999425e-8,5.8812777e-9,1.2333368e-10,0.0015807559,0.000075790056,0.00065605176,0.0044072021,5.2222346,7.0339935,0.36647973,9.7964493,0.000012990343,"PACK PROXY"
"18049","18049","boissons","boissons sans alcool","Boisson gazeuse aux fruits (à moins de 10% de jus), sucrée","Fruit soft drink, carbonated (less than 10% of fruit juice), with sugar","2",0,"Glacé","Pas de préparation",5,0.059567401,0.44686554,4.2446238e-7,0.2197637,0.0015893722,1.999425e-8,5.8812777e-9,1.2333368e-10,0.0015807559,0.000075790056,0.00065605176,0.0044072021,5.2222346,7.0339935,0.36647973,9.7964493,0.000012990343,"PACK PROXY"
"18033","18033","boissons","boissons sans alcool","Boisson gazeuse aux fruits (à moins de 10% de jus), sucrée, avec édulcorants","Fruit soft drink, carbonated (less than 10% of fruit juice), with sugar and artificial sweetener(s)","2",0,"Glacé","Pas de préparation",5,0.059567401,0.44686554,4.2446238e-7,0.2197637,0.0015893722,1.999425e-8,5.8812777e-9,1.2333368e-10,0.0015807559,0.000075790056,0.00065605176,0.0044072021,5.2222346,7.0339935,0.36647973,9.7964493,0.000012990343,"PACK PROXY"
"18345","18345","boissons","boissons sans alcool","Boisson gazeuse aux fruits (à moins de 10% de jus), non sucrée, sans édulcorant","Fruit soft drink, carbonated (less than 10% of fruit juice), without sugar and artificial sweetener(s)","2",0,"Glacé","Pas de préparation",5,0.050465008,0.39425381,4.2305882e-7,0.21800006,0.0013748858,1.7689438e-8,3.8599788e-9,8.6110951e-11,0.0012674881,0.00006507855,0.00034303058,0.003246848,1.0304147,1.8450277,0.056988795,9.3200172,0.00001248614,"PACK PROXY"
"18340","18340","boissons","boissons sans alcool","Boisson gazeuse aux fruits (à moins de 10% de jus), non sucrée, avec édulcorants","Fruit soft drink, carbonated (less than 10% of fruit juice), without sugar and with artificial sweetener(s)","2",0,"Glacé","Pas de préparation",5,0.050465008,0.39425381,4.2305882e-7,0.21800006,0.0013748858,1.7689438e-8,3.8599788e-9,8.6110951e-11,0.0012674881,0.00006507855,0.00034303058,0.003246848,1.0304147,1.8450277,0.056988795,9.3200172,0.00001248614,"PACK PROXY"
"18304","18304","boissons","boissons sans alcool","Boisson plate aux fruits (10 à 50% de jus), à teneur réduite en sucres","Fruit soft drink, still (10-50% of fruit juice), reduced sugar","2",0,"Glacé","Pas de préparation",5,0.086545888,0.59370561,4.2569894e-7,0.22019815,0.0023029186,5.6774394e-8,-8.6129299e-10,9.7879714e-11,0.006434869,0.0001158255,0.0019975129,0.025331126,3.014496,11.661175,0.70905609,11.376477,0.000013580723,"PACK PROXY"
"18339","18339","boissons","boissons sans alcool","Boisson plate aux fruits (10 à 50% de jus), sucrée","Fruit soft drink, still (10-50% of fruit juice), with sugar","2",0,"Glacé","Pas de préparation",5,0.086545888,0.59370561,4.2569894e-7,0.22019815,0.0023029186,5.6774394e-8,-8.6129299e-10,9.7879714e-11,0.006434869,0.0001158255,0.0019975129,0.025331126,3.014496,11.661175,0.70905609,11.376477,0.000013580723,"PACK PROXY"
"18309","18309","boissons","boissons sans alcool","Boisson plate aux fruits (teneur en jus non spécifiée), sucrée","Fruit soft drink, still (fruit juice content unspecified), with sugar","2",0,"Glacé","Pas de préparation",5,0.086545888,0.59370561,4.2569894e-7,0.22019815,0.0023029186,5.6774394e-8,-8.6129299e-10,9.7879714e-11,0.006434869,0.0001158255,0.0019975129,0.025331126,3.014496,11.661175,0.70905609,11.376477,0.000013580723,"PACK PROXY"
"18023","18023","boissons","boissons sans alcool","Boisson plate aux fruits (à moins de 10% de jus), sucrée","Fruit soft drink, still (less than 10% of fruit juice), with sugar","2",0,"Glacé","Pas de préparation",5,0.086545888,0.59370561,4.2569894e-7,0.22019815,0.0023029186,5.6774394e-8,-8.6129299e-10,9.7879714e-11,0.006434869,0.0001158255,0.0019975129,0.025331126,3.014496,11.661175,0.70905609,11.376477,0.000013580723,"PACK PROXY"
"18021","18021","boissons","boissons sans alcool","Boisson plate aux fruits, (à moins de 10% de jus), non sucrée, avec édulcorants","Fruit soft drink, still (less than 10% of fruit juice), without sugar and with artificial sweetener(s)","2",0,"Glacé","Pas de préparation",5,0.050465008,0.39425381,4.2305882e-7,0.21800006,0.0013748858,1.7689438e-8,3.8599788e-9,8.6110951e-11,0.0012674881,0.00006507855,0.00034303058,0.003246848,1.0304147,1.8450277,0.056988795,9.3200172,0.00001248614,"PACK PROXY"
"23499","23499","produits céréaliers","gâteaux et pâtisseries","Tarte ou tartelette aux fruits","Fruit tart","2",0,"Ambiant (long)","Pas de préparation",5,0.25782907,1.9325977,0.0000017816411,0.56782661,0.0062240761,1.2706063e-7,3.1457683e-8,7.7148728e-10,0.016250844,0.00027177048,0.0058189108,0.064039652,17.56035,69.94333,0.90099198,29.399157,0.000051442539,"PACK PROXY"
"13159","13159","aliments infantiles","laits et boissons infantiles","Boisson aux fruits pour bébé dès 4/6mois","Fruit-based beverage for baby from 4/6 months","2",0,"Ambiant (long)","Pas de préparation",5,0.25723716,1.0855826,3.7418904e-8,0.15995457,0.004621873,5.0911989e-8,3.2045297e-8,3.7576622e-10,0.0065641783,0.0002581384,0.0034025748,0.020026296,99.467659,38.12264,15.741076,13.944564,0.000011559208,"PACK PROXY"
"39216","39216","lait et produits laitiers","produits laitiers frais et assimilés","Clafoutis aux fruits, rayon frais","Fruits batter-pudding, refrigerated","2",0,"Glacé","Pas de préparation",5,0.37889976,2.4411619,6.7114199e-8,0.72707137,0.0073667968,1.4025393e-7,4.6348895e-8,1.6002015e-9,0.017849223,0.00060523514,0.0067827069,0.062989823,87.133899,844.50616,4.4169036,37.104084,0.000015384501,"PACK AGB"
"13108","13108","fruits, légumes, légumineuses et oléagineux","fruits","Compote, tout type de fruits","Fruits compote, miscellaneous","2",0,"Glacé","Pas de préparation",5,0.14220361,1.2602429,1.5865593e-7,0.64844243,0.0049328483,5.2791732e-8,2.1125868e-8,6.0321574e-10,0.0053693559,0.00024751355,0.0023295109,0.01748373,15.842342,31.124548,0.91924897,28.828704,0.000010193246,"PACK AGB"
"13109","13109","fruits, légumes, légumineuses et oléagineux","fruits","Compote, tout type de fruits, allégée en sucres","Fruits compote, miscellaneous, reduced sugar","2",0,"Ambiant (long)","Pas de préparation",5,0.13566266999999999,1.2742165,1.6109427e-7,0.57629528,0.0049805683,5.0796724e-8,2.1201732e-8,5.9143647e-10,0.0050024773,0.00023980159,0.0023527331,0.01611843,15.686028,28.412321,0.59352308,27.588683,0.0000095915702,"PACK AGB"
"13129","13129","fruits, légumes, légumineuses et oléagineux","fruits","Compote, tout type de fruits, allégée en sucres, rayon frais","Fruits compote, miscellaneous, reduced sugar, refrigerated","2",0,"Glacé","Pas de préparation",5,0.14035028,1.2948807,1.6130552e-7,0.64888666,0.0050222581,5.1567279e-8,2.1693749e-8,5.9968737e-10,0.0050915167,0.0002459426,0.0023633037,0.016252583,15.741227,28.501606,0.59836841,29.143561,0.000010181648,"PACK AGB"
"13152","13152","fruits, légumes, légumineuses et oléagineux","fruits","Dessert de fruits, tout type de fruits (en taux de sucres : compotes allégées en sucres < desserts de fruits < compotes allégée)","Fruits dessert, all types (fruits dessert's sugar content is less than fruits compote but more than fruits compote reduced sugar)","2",0,"Glacé","Pas de préparation",5,0.1660759,1.3341414,3.2055496e-7,0.65944287,0.0044836017,6.3111908e-8,1.7728934e-8,7.3868143e-10,0.0061176745,0.00032451754,0.0033588763,0.019709618,60.50317,30.661041,1.0238082,30.099519,0.0000094328115,"PACK AGB"
"13153","13153","fruits, légumes, légumineuses et oléagineux","fruits","Purée de fruits, tout type de fruits, type ""compote sans sucres ajoutés""","Fruits puree, without sugar added","2",0,"Glacé","Pas de préparation",5,0.14563107,1.2821046,1.5965208e-7,0.6501329,0.0050663724,5.3872354e-8,2.2024208e-8,6.2500905e-10,0.0055467507,0.00025159061,0.0023996336,0.018197415,17.043769,33.141743,0.99443171,29.079748,0.000010459687,"PACK AGB"
"16128","16128","matières grasses","huiles et graisses végétales","Huile pour friture, sans précision","Frying oil","2",0,"Ambiant (long)","Pas de préparation",5,0.36934364,2.3396182,3.0119754e-7,0.25200376,0.0090712385,1.8675656e-7,3.6544275e-8,6.0639848e-9,0.023901562,0.0011858422,0.025202193,0.098815144,130.83,515.63072,0.47739986,21.884814,0.000014566613,"PACK AGB"
"8245","8245","viandes, œufs, poissons","charcuteries","Pâté de gibier","Game pâté","2",0,"Ambiant (long)","Pas de préparation",5,0.5566443,4.7131782,6.1493537e-8,1.0713426,0.01327892,4.6956421e-7,5.1762341e-8,5.2278048e-9,0.062139346,0.00064797994,0.017579313,0.25299696,113.28485,206.12112,1.1464671,53.036732,0.000014598893,"PACK AGB"
"20199","20199","fruits, légumes, légumineuses et oléagineux","légumes","Cresson alénois, cru","Garden cress, raw","2",0,"Ambiant (moyen)","Pas de préparation",5,0.086698533,0.900032,3.0235169e-8,0.25924441,0.0027884321,4.2553009e-8,3.3172254e-8,4.7256046e-10,0.0032141143,0.00014130724,0.0023893922,0.011242261,9.8587725,7.825454,0.30458441,14.40246,0.0000056308408,"PACK AGB"
"20093","20093","fruits, légumes, légumineuses et oléagineux","légumes","Petits pois et carottes, appertisés, égouttés","Garden peas and carrots, canned, drained","2",0,"Ambiant (long)","Micro-onde",5,0.13263128,1.2586228,4.5791932e-8,0.30642847,0.0040668527,6.3646022e-8,1.3303138e-8,7.1484396e-9,0.0040913616,0.00035901057,0.0057476243,0.012384319,11.124408,75.738132,0.41422149,20.515956,0.0000052421954,"PACK AGB"
"20215","20215","fruits, légumes, légumineuses et oléagineux","légumes","Petits pois et carottes, surgelés, cuits","Garden peas and carrots, frozen, cooked","2",0,"Congelé","Micro-onde",5,0.14514909,0.98692425,3.3849563e-8,1.0144129,0.0031438083,4.2709533e-8,1.6349529e-8,4.2438207e-9,0.0041066413,0.00027892014,0.0072112745,0.012919463,11.236889,89.525875,0.42495309,31.217315,0.0000077562857,"PACK AGB"
"20214","20214","fruits, légumes, légumineuses et oléagineux","légumes","Petits pois et carottes, surgelés, crus","Garden peas and carrots, frozen, raw","2",0,"Congelé","Pas de préparation",5,0.1340445,0.92772596,3.2670566e-8,0.94579037,0.0029332515,4.3901454e-8,1.9602976e-8,8.2441164e-10,0.0043862694,0.00026123416,0.0063706537,0.014579501,10.974609,85.490095,0.47373648,28.963178,0.0000070057211,"PACK AGB"
"20036","20036","fruits, légumes, légumineuses et oléagineux","légumes","Petits pois, appertisés, égouttés","Garden peas, canned, drained","2",0,"Ambiant (long)","Micro-onde",5,0.18424772,1.503737,5.2436397e-8,0.30932785,0.0048094507,7.4762356e-8,2.152457e-8,5.4019041e-9,0.0055119472,0.000582102,0.015313526,0.018000815,22.980455,221.48971,0.37121667,22.075544,0.0000071201004,"PACK AGB"
"20037","20037","fruits, légumes, légumineuses et oléagineux","légumes","Petits pois, cuits","Garden peas, cooked","2",0,"Ambiant (moyen)","Cuisson à l'eau",5,0.17341620000000002,1.4535521,5.1394219e-8,0.24184823,0.0045657721,5.1188518e-8,2.0713136e-8,2.0662503e-9,0.004630111,0.00052080247,0.015944612,0.014561526,23.061886,236.7522,0.31744885,21.450129,0.000007919251,"PACK AGB"
"20124","20124","fruits, légumes, légumineuses et oléagineux","légumes","Petits pois, surgelés, cuits","Garden peas, frozen, cooked","2",0,"Congelé","Cuisson à l'eau",5,0.17434618000000002,1.2077874,4.3917639e-8,0.77717409,0.0037098947,4.3960744e-8,2.0550607e-8,1.8803809e-9,0.0041577666,0.00046980603,0.014526398,0.012203891,20.983936,211.91229,0.27107677,28.587459,0.0000097356168,"PACK AGB"
"20084","20084","fruits, légumes, légumineuses et oléagineux","légumes","Petits pois, surgelés, crus","Garden peas, frozen, raw","2",0,"Congelé","Pas de préparation",5,0.1367529,0.9098444,3.2943708e-8,0.57604416,0.002856526,3.5237466e-8,1.6539129e-8,1.5761426e-9,0.003285002,0.00038169934,0.012350887,0.0097806291,17.668381,180.77054,0.20481101,20.815608,0.0000074319671,"PACK AGB"
"20072","20072","fruits, légumes, légumineuses et oléagineux","légumes","Petits pois, crus","Garden peas, raw","2",0,"Ambiant (moyen)","Pas de préparation",5,0.10332008,0.69379833,2.5790423e-8,0.086921398,0.0021946205,2.9429296e-8,1.37858e-8,1.6407036e-9,0.0026359779,0.00033662795,0.01320382,0.0088637497,18.041325,197.50169,0.11833496,7.7595608,0.0000043847579,"PACK AGB"
"26166","26166","viandes, œufs, poissons","poissons crus","Orphie commune, crue","Garfish, raw","2",0,"Glacé","Pas de préparation",5,0.30991817,2.3490317,0.0000015324279,0.21826016,0.024877856,2.4751945e-7,1.6154492e-8,6.8490864e-10,0.03031315,0.00022235482,0.0077477595,0.083424586,4.6019242,7.2586047,0.16472297,34.252572,0.000047367579,"PACK PROXY"
"30700","30700","viandes, œufs, poissons","charcuteries","Saucisson à l'ail","Garlic sausage","2",0,"Glacé","Four",5,0.59866354,4.5469923,6.8295274e-8,1.6970474,0.011838678,4.9660647e-7,5.5586181e-8,2.7594038e-9,0.069399516,0.00068089019,0.019219652,0.29033609,121.78201,230.31213,1.1356258,59.54272,0.000020388474,"PACK AGB"
"11000","11000","aides culinaires et ingrédients divers","herbes","Ail, cru","Garlic, fresh","2",0,"Ambiant (long)","Pas de préparation",5,0.085541726,0.37917642,7.3522069e-9,0.095806398,0.001169698,2.1736999e-8,5.6577412e-9,3.5395092e-8,0.001648161,-0.000030087544,0.0023080008,0.0051633638,8.6164531,32.789651,0.38546765,5.4676927,0.0000023854877,"PACK AGB"
"11023","11023","aides culinaires et ingrédients divers","herbes","Ail séché, poudre","Garlic, powder, dried","2",0,"Ambiant (long)","Pas de préparation",5,0.28824025999999997,1.9587877,8.3780205e-8,0.32140884,0.0073114497,1.0078749e-7,1.9184136e-8,8.2870982e-8,0.0089680692,0.000043000975,0.0065725495,0.022666594,32.776722,83.601112,1.2232464,30.663244,0.0000066977985,"PACK PROXY"
"23301","23301","produits céréaliers","gâteaux et pâtisseries","Corne de gazelle (pâtisserie orientale aux amandes et sirop)","Gazelle horn (oriental pastry with almonds and syrup)","2",0,"Ambiant (long)","Pas de préparation",5,1.263227,2.3848071,0.000001812717,0.69849784,0.015518621,5.0616362e-7,4.8046147e-7,1.608396e-9,0.051988564,0.001035884,0.029177144,0.2096497,71.061498,343.52841,87.737988,46.338714,0.000075284088,"PACK PROXY"
"11007","11007","aides culinaires et ingrédients divers","ingrédients divers","Gélatine, sèche","Gelatine, dried","2",0,"Ambiant (long)","Pas de préparation",5,0.31768502,2.5345782,2.4222134e-8,0.40629602,0.0065608733,2.9578533e-7,3.0959596e-8,1.5911812e-9,0.039972607,0.00039413,0.011595307,0.16759024,71.447547,137.94359,0.61019502,20.727671,0.000009075951,"PACK PROXY"
"12526","12526","lait et produits laitiers","fromages","Bleu de Gex ou Fromage bleu du Haut-jura ou Bleu de septmoncel (AOC)","Gex blue cheese, or Jura blue cheese or Septmoncel blue cheese, from cow's milk","2",0,"Glacé","Pas de préparation",5,0.47352423,4.331303,4.1446844e-8,0.47110631,0.009159282,4.79575e-7,8.0714733e-8,2.0339279e-9,0.069281625,0.00043667494,0.016848222,0.29637976,42.316473,165.24127,0.48340051,24.418133,0.000010423302,"PACK AGB"
"26088","26088","viandes, œufs, poissons","poissons crus","Dorade royale ou daurade ou vraie daurade, crue, élevage","Gilthead seabream, raw, farmed","2",0,"Glacé","Pas de préparation",5,1.9980886,12.822659,0.0000015610333,1.5136074,0.062680032,7.4794584e-7,2.7538534e-7,5.5437332e-9,0.068529816,0.0012351703,0.56058275,0.24958185,114.99832,369.98448,2.6279663,177.58084,0.00005705798,"PACK PROXY"
"26080","26080","viandes, œufs, poissons","poissons crus","Dorade royale, ou daurade ou vraie daurade, crue, sauvage","Gilthead seabream, raw, wild","2",0,"Glacé","Pas de préparation",5,1.6438713,10.196171,0.0000017129659,0.26697857,0.19782995,0.0000020450897,4.038269e-8,4.4949249e-9,0.2642995,0.00045812178,0.06495523,0.70924173,10.288488,13.9341,0.34363322,136.01508,0.000060869168,"PACK PROXY"
"1002","1002","boissons","boisson alcoolisées","Gin","Gin","2",0,"Ambiant (long)","Réfrigéré chez le consommateur",5,0.71775655,4.5470101,8.8529047e-8,1.2582273,0.020534585,3.0534318e-7,2.0257381e-7,4.2918302e-9,0.031213544,0.0010005902,0.038872195,0.11648847,337.14825,710.32933,1.2983204,64.833911,0.000051023939,"PACK PROXY"
"11006","11006","aides culinaires et ingrédients divers","épices","Gingembre, poudre","Ginger, powder","2",0,"Ambiant (long)","Pas de préparation",5,0.21051189,2.0840172,8.167292e-8,0.30873257,0.010755373,1.2578943e-7,3.3779594e-8,5.2736942e-10,0.014974829,0.00025136669,0.0046393015,0.044580374,17.6339,21.955299,2.4336445,32.443523,0.000005475131,"PACK PROXY"
"11074","11074","aides culinaires et ingrédients divers","épices","Gingembre, racine crue","Ginger, raw","2",0,"Ambiant (long)","Pas de préparation",5,0.085883199,0.53082535,8.3241009e-9,0.079084174,0.0048673754,5.3557241e-8,2.2704732e-8,2.388041e-10,0.0088241183,0.000074423576,0.0030064538,0.031176817,3.4502244,12.477487,2.0780333,7.7838493,0.0000023941948,"PACK AGB"
"23200","23200","produits céréaliers","gâteaux et pâtisseries","Pain d'épices","Gingerbread","2",0,"Ambiant (long)","Pas de préparation",5,1.2651808,14.42478,2.8034313e-7,0.83234672,0.057122226,7.9121843e-7,1.3064872e-7,5.8188283e-9,0.059542896,0.0022263719,0.017927344,0.18110659,74.26482,134.96716,2.9443994,197.60945,0.00013282568,"PACK PROXY"
"40700","40700","viandes, œufs, poissons","viandes crues","Gésier, poulet, cru","Gizzard, chicken, raw","2",0,"Glacé","Pas de préparation",5,0.18078460000000002,1.3888454,3.1784553e-8,0.2547313,0.0057123243,1.6325033e-7,1.8118078e-8,8.485183e-10,0.021415013,0.00020213822,0.0057940765,0.0880398,30.867681,46.784431,0.37774293,18.415648,0.0000068123542,"PACK AGB"
"20283","20283","fruits, légumes, légumineuses et oléagineux","légumes","Salicorne (Salicornia sp.), fraîche","Glasswort (Salicornia sp.), fresh","2",0,"Glacé","Pas de préparation",5,0.15908047,1.2431058,4.4825025e-8,0.75584924,0.0062354575,1.1881085e-7,1.3613807e-8,9.9476742e-10,0.014192793,0.0003069745,0.0018814471,0.017764767,5.7932268,4.6997292,0.3711085,30.124494,0.000013106868,"PACK AGB"
"25510","25510","produits céréaliers","pâtes, riz et céréales","Gnocchi à la pomme de terre, cuit","Gnocchi, from potato, cooked","2",0,"Glacé","Micro-onde",5,0.16157986,1.1493232,8.8099977e-7,0.65838073,0.0039936577,7.3087323e-8,1.6815106e-8,6.3440967e-10,0.0083843681,0.00023214263,0.0043655938,0.032045356,9.9510017,47.427935,0.29753387,26.015155,0.000026621667,"PACK AGB"
"26264","26264","produits céréaliers","pâtes, riz et céréales","Gnocchi à la pomme de terre, cru","Gnocchi, from potato, raw","2",0,"Glacé","Pas de préparation",5,0.12831231,0.99073845,8.764845e-7,0.20327188,0.0034661167,6.3457634e-8,1.219106e-8,5.7037e-10,0.0072103879,0.00019695784,0.0034621901,0.02785198,9.4757354,44.483854,0.25898347,14.872839,0.000025385907,"PACK AGB"
"25479","25479","produits céréaliers","pâtes, riz et céréales","Gnocchi à la semoule, cuit","Gnocchi, from semolina, cooked","2",0,"Glacé","Micro-onde",5,0.15866668,1.1290991,8.8050406e-7,0.65884107,0.0039176906,7.0529113e-8,1.6454944e-8,6.1951368e-10,0.0080138252,0.00022668195,0.0042484955,0.030178572,9.1103061,45.158104,0.3174705,25.897766,0.000026431361,"PACK AGB"
"26265","26265","produits céréaliers","pâtes, riz et céréales","Gnocchi à la semoule, cru","Gnocchi, from semolina, raw","2",0,"Glacé","Pas de préparation",5,0.12539913,0.97051433,8.759888e-7,0.20373223,0.0033901497,6.0899425e-8,1.1830898e-8,5.5547401e-10,0.006839845,0.00019149716,0.0033450918,0.025985196,8.6350398,42.214024,0.2789201,14.75545,0.000025195601,"PACK AGB"
"26267","26267","entrées et plats composés","pizzas, tartes et crêpes salées","Tarte épinard chèvre","Goat cheese and spinach tart","2",0,"Glacé","Four",5,0.48518816000000003,3.9102527,1.5667941e-7,1.3948984,0.010155254,4.2056029e-7,7.3744152e-8,2.3274594e-9,0.05787156,0.00058989189,0.015450448,0.24242805,41.998688,184.49227,0.62603542,49.09392,0.000018640326,"PACK AGB"
"12807","12807","lait et produits laitiers","fromages","Sainte-Maure de Touraine (fromage de chèvre)","Goat cheese from raw milk","2",0,"Glacé","Pas de préparation",5,0.8999688299999999,6.5669101,0.0000012642606,0.74939781,0.01287593,0.0000010003437,7.7049925e-8,2.7206354e-9,0.1424746,0.0007889152,0.027839574,0.61938995,43.693489,453.31223,1.9285481,42.617985,0.000045519151,"PACK AGB"
"19201","19201","lait et produits laitiers","laits","Lait de chèvre, demi-écrémé, UHT","Goat milk, half skimmed, UHT pasteurized","2",0,"Ambiant (long)","Pas de préparation",5,0.17183573,1.3022832,1.1342254e-8,0.13351763,0.0026144019,2.040095e-7,1.5606411e-8,5.4801239e-10,0.028358768,0.00011929217,0.0053257988,0.12372256,8.5589027,92.667097,0.39473962,8.2234312,0.000003517431,"PACK AGB"
"19202","19202","lait et produits laitiers","laits","Lait de chèvre, entier, cru","Goat milk, whole, raw","2",0,"Ambiant (long)","Pas de préparation",5,0.49132335,12.411044,2.1536551e-8,0.24104418,0.003098035,2.0775722e-7,1.6690285e-8,5.7182204e-10,0.028847384,0.00013923532,0.0054768717,0.12534934,8.9070831,92.93062,0.40574459,11.421141,0.0000046653395,"PACK AGB"
"19200","19200","lait et produits laitiers","laits","Lait de chèvre, entier, UHT","Goat milk, whole, UHT","2",0,"Ambiant (long)","Pas de préparation",5,0.17183573,1.3022832,1.1342254e-8,0.13351763,0.0026144019,2.040095e-7,1.5606411e-8,5.4801239e-10,0.028358768,0.00011929217,0.0053257988,0.12372256,8.5589027,92.667097,0.39473962,8.2234312,0.000003517431,"PACK AGB"
"39532","39532","glaces et sorbets","desserts glacés","Coupe glacée type café ou chocolat liégeois","Goblet of ice cream, coffee or chocolate ice cream topped with whipped cream","2",0,"Congelé","Pas de préparation",5,0.26047971999999997,2.1935583,4.0543787e-8,0.87542153,0.0063065633,1.9961473e-7,3.5288605e-8,8.6385947e-10,0.025240919,0.00039457519,0.0071539149,0.1034459,19.721377,85.650975,1.026402,33.001068,0.000010898369,"PACK PROXY"
"39534","39534","glaces et sorbets","desserts glacés","Coupe glacée parfum pêche Melba ou poire Belle-Hélène","Goblet of ice cream, peach Melba or Belle Helene pear type","2",0,"Congelé","Pas de préparation",5,0.26047971999999997,2.1935583,4.0543787e-8,0.87542153,0.0063065633,1.9961473e-7,3.5288605e-8,8.6385947e-10,0.025240919,0.00039457519,0.0071539149,0.1034459,19.721377,85.650975,1.026402,33.001068,0.000010898369,"PACK PROXY"
"26210","26210","viandes, œufs, poissons","poissons crus","Sébaste du nord, ou dorade sébaste, ou daurade sébaste, crue","Golden redfish, raw","2",0,"Glacé","Pas de préparation",5,1.9688571000000001,12.188752,0.0000017640754,0.28003355,0.23912983,0.0000024713049,4.7505226e-8,5.4092627e-9,0.31970158,0.00052943654,0.078563124,0.85806833,12.058341,16.31433,0.39493123,161.74181,0.000065558231,"PACK PROXY"
"22070","22070","viandes, œufs, poissons","œufs","Oeuf d'oie, cru","Goose egg, raw","2",0,"Ambiant (moyen)","Pas de préparation",5,0.29896656,2.1173169,2.9630313e-8,0.24710064,0.0085109627,2.4439655e-7,3.4765227e-8,2.1129665e-9,0.033526289,0.00048617622,0.01513875,0.14004306,77.284751,183.97857,0.68294976,19.089683,0.0000092343236,"PACK PROXY"
"16560","16560","matières grasses","autres matières grasses","Graisse d'oie","Goose fat","2",0,"Glacé","Pas de préparation",5,0.24959546999999999,2.2270709,4.7247975e-8,0.39728141,0.0089520877,2.0988757e-7,2.5249603e-8,2.005938e-9,0.02487339,0.00032402429,0.0067676301,0.094929291,40.029273,52.790359,0.50927462,30.224132,0.0000083248211,"PACK PROXY"
"8326","8326","viandes, œufs, poissons","charcuteries","Pâté de foie d'oie","Goose liver pâté","2",0,"Ambiant (long)","Pas de préparation",5,0.27919083,2.477865,4.5354408e-8,0.73815231,0.0083406874,2.1863138e-7,2.5461098e-8,2.7570685e-9,0.026030768,0.00035519132,0.0071530409,0.099817081,40.597758,69.98813,0.67047547,38.79639,0.0000079281939,"PACK AGB"
"36501","36501","viandes, œufs, poissons","viandes crues","Oie, viande et peau, crue","Goose, meat and skin, raw","2",0,"Glacé","Pas de préparation",5,0.69298166,4.744164,8.381713e-8,0.53069864,0.020061481,6.9105631e-7,7.3756409e-8,3.6760031e-9,0.095227203,0.00076392508,0.025938941,0.39963067,141.66005,212.61448,1.2950054,49.239361,0.000023461428,"PACK AGB"
"36503","36503","viandes, œufs, poissons","viandes cuites","Oie, viande et peau, rôtie/cuite au four","Goose, meat and skin, roasted/baked","2",0,"Glacé","Four",5,0.99387483,7.0007814,1.2305719e-7,1.2478598,0.029050493,9.4412658e-7,1.0367957e-7,5.066291e-9,0.12851504,0.0011162201,0.034897283,0.53406334,189.32327,285.30159,1.951294,85.416682,0.00003644087,"PACK AGB"
"36500","36500","viandes, œufs, poissons","viandes crues","Oie, viande crue","Goose, meat, raw","2",0,"Glacé","Pas de préparation",5,0.69298166,4.744164,8.381713e-8,0.53069864,0.020061481,6.9105631e-7,7.3756409e-8,3.6760031e-9,0.095227203,0.00076392508,0.025938941,0.39963067,141.66005,212.61448,1.2950054,49.239361,0.000023461428,"PACK AGB"
"36502","36502","viandes, œufs, poissons","viandes cuites","Oie, viande, rôtie/cuite au four","Goose, meat, roasted/baked","2",0,"Glacé","Four",5,0.99387483,7.0007814,1.2305719e-7,1.2478598,0.029050493,9.4412658e-7,1.0367957e-7,5.066291e-9,0.12851504,0.0011162201,0.034897283,0.53406334,189.32327,285.30159,1.951294,85.416682,0.00003644087,"PACK AGB"
"13020","13020","fruits, légumes, légumineuses et oléagineux","fruits","Groseille à maquereau, crue","Gooseberry, raw","2",0,"Ambiant (moyen)","Pas de préparation",5,0.095911331,0.69946121,2.4758512e-8,0.090356768,0.0027667926,4.9500899e-8,7.9618025e-9,3.0297815e-10,0.0055528691,0.00011857289,0.0014951378,0.020979121,7.229153,116.63795,2.1572389,9.1111992,0.0000056976785,"PACK AGB"
"12524","12524","lait et produits laitiers","fromages","Gorgonzola","Gorgonzola cheese, from cow's milk","2",0,"Glacé","Pas de préparation",5,0.52147863,4.7393863,9.3423761e-7,0.5290312,0.010764127,4.6744758e-7,8.0005719e-8,2.083084e-9,0.066367045,0.00054073441,0.016288217,0.28018721,41.233352,157.31333,0.6038703,35.085426,0.000033237695,"PACK AGB"
"12736","12736","lait et produits laitiers","fromages","Gouda","Gouda cheese, from cow's milk","2",0,"Glacé","Pas de préparation",5,0.59805959,5.2554032,0.0000013981185,0.62917899,0.011966022,5.5657416e-7,9.059147e-8,2.3917908e-9,0.075024588,0.00060081286,0.018312116,0.31659925,45.923624,183.63572,0.69758751,37.849009,0.000044990528,"PACK AGB"
"20993","20993","aides culinaires et ingrédients divers","algues","Gracilaire ou ogonori (Gracilaria verrucosa), séchée ou déshydratée","Gracilaria seaweeds (Gracilaria verrucosa), dried or dehydrated","2",0,"Ambiant (long)","Pas de préparation",5,1.5467408,12.2005,3.4542267e-7,10.918509,0.057733433,8.3490215e-7,8.1758221e-8,7.301482e-9,0.10955946,0.0025147409,0.015110188,0.14459756,39.9629,32.056889,4.1695191,394.63825,0.000076401245,"PACK PROXY"
"12123","12123","lait et produits laitiers","fromages","Grana Padano","Grana Padano cheese, from cow's milk","2",0,"Glacé","Pas de préparation",5,0.54459121,5.0599078,4.787151e-8,0.57226866,0.011079997,5.5443718e-7,8.8695042e-8,2.3125343e-9,0.076556967,0.00049166867,0.018540298,0.32600456,45.95789,182.2097,0.67170092,32.362272,0.000012316709,"PACK AGB"
"11199","11199","aides culinaires et ingrédients divers","sauces","Sauce grand veneur, préemballée","Grand veneur sauce (a reduction of red wine with garlic, shallots and red currant jelly), prepacked","2",0,"Glacé","Micro-onde",5,0.33153483,2.3273312,9.3826934e-7,1.0271208,0.0073122841,1.9848324e-7,5.430641e-8,5.8572308e-9,0.024245316,0.00036955262,0.010317162,0.099209907,58.613211,139.63544,0.51212623,41.410158,0.000033528758,"PACK PROXY"
"2016","2016","boissons","boissons sans alcool","Jus de raisin, pur jus","Grape juice, pure juice","2",0,"Ambiant (long)","Pas de préparation",5,0.23481583,0.79208642,5.3148883e-7,0.13070613,0.0037330543,5.9978396e-8,5.8115778e-8,9.4453406e-10,0.0058981128,0.00025820798,0.005751784,0.0205673,122.31708,88.585995,10.306463,12.39571,0.000017892157,"PACK PROXY"
"13112","13112","fruits, légumes, légumineuses et oléagineux","fruits","Raisin, cru","Grape, raw","2",0,"Ambiant (moyen)","Pas de préparation",5,0.081458974,0.49389065,1.7008657e-8,0.060215192,0.0020606922,2.7015684e-8,1.0101581e-8,1.1950366e-10,0.0022906621,0.000095340094,0.0013328182,0.0071271673,1.9098744,22.63929,4.9183038,6.4604038,0.0000029913274,"PACK AGB"
"13045","13045","fruits, légumes, légumineuses et oléagineux","fruits","Raisin noir, cru","Grape, red, raw","2",0,"Ambiant (moyen)","Pas de préparation",5,0.081458974,0.49389065,1.7008657e-8,0.060215192,0.0020606922,2.7015684e-8,1.0101581e-8,1.1950366e-10,0.0022906621,0.000095340094,0.0013328182,0.0071271673,1.9098744,22.63929,4.9183038,6.4604038,0.0000029913274,"PACK AGB"
"13044","13044","fruits, légumes, légumineuses et oléagineux","fruits","Raisin blanc, à gros grain (type Italia ou Dattier), cru","Grape, white, raw","2",0,"Ambiant (moyen)","Pas de préparation",5,0.081458974,0.49389065,1.7008657e-8,0.060215192,0.0020606922,2.7015684e-8,1.0101581e-8,1.1950366e-10,0.0022906621,0.000095340094,0.0013328182,0.0071271673,1.9098744,22.63929,4.9183038,6.4604038,0.0000029913274,"PACK AGB"
"2027","2027","boissons","boissons sans alcool","Jus de pamplemousse (pomelo), pur jus","Grapefruit juice, pure juice","2",0,"Ambiant (long)","Pas de préparation",5,0.46476111,1.2801305,5.3365589e-7,0.18169468,0.005115575,6.5385888e-8,4.429142e-8,4.5242023e-10,0.006586398,0.00040758998,0.004040039,0.018070428,233.58663,38.971504,31.405895,17.661681,0.000034294852,"PACK PROXY"
"13040","13040","fruits, légumes, légumineuses et oléagineux","fruits","Pomelo (dit Pamplemousse), pulpe, cru","Grapefruit, pulp, raw","2",0,"Ambiant (moyen)","Pas de préparation",5,0.58175128,1.3566018,4.2008513e-8,0.1337871,0.0055852752,7.685965e-8,5.8662231e-8,5.6719203e-10,0.0082250605,0.00047008312,0.0047757988,0.021677823,316.23523,50.732894,42.76503,17.456189,0.000028915641,"PACK AGB"
"13180","13180","fruits, légumes, légumineuses et oléagineux","fruits","Pomelo (dit Pamplemousse) rose, pulpe, cru","Grapefruit, red or pink, pulp, raw","2",0,"Ambiant (moyen)","Pas de préparation",5,0.58175128,1.3566018,4.2008513e-8,0.1337871,0.0055852752,7.685965e-8,5.8662231e-8,5.6719203e-10,0.0082250605,0.00047008312,0.0047757988,0.021677823,316.23523,50.732894,42.76503,17.456189,0.000028915641,"PACK AGB"
"13179","13179","fruits, légumes, légumineuses et oléagineux","fruits","Pomelo (dit Pamplemousse) jaune, pulpe, cru","Grapefruit, yellow, pulp, raw","2",0,"Ambiant (moyen)","Pas de préparation",5,0.58175128,1.3566018,4.2008513e-8,0.1337871,0.0055852752,7.685965e-8,5.8662231e-8,5.6719203e-10,0.0082250605,0.00047008312,0.0047757988,0.021677823,316.23523,50.732894,42.76503,17.456189,0.000028915641,"PACK AGB"
"17350","17350","matières grasses","huiles et graisses végétales","Huile de pépins de raisin","Grapeseed oil","2",0,"Ambiant (long)","Pas de préparation",5,0.19101103,1.8159572,3.9604708e-8,0.46887801,0.012103793,2.5811406e-7,1.9772409e-8,5.9726717e-10,0.0069373425,0.00022494746,0.0021076254,0.020797226,8.7714853,51.889665,0.19409097,33.326145,0.000005802891,"PACK AGB"
"26257","26257","fruits, légumes, légumineuses et oléagineux","légumes","Carottes râpées, avec sauce, préemballées","Grated carrots","2",0,"Glacé","Pas de préparation",5,0.14063439,1.2081693,6.6785541e-8,0.56126237,0.0043394544,1.0470502e-7,1.0588371e-8,4.0477175e-10,0.0073998254,0.00019503519,0.0028417109,0.043418595,8.9620005,32.772992,0.63110089,25.881138,0.0000069665675,"PACK PROXY"
"25605","25605","entrées et plats composés","salades composées et crudités","Champignon à la grecque","Greek-style marinated mushrooms","2",0,"Glacé","Pas de préparation",5,0.43334209,3.0397434,0.000002043046,0.52221254,0.0114041,2.5686139e-7,5.3845842e-8,8.2911617e-9,0.026994187,0.00064646344,0.007510231,0.10931872,49.381566,122.35989,3.5912078,52.123369,0.000060975447,"PACK AGB"
"20015","20015","fruits, légumes, légumineuses et oléagineux","légumes","Chou vert, cuit","Green cabbage, boiled/cooked in water","2",0,"Ambiant (moyen)","Cuisson à l'eau",5,0.13756613,1.48321,5.1487805e-8,0.26148591,0.0052180704,6.351061e-8,1.3679861e-8,3.3210544e-10,0.0057702337,0.00026353166,0.0066041162,0.020198631,9.1572628,53.37249,0.35664044,23.985286,0.0000068496154,"PACK AGB"
"20069","20069","fruits, légumes, légumineuses et oléagineux","légumes","Chou vert, cru","Green cabbage, raw","2",0,"Ambiant (moyen)","Pas de préparation",5,0.066662103,0.72171073,2.122982e-8,0.067297905,0.0024659529,3.739533e-8,8.1602506e-9,1.5176543e-10,0.0033602139,0.00011386007,0.0052654381,0.013157998,6.3730617,39.330078,0.12042791,7.1508824,0.0000028353749,"PACK AGB"
"20163","20163","fruits, légumes, légumineuses et oléagineux","légumes","Chicorée verte, crue","Green endive, raw","2",0,"Ambiant (moyen)","Pas de préparation",5,0.10718336,0.90983138,1.1513297e-7,0.65006155,0.0026489293,3.8607995e-8,1.2077181e-8,4.7145234e-10,0.0030719826,0.0001757368,0.0029835272,0.0086956101,18.640601,48.942788,0.15713706,21.364114,0.0000087179885,"PACK AGB"
"20587","20587","fruits, légumes, légumineuses et oléagineux","légumineuses","Lentille verte, cuite","Green lentil, cooked","2",0,"Ambiant (long)","Micro-onde",5,0.0026649570000000003,0.66381244,1.5615917e-8,0.29227781,0.0020715912,2.5782913e-8,3.9934159e-9,1.5886662e-9,0.0025370229,0.00029286195,0.0058807156,0.0074431159,51.112501,-885.2226,0.13833931,12.382648,0.0000042297604,"PACK AGB"
"20284","20284","fruits, légumes, légumineuses et oléagineux","légumes","Petits pois, purée","Green peas, puree","2",0,"Ambiant (moyen)","Micro-onde",5,0.16401765999999998,1.3885893,7.8772731e-8,0.13403058,0.0044283887,4.9242657e-8,1.9610943e-8,2.0769443e-9,0.0043610876,0.00049563036,0.015781884,0.013576134,22.610008,235.51471,0.30540309,18.544809,0.0000075236426,"PACK AGB"
"11115","11115","aides culinaires et ingrédients divers","sauces","Sauce au poivre vert, préemballée","Green pepper sauce, prepacked","2",0,"Glacé","Micro-onde",5,0.32310676,2.3410619,9.363178e-7,0.99242438,0.0075065979,1.8540284e-7,5.8757762e-8,1.3245907e-9,0.023179325,0.00037598484,0.01090647,0.09344408,62.618233,152.91401,0.46602842,39.056553,0.000033875401,"PACK PROXY"
"25604","25604","fruits, légumes, légumineuses et oléagineux","légumes","Salade verte, crue, sans assaisonnement","Green salad, raw, without seasoning","2",0,"Ambiant (moyen)","Pas de préparation",5,0.086698533,0.900032,3.0235169e-8,0.25924441,0.0027884321,4.2553009e-8,3.3172254e-8,4.7256046e-10,0.0032141143,0.00014130724,0.0023893922,0.011242261,9.8587725,7.825454,0.30458441,14.40246,0.0000056308408,"PACK AGB"
"18155","18155","boissons","boissons sans alcool","Thé vert, infusé, non sucré","Green tea, brewed, without sugar","2",0,"Ambiant (long)","Cuisson à l'eau",5,0.016599069,0.055482086,8.1945046e-10,0.06742541,0.00017047575,6.1585182e-9,1.3900526e-9,4.6528312e-11,0.00047117074,0.00001731867,0.00024435635,0.0017192364,1.6052078,4.0378354,0.99709257,1.6970489,6.7797405e-7,"PACK PROXY"
"13041","13041","fruits, légumes, légumineuses et oléagineux","fruits","Prune Reine-Claude, crue","Greengage plum, raw","2",0,"Ambiant (moyen)","Pas de préparation",5,0.073157684,0.66525125,2.6850534e-8,0.07770503,0.0034754146,3.3777131e-8,1.3167333e-8,2.4505648e-10,0.0035109591,0.00010411024,0.001506491,0.01340301,9.2219409,36.335737,0.82087331,9.0124159,0.0000060888763,"PACK AGB"
"26154","26154","viandes, œufs, poissons","poissons crus","Flétan du Groënland ou flétan noir ou flétan commun, cru","Greenland halibut, raw","2",0,"Glacé","Pas de préparation",5,1.9688571000000001,12.188752,0.0000017640754,0.28003355,0.23912983,0.0000024713049,4.7505226e-8,5.4092627e-9,0.31970158,0.00052943654,0.078563124,0.85806833,12.058341,16.31433,0.39493123,161.74181,0.000065558231,"PACK PROXY"
"26247","26247","viandes, œufs, poissons","poissons cuits","Flétan du Groënland ou flétan noir ou flétan commun, cuit à la vapeur","Greenland halibut, steamed","2",0,"Glacé","Four",5,2.4367512000000002,14.971152,0.0000021565617,0.85906355,0.29233644,0.0000030233252,6.1668391e-8,6.670658e-9,0.39103808,0.00069325312,0.096056254,1.0488041,15.250525,20.57012,0.51751326,208.98779,0.000084280085,"PACK PROXY"
"26213","26213","viandes, œufs, poissons","poissons crus","Hoki, tout lieu de pêche, cru","Grenadier, from any fishing spot, raw","2",0,"Glacé","Pas de préparation",5,1.9688571000000001,12.188752,0.0000017640754,0.28003355,0.23912983,0.0000024713049,4.7505226e-8,5.4092627e-9,0.31970158,0.00052943654,0.078563124,0.85806833,12.058341,16.31433,0.39493123,161.74181,0.000065558231,"PACK PROXY"
"25547","25547","entrées et plats composés","sandwichs","Croque-monsieur, rayon frais","Grilled cheese & ham sandwich, prepacked","2",0,"Glacé","Pas de préparation",5,0.49914546,3.9525813,0.0000010756738,1.0332794,0.0099358177,4.1034039e-7,5.9044825e-8,2.1347087e-9,0.056921239,0.00049549532,0.016328239,0.23936816,66.537274,174.79752,0.70152914,42.695661,0.0000374958,"PACK PROXY"
"20274","20274","entrées et plats composés","plats composés","Poêlée de légumes assaisonnés grillée, méridionale ou méditerranéenne, surgelée, crue","Grilled vegetables pan-fried, Mediterranean-style, frozen, raw","2",0,"Congelé","Micro-onde",5,0.30996578999999996,1.7624618,4.2620573e-8,1.1407338,0.0076878945,1.5990492e-7,4.3960473e-7,8.3476712e-9,0.017771624,0.00056878946,0.0092418519,0.062796185,14.935485,56.17126,1.4808109,39.881393,0.0000097632109,"PACK AGB"
"7525","7525","produits céréaliers","pains et viennoiseries","Gressins","Grissini or bread stick","2",0,"Ambiant (court)","Pas de préparation",5,0.18385425,1.4028625,3.1029243e-8,0.45657052,0.0052711598,9.5748006e-8,3.2704241e-8,8.0517491e-10,0.011936299,0.00024002235,0.0068070022,0.048393023,11.841739,107.69458,2.4997839,27.174441,0.0000061492407,"PACK PROXY"
"26178","26178","viandes, œufs, poissons","poissons crus","Mérou, cru","Grouper, raw","2",0,"Glacé","Pas de préparation",5,0.8406778899999999,4.7571689,0.0000015796852,0.25965509,0.069608091,7.2894242e-7,8.141288e-8,2.3194108e-9,0.094036502,0.00071488886,0.022586923,0.2441613,14.931256,12.327168,0.40636961,65.167452,0.0001701467,"PACK PROXY"
"12113","12113","lait et produits laitiers","fromages","Gruyère IGP France","Gruyere cheese, France, Protected Geographical Indication, from cow's milk","2",0,"Glacé","Pas de préparation",5,0.54744652,5.0856428,4.7880365e-8,0.57087115,0.0111226,5.5770339e-7,8.9277195e-8,2.3251218e-9,0.077084751,0.00049131863,0.01865276,0.32832248,46.272773,183.47146,0.67438601,32.339683,0.000012362836,"PACK AGB"
"12114","12114","lait et produits laitiers","fromages","Gruyère","Gruyere cheese, from cow's milk","2",0,"Glacé","Pas de préparation",5,0.55316684,5.1372002,4.7898103e-8,0.56807138,0.01120795,5.6424693e-7,9.0443482e-8,2.3503397e-9,0.078142115,0.00049061735,0.018878066,0.3329662,46.903608,185.99926,0.67976531,32.294429,0.000012455246,"PACK AGB"
"25620","25620","aides culinaires et ingrédients divers","sauces","Guacamole, préemballé","Guacamole, prepacked","2",0,"Glacé","Pas de préparation",5,0.33917208,1.714689,8.6997313e-7,0.63310655,0.0059423668,7.729226e-8,5.6168574e-8,8.6894029e-9,0.0095203994,0.00031504447,0.0084077328,0.030492558,18.377237,80.915088,16.736589,28.26581,0.000030155499,"PACK PROXY"
"13083","13083","fruits, légumes, légumineuses et oléagineux","fruits","Goyave, pulpe, crue","Guava, pulp, raw","2",0,"Ambiant (moyen)","Pas de préparation",5,0.10009209,0.5662533,2.3230044e-8,0.058517766,0.002167442,4.7868888e-8,9.101517e-9,1.6502366e-10,0.0038949747,0.00010091714,0.0014461878,0.014052385,9.0210914,26.972513,5.6194026,6.6033923,0.0000044464576,"PACK AGB"
"36702","36702","viandes, œufs, poissons","viandes crues","Pintade, poitrine, crue","Guinea fowl, breast, raw","2",0,"Glacé","Pas de préparation",5,0.7566313,5.4036578,1.0389162e-7,1.091408,0.021777585,7.0884141e-7,7.5764186e-8,3.7897342e-9,0.096756322,0.00083870323,0.026714622,0.40312252,143.87796,215.55163,1.4419812,68.81471,0.000024617074,"PACK AGB"
"36703","36703","viandes, œufs, poissons","viandes crues","Pintade, cuisse, crue","Guinea fowl, leg, raw","2",0,"Glacé","Pas de préparation",5,0.72606262,5.2216635,9.1046647e-8,0.55196777,0.021682987,7.0883702e-7,7.5549582e-8,3.7773022e-9,0.0965738,0.00080781333,0.026264788,0.40261544,142.6097,215.01525,1.4472833,55.840099,0.000024331083,"PACK AGB"
"36700","36700","viandes, œufs, poissons","viandes crues","Pintade, crue","Guinea fowl, raw","2",0,"Glacé","Pas de préparation",5,0.72606262,5.2216635,9.1046647e-8,0.55196777,0.021682987,7.0883702e-7,7.5549582e-8,3.7773022e-9,0.0965738,0.00080781333,0.026264788,0.40261544,142.6097,215.01525,1.4472833,55.840099,0.000024331083,"PACK AGB"
"26126","26126","viandes, œufs, poissons","poissons cuits","Églefin, grillé/poêlé","Haddock, grilled/pan-fried","2",0,"Glacé","Poêle",5,2.418378,15.003911,0.0000021586424,0.45746726,0.29226535,0.0000030202271,5.9174418e-8,6.6792011e-9,0.39072698,0.00066812735,0.096147071,1.048765,15.752991,23.43352,0.49449178,201.55636,0.000081132065,"PACK PROXY"
"26122","26122","viandes, œufs, poissons","poissons crus","Églefin, cru","Haddock, raw","2",0,"Glacé","Pas de préparation",5,1.9688571000000001,12.188752,0.0000017640754,0.28003355,0.23912983,0.0000024713049,4.7505226e-8,5.4092627e-9,0.31970158,0.00052943654,0.078563124,0.85806833,12.058341,16.31433,0.39493123,161.74181,0.000065558231,"PACK PROXY"
"26090","26090","viandes, œufs, poissons","poissons cuits","Haddock (fumé) ou églefin fumé","Haddock, smoked","2",0,"Glacé","Pas de préparation",5,1.9655582,12.175313,0.0000017638183,0.23024889,0.23909588,0.00000247075,4.7148726e-8,5.4028163e-9,0.3196372,0.00052485757,0.078549585,0.85796559,12.003892,16.251565,0.39152082,160.62961,0.000065150647,"PACK PROXY"
"26008","26008","viandes, œufs, poissons","poissons cuits","Églefin, cuit à la vapeur","Haddock, steamed","2",0,"Glacé","Four",5,2.4367512000000002,14.971152,0.0000021565617,0.85906355,0.29233644,0.0000030233252,6.1668391e-8,6.670658e-9,0.39103808,0.00069325312,0.096056254,1.0488041,15.250525,20.57012,0.51751326,208.98779,0.000084280085,"PACK PROXY"
"26048","26048","viandes, œufs, poissons","poissons crus","Merlu, filet, surgelé, cru","Hake, fillet, frozen, raw","2",0,"Congelé","Pas de préparation",5,1.2195901,7.9665893,3.0505216e-7,0.49136728,0.14194005,0.0000014593389,3.5008961e-8,3.2567458e-9,0.18796462,0.0011537054,0.046278394,0.50533395,11.943307,13.342806,0.50617563,113.1336,0.000030921246,"PACK PROXY"
"25508","25508","entrées et plats composés","feuilletées et autres entrées","Feuilleté ou Friand jambon fromage","Ham and cheese in puffed pastry","2",0,"Glacé","Four",5,0.60700851,5.0951828,6.7557678e-8,1.5973234,0.012518651,5.1324155e-7,7.7384484e-8,2.6329685e-9,0.071937874,0.00059138762,0.019709156,0.30289487,78.68742,210.55746,0.96520352,61.413364,0.000019300843,"PACK PROXY"
"26256","26256","entrées et plats composés","pizzas, tartes et crêpes salées","Ficelle picarde","Ham and mushroom pancake in cheese sauce","2",0,"Glacé","Four",5,0.88219848,6.8610269,9.1589024e-8,1.9995074,0.017698502,7.5311269e-7,8.1949718e-8,4.1735521e-9,0.10599038,0.00098616795,0.029280759,0.44497748,186.62975,351.86033,1.6718436,78.362146,0.000027793189,"PACK PROXY"
"28922","28922","viandes, œufs, poissons","charcuteries","Dés, allumettes, râpé ou haché de jambon","Ham in cube, grated or minced","2",0,"Glacé","Pas de préparation",5,0.92089943,7.1015486,0.000001575735,1.5594662,0.018562949,7.5899114e-7,8.2810855e-8,4.2284053e-9,0.10593663,0.0010756895,0.029389701,0.44325412,186.46629,353.44369,1.7019709,72.824845,0.000060493713,"PACK AGB"
"30764","30764","viandes, œufs, poissons","charcuteries","Saucisse de jambon pur porc","Ham sausage","2",0,"Glacé","Four",5,0.61473474,4.7825894,7.1333872e-8,1.7057839,0.012691488,5.0445699e-7,5.6589947e-8,2.7854004e-9,0.070017256,0.00071264806,0.019378635,0.29166583,122.27322,231.98478,1.233586,62.757359,0.00002047936,"PACK AGB"
"8395","8395","viandes, œufs, poissons","charcuteries","Jambon en croûte","Ham, in a pastry crusty","2",0,"Glacé","Four",5,0.74698001,5.6887372,6.8231453e-8,1.7239211,0.014807987,6.4765881e-7,8.3433541e-8,3.6106828e-9,0.091574068,0.00081099079,0.02659856,0.3861182,144.14657,319.48377,1.5868029,62.317602,0.00002336167,"PACK AGB"
"25413","25413","entrées et plats composés","sandwichs","Hamburger, provenant de fast food","Hamburger, from fast foods restaurant","2",0,"Glacé","Four",5,2.7789426,18.175228,9.6652226e-8,1.6746143,0.028614375,0.0000016117369,0.000006418569,3.4971685e-8,0.23439373,0.0013252087,0.076360985,1.0240935,105.01464,2133.7426,2.3354717,79.112322,0.000033276192,"PACK PROXY"
"31059","31059","produits sucrés","confiseries non chocolatées","Bonbon dur et sucette","Hard candy and lollipop","2",0,"Ambiant (long)","Pas de préparation",5,0.21231313,1.6301367,7.2841188e-7,0.11832913,0.0053562283,1.0906647e-7,1.123485e-8,7.5043396e-10,0.012120546,0.00046854564,0.0060869912,0.044769112,40.97765,55.557058,2.5097899,19.743493,0.000030264665,"PACK PROXY"
"12116","12116","lait et produits laitiers","fromages","Fromage à pate pressée cuite type emmental ou emmenthal, allégé en matière grasse","Hard cheese, emmental-type cheese, reduced fat","2",0,"Glacé","Pas de préparation",5,0.55059431,5.1140139,4.7890126e-8,0.56933049,0.011169566,5.6130418e-7,8.9918981e-8,2.3389987e-9,0.077666598,0.00049093273,0.018776741,0.33087783,46.619909,184.86246,0.67734613,32.31478,0.000012413687,"PACK AGB"
"20511","20511","fruits, légumes, légumineuses et oléagineux","légumineuses","Haricot blanc, appertisé, égoutté","Haricot bean, canned, drained","2",0,"Ambiant (long)","Micro-onde",5,0.13208909,1.0660849,3.3811074e-8,0.31559076,0.0040019495,7.709416e-8,3.3667041e-8,4.4739054e-9,0.0068575194,0.00031214628,0.0030696502,0.023688871,13.442158,79.698754,0.87559495,19.293422,0.0000048726496,"PACK AGB"
"20502","20502","fruits, légumes, légumineuses et oléagineux","légumineuses","Haricot blanc, cuit","Haricot bean, cooked","2",0,"Ambiant (long)","Micro-onde",5,0.061535923,0.43699054,1.4638914e-8,0.29214831,0.0015779787,2.8773736e-8,1.5135175e-8,1.4051623e-9,0.0029528117,0.000120959,0.001223745,0.009993492,5.4539098,33.7951,0.37105548,11.302557,0.0000034531296,"PACK AGB"
"20501","20501","fruits, légumes, légumineuses et oléagineux","légumineuses","Haricot blanc, sec","Haricot bean, dry","2",0,"Ambiant (long)","Pas de préparation",5,0.08834932399999999,0.50734684,2.1865347e-8,0.31507641,0.0023847953,4.6083223e-8,3.0804318e-8,6.2191051e-10,0.0056180806,0.00016943838,0.0025436102,0.020413776,11.479199,79.310275,0.7560037,11.98624,0.0000047709011,"PACK AGB"
"20194","20194","entrées et plats composés","plats composés","Haricots blancs à la sauce tomate, appertisés","Haricot beans with tomato sauce, canned","2",0,"Ambiant (long)","Micro-onde",5,0.099523756,0.78831902,2.5157299e-8,0.29937553,0.0028713081,5.3505798e-8,2.312442e-8,2.9854287e-9,0.0047958193,0.00022335866,0.002101616,0.016285118,9.1538394,53.006876,0.87207236,15.768299,0.0000040661086,"PACK AGB"
"11112","11112","aides culinaires et ingrédients divers","sauces","Harissa (sauce condimentaire)","Harissa (hot spicy sauce), prepacked","2",0,"Glacé","Pas de préparation",5,0.53942606,1.7452025,9.3063737e-7,0.9423422,0.010347131,2.6268307e-7,8.9988896e-7,7.8409581e-9,0.036461762,0.00067294305,0.015879407,0.15443704,31.561367,202.35379,8.3479995,38.899234,0.000031706789,"PACK PROXY"
"15004","15004","fruits, légumes, légumineuses et oléagineux","fruits à coque et graines oléagineuses","Noisette","Hazelnut","2",0,"Ambiant (long)","Pas de préparation",5,1.7359674,0.45548569,6.4089172e-8,0.33707568,0.01671657,6.3592155e-7,8.2068808e-7,1.4636098e-9,0.055586545,0.0011701675,0.02472101,0.22499206,37.240024,346.79165,157.59359,34.94293,0.000048407269,"PACK AGB"
"17210","17210","matières grasses","huiles et graisses végétales","Huile de noisette","Hazelnut oil","2",0,"Ambiant (long)","Pas de préparation",5,3.2392671,2.2853185,1.3357602e-7,0.76067395,0.035632608,0.0000012145695,0.0000014885596,2.9741728e-9,0.10629739,0.0022992031,0.046162,0.41835585,81.322853,635.39593,283.98833,83.016902,0.000089725023,"PACK AGB"
"15033","15033","fruits, légumes, légumineuses et oléagineux","fruits à coque et graines oléagineuses","Noisette grillée","Hazelnut, grilled","2",0,"Ambiant (long)","Pas de préparation",5,1.7493855,0.66228185,6.8390691e-8,0.340847,0.017342965,6.3893798e-7,8.2146432e-7,1.4974292e-9,0.055892814,0.0011939747,0.024794973,0.22567309,37.511511,347.17643,157.68606,37.914717,0.000048940021,"PACK PROXY"
"15050","15050","fruits, légumes, légumineuses et oléagineux","fruits à coque et graines oléagineuses","Noisette grillée, salée","Hazelnut, grilled, salted","2",0,"Ambiant (long)","Pas de préparation",5,1.7493855,0.66228185,6.8390691e-8,0.340847,0.017342965,6.3893798e-7,8.2146432e-7,1.4974292e-9,0.055892814,0.0011939747,0.024794973,0.22567309,37.511511,347.17643,157.68606,37.914717,0.000048940021,"PACK PROXY"
"8400","8400","viandes, œufs, poissons","charcuteries","Fromage de tête","Head-cheese pâté or brawn","2",0,"Glacé","Pas de préparation",5,0.6359229200000001,5.3782286,6.9105606e-8,0.89668808,0.015177192,5.648785e-7,6.0539366e-8,3.9896644e-9,0.0760857,0.00074587821,0.020945484,0.31282133,136.98186,247.13204,1.2336518,49.923733,0.00001706761,"PACK AGB"
"40053","40053","viandes, œufs, poissons","viandes cuites","Coeur, boeuf, cuit","Heart, beef, cooked","2",0,"Glacé","Four",5,3.7260701999999997,29.813546,1.1754259e-7,1.3551669,0.046191725,0.0000030236854,0.0000050199216,3.1547419e-8,0.44441516,0.001695656,0.10854471,1.9524125,135.47551,2944.0111,2.6773109,82.640517,0.000047792864,"PACK AGB"
"40052","40052","viandes, œufs, poissons","viandes crues","Coeur, boeuf, cru","Heart, beef, raw","2",0,"Glacé","Pas de préparation",5,2.694526,21.686291,8.3912352e-8,0.61139255,0.033447453,0.000002201758,0.0000036596128,2.2967539e-8,0.32373878,0.0012029374,0.079096795,1.4236146,98.451998,2147.3299,1.9274944,51.906657,0.000031781524,"PACK AGB"
"40056","40056","viandes, œufs, poissons","viandes cuites","Coeur, poulet, cuit","Heart, chicken, cooked","2",0,"Glacé","Four",5,0.28046526000000005,1.9916796,4.6090613e-8,0.86628852,0.0081749671,2.2948711e-7,2.8496345e-8,1.2287051e-9,0.030017622,0.00032385283,0.0080681074,0.12172973,42.837162,64.777161,0.5530545,36.73413,0.000013567429,"PACK AGB"
"40054","40054","viandes, œufs, poissons","viandes crues","Coeur, poulet, cru","Heart, chicken, raw","2",0,"Glacé","Pas de préparation",5,0.18078460000000002,1.3888454,3.1784553e-8,0.2547313,0.0057123243,1.6325033e-7,1.8118078e-8,8.485183e-10,0.021415013,0.00020213822,0.0057940765,0.0880398,30.867681,46.784431,0.37774293,18.415648,0.0000068123542,"PACK AGB"
"40059","40059","viandes, œufs, poissons","viandes cuites","Coeur, agneau, cuit","Heart, lamb, cooked","2",0,"Glacé","Four",5,2.8915795,21.761439,1.1758643e-7,1.1991986,0.0421112,0.0000035332268,4.9305356e-7,1.0858732e-8,0.51980913,0.0011977702,0.10657852,2.3114444,98.247978,1725.8143,2.6276818,70.95933,0.000039915479,"PACK AGB"
"40058","40058","viandes, œufs, poissons","viandes crues","Coeur, agneau, cru","Heart, lamb, raw","2",0,"Glacé","Pas de préparation",5,2.0857232,15.811875,8.3944334e-8,0.49760586,0.030470506,0.000002573494,3.5703584e-7,7.8741057e-9,0.37874245,0.00083970475,0.077662354,1.6855464,71.292647,1258.5942,1.8912875,43.384646,0.000026034577,"PACK AGB"
"40060","40060","viandes, œufs, poissons","viandes crues","Coeur, porc, cru","Heart, pork, raw","2",0,"Glacé","Pas de préparation",5,0.33310496,2.7215857,3.7382212e-8,0.51031354,0.0073241142,2.962042e-7,3.1078891e-8,1.5939877e-9,0.040959653,0.00036898057,0.011253043,0.17168576,71.491433,135.35647,0.6610427,25.454069,0.0000097360327,"PACK AGB"
"40057","40057","viandes, œufs, poissons","viandes cuites","Coeur, dinde, cuit","Heart, turkey, cooked","2",0,"Glacé","Four",5,0.28046526000000005,1.9916796,4.6090613e-8,0.86628852,0.0081749671,2.2948711e-7,2.8496345e-8,1.2287051e-9,0.030017622,0.00032385283,0.0080681074,0.12172973,42.837162,64.777161,0.5530545,36.73413,0.000013567429,"PACK AGB"
"40055","40055","viandes, œufs, poissons","viandes crues","Coeur, dinde, cru","Heart, turkey, raw","2",0,"Glacé","Pas de préparation",5,0.18078460000000002,1.3888454,3.1784553e-8,0.2547313,0.0057123243,1.6325033e-7,1.8118078e-8,8.485183e-10,0.021415013,0.00020213822,0.0057940765,0.0880398,30.867681,46.784431,0.37774293,18.415648,0.0000068123542,"PACK AGB"
"40062","40062","viandes, œufs, poissons","viandes crues","Coeur, veau, cru","Heart, veal, raw","2",0,"Glacé","Pas de préparation",5,1.0656843,10.816795,1.5588441e-7,1.0460877,0.022641025,8.9115824e-7,1.4239135e-7,6.0152359e-9,0.12291494,0.0010195087,0.040915347,0.51833067,100.94694,525.10033,1.719381,83.827189,0.000027247657,"PACK AGB"
"36000","36000","viandes, œufs, poissons","viandes crues","Poule, viande et peau, crue","Hen, meat and skin, raw","2",0,"Glacé","Pas de préparation",5,0.72606262,5.2216635,9.1046647e-8,0.55196777,0.021682987,7.0883702e-7,7.5549582e-8,3.7773022e-9,0.0965738,0.00080781333,0.026264788,0.40261544,142.6097,215.01525,1.4472833,55.840099,0.000024331083,"PACK AGB"
"36001","36001","viandes, œufs, poissons","viandes crues","Poule, viande ,crue","Hen, meat only, raw","2",0,"Glacé","Pas de préparation",5,0.72606262,5.2216635,9.1046647e-8,0.55196777,0.021682987,7.0883702e-7,7.5549582e-8,3.7773022e-9,0.0965738,0.00080781333,0.026264788,0.40261544,142.6097,215.01525,1.4472833,55.840099,0.000024331083,"PACK AGB"
"17650","17650","matières grasses","huiles de poissons","Huile de hareng","Herring oil","2",0,"Ambiant (long)","Pas de préparation",5,0.29748075999999996,3.067245,4.5721684e-8,0.31012367,0.019538996,2.5318826e-7,2.471057e-8,9.1284299e-10,0.024597692,0.00039623915,0.0060657931,0.060047972,17.706064,17.060042,1.0264926,44.17444,0.000012352437,"PACK PROXY"
"11105","11105","aides culinaires et ingrédients divers","sauces","Sauce hollandaise, préemballée","Hollandaise sauce, prepacked","2",0,"Glacé","Micro-onde",5,0.62414615,5.2708577,9.4686159e-7,1.0227021,0.012390285,5.6419962e-7,9.8574208e-8,2.591299e-9,0.080354128,0.00048239831,0.020236215,0.34163162,65.162662,213.52829,0.81594952,44.818871,0.000034235731,"PACK PROXY"
"31008","31008","produits sucrés","sucres, miels et assimilés","Miel","Honey","2",0,"Ambiant (long)","Pas de préparation",5,3.6633622,42.825119,8.2507447e-7,1.2047131,0.17626796,0.000002336686,3.9360564e-7,1.7182781e-8,0.15313196,0.0067588261,0.038949414,0.41049937,199.94062,243.8696,7.2814964,564.22603,0.00043597474,"PACK PROXY"
"26235","26235","viandes, œufs, poissons","poissons crus","Chinchard maigre, cru","Horse mackerel, lean (spring, summer), raw","2",0,"Glacé","Pas de préparation",5,0.36035928,2.7092366,0.000001599102,0.2202451,0.031887835,3.2248737e-7,1.6317385e-8,8.328054e-10,0.039905648,0.00022423497,0.010063578,0.10878528,4.506682,7.5868229,0.16164674,37.962977,0.000044260978,"PACK PROXY"
"26236","26236","viandes, œufs, poissons","poissons crus","Chinchard gras, cru","Horse mackerel, oily (autumn, winter), raw","2",0,"Glacé","Pas de préparation",5,0.36035928,2.7092366,0.000001599102,0.2202451,0.031887835,3.2248737e-7,1.6317385e-8,8.328054e-10,0.039905648,0.00022423497,0.010063578,0.10878528,4.506682,7.5868229,0.16164674,37.962977,0.000044260978,"PACK PROXY"
"26113","26113","viandes, œufs, poissons","poissons crus","Chinchard, cru","Horse mackerel, raw","2",0,"Glacé","Pas de préparation",5,0.36035928,2.7092366,0.000001599102,0.2202451,0.031887835,3.2248737e-7,1.6317385e-8,8.328054e-10,0.039905648,0.00022423497,0.010063578,0.10878528,4.506682,7.5868229,0.16164674,37.962977,0.000044260978,"PACK PROXY"
"11016","11016","aides culinaires et ingrédients divers","herbes","Raifort, cru","Horseradish, fresh","2",0,"Ambiant (long)","Pas de préparation",5,0.080388679,0.8574859,1.7272297e-8,0.1356064,0.0024915762,3.202698e-8,5.20074e-8,5.4067715e-10,0.0025032173,0.00011246585,0.0027942237,0.0081866547,2.1046647,15.352596,0.52136998,13.520918,0.0000041598964,"PACK PROXY"
"25403","25403","entrées et plats composés","sandwichs","Hot-dog","Hot-dog","2",0,"Glacé","Four",5,1.072544,7.4374807,7.1607353e-8,1.5010152,0.014733775,6.4705486e-7,0.0000018770714,1.2940942e-8,0.092432384,0.00070269183,0.030304335,0.39705512,67.147501,700.59439,1.2972586,61.839304,0.00002055279,"PACK PROXY"
"25621","25621","aides culinaires et ingrédients divers","sauces","Houmous","Hummus","2",0,"Glacé","Pas de préparation",5,0.25194984000000004,1.3330579,8.8399043e-7,0.62784989,0.0059149633,8.4528941e-8,2.3117046e-7,3.2162604e-9,0.010908507,0.00035611994,0.011737331,0.04233974,16.741566,150.4253,2.2507581,27.311858,0.00002753081,"PACK PROXY"
"11129","11129","aides culinaires et ingrédients divers","sauces","Sauce chasseur, préemballée","Hunter-style sauce (a garnish of mushrooms, shallots and tomatoes in white wine sauce), prepacked","2",0,"Glacé","Micro-onde",5,0.27665069999999997,1.9621274,9.3419918e-7,0.95095318,0.0062496088,1.8023251e-7,3.8329102e-8,2.3175064e-9,0.021436098,0.00032122582,0.0074501262,0.088595153,31.939757,80.679757,0.48846942,38.77323,0.000029896864,"PACK PROXY"
"39533","39533","glaces et sorbets","desserts glacés","Bûche glacée","Ice cream log","2",0,"Congelé","Pas de préparation",5,0.34402152,2.5527604,0.0000020215465,0.89409061,0.0069007511,2.1953974e-7,3.6569551e-8,1.0169227e-9,0.029425182,0.00031665421,0.0081544452,0.11962628,21.35964,71.736865,0.66983455,37.803005,0.00005802305,"PACK PROXY"
"39503","39503","glaces et sorbets","glaces","Glace ou crème glacée, bâtonnet, enrobé de chocolat","Ice cream on stick, with chocolate coating","2",0,"Congelé","Pas de préparation",5,0.30338772,2.9068838,5.4494867e-8,0.85344236,0.0078358339,2.1502647e-7,3.5180284e-8,1.0424135e-9,0.029084466,0.0002989789,0.0080743513,0.11961174,21.098801,71.951637,0.87391269,43.488997,0.000010989846,"PACK PROXY"
"31035","31035","glaces et sorbets","glaces","Barre glacée chocolatée","Ice cream, chocolate coated","2",0,"Congelé","Pas de préparation",5,0.2645173,2.2749868,3.9926699e-8,0.88822922,0.0060823422,2.0522617e-7,3.2868558e-8,9.3123655e-10,0.028200039,0.0002481962,0.0078449628,0.11742375,20.360108,70.699432,0.67166494,34.812935,0.000009306268,"PACK PROXY"
"39509","39509","glaces et sorbets","glaces","Glace ou crème glacée, cône (taille standard)","Ice cream, cone (normal size)","2",0,"Congelé","Pas de préparation",5,0.26794118,2.1971881,3.394714e-8,0.90365926,0.0059486726,2.2518386e-7,3.4977388e-8,1.0010635e-9,0.028957315,0.00032095269,0.0090973359,0.1195086,23.126271,80.423669,0.67186507,31.182205,0.0000097295989,"PACK PROXY"
"39522","39522","glaces et sorbets","glaces","Glace ou crème glacée, mini cône","Ice cream, cone, mini","2",0,"Congelé","Pas de préparation",5,0.26794118,2.1971881,3.394714e-8,0.90365926,0.0059486726,2.2518386e-7,3.4977388e-8,1.0010635e-9,0.028957315,0.00032095269,0.0090973359,0.1195086,23.126271,80.423669,0.67186507,31.182205,0.0000097295989,"PACK PROXY"
"39515","39515","glaces et sorbets","glaces","Glace ou crème glacée, en bac","Ice cream, in box","2",0,"Congelé","Pas de préparation",5,0.2645173,2.2749868,3.9926699e-8,0.88822922,0.0060823422,2.0522617e-7,3.2868558e-8,9.3123655e-10,0.028200039,0.0002481962,0.0078449628,0.11742375,20.360108,70.699432,0.67166494,34.812935,0.000009306268,"PACK PROXY"
"39531","39531","glaces et sorbets","glaces","Glace ou crème glacée, petit pot enfant","Ice cream, in cup for children","2",0,"Congelé","Pas de préparation",5,0.27101778,2.2495582,3.961598e-8,0.8809808,0.0063919883,2.2220928e-7,3.6395635e-8,9.9080086e-10,0.028911226,0.00036287729,0.0083041391,0.12062506,22.12693,94.44243,0.67808497,32.119856,0.0000094256709,"PACK PROXY"
"39523","39523","glaces et sorbets","glaces","Glace ou crème glacée, pot individuel","Ice cream, in individual cup","2",0,"Congelé","Pas de préparation",5,0.27101778,2.2495582,3.961598e-8,0.8809808,0.0063919883,2.2220928e-7,3.6395635e-8,9.9080086e-10,0.028911226,0.00036287729,0.0083041391,0.12062506,22.12693,94.44243,0.67808497,32.119856,0.0000094256709,"PACK PROXY"
"39520","39520","glaces et sorbets","glaces","Glace ou crème glacée, gourmande, en bac","Ice cream, luxury, in box","2",0,"Congelé","Pas de préparation",5,0.2645173,2.2749868,3.9926699e-8,0.88822922,0.0060823422,2.0522617e-7,3.2868558e-8,9.3123655e-10,0.028200039,0.0002481962,0.0078449628,0.11742375,20.360108,70.699432,0.67166494,34.812935,0.000009306268,"PACK PROXY"
"39521","39521","glaces et sorbets","glaces","Glace ou crème glacée, gourmande, en pot","Ice cream, luxury, in cup","2",0,"Congelé","Pas de préparation",5,0.27101778,2.2495582,3.961598e-8,0.8809808,0.0063919883,2.2220928e-7,3.6395635e-8,9.9080086e-10,0.028911226,0.00036287729,0.0083041391,0.12062506,22.12693,94.44243,0.67808497,32.119856,0.0000094256709,"PACK PROXY"
"39526","39526","glaces et sorbets","sorbets","Glace à l'eau","Ice lolly","2",0,"Congelé","Pas de préparation",5,0.18507929,1.6075404,4.4656084e-8,0.79037296,0.0056464108,9.2969345e-8,1.2184974e-8,4.3878331e-10,0.010822071,0.00024833206,0.0036052869,0.04084658,21.551107,36.560677,1.1289669,37.241398,0.0000089523296,"PACK PROXY"
"20200","20200","fruits, légumes, légumineuses et oléagineux","légumes","Laitue iceberg, crue","Iceberg lettuce, raw","2",0,"Ambiant (moyen)","Pas de préparation",5,0.088665463,0.9567828,2.7183376e-8,0.24650611,0.0035630993,4.3807126e-8,1.2545812e-8,2.1094168e-10,0.0036154527,0.00015089906,0.0031313457,0.012620875,5.8765487,11.721805,0.67001065,14.185327,0.0000049774102,"PACK AGB"
"39529","39529","glaces et sorbets","desserts glacés","Nougat glacé","Iced nougat","2",0,"Congelé","Pas de préparation",5,0.34402152,2.5527604,0.0000020215465,0.89409061,0.0069007511,2.1953974e-7,3.6569551e-8,1.0169227e-9,0.029425182,0.00031665421,0.0081544452,0.11962628,21.35964,71.736865,0.66983455,37.803005,0.00005802305,"PACK PROXY"
"11202","11202","aides culinaires et ingrédients divers","sauces","Sauce indienne type tandoori ou tikka masala, préemballée","Indian-style sauce, tandoori or garam masala type, prepacked","2",0,"Glacé","Micro-onde",5,0.32628486,2.2862176,9.4850691e-7,0.87343378,0.0080182876,1.6661829e-7,4.8048694e-8,1.1188623e-8,0.020646003,0.0003562657,0.0093694869,0.080545797,48.982377,97.373715,3.0487587,40.372529,0.000029695692,"PACK PROXY"
"18022","18022","boissons","boissons sans alcool","Tisane infusée, non sucrée","Infusion, brewed, without sugar","2",0,"Ambiant (long)","Cuisson à l'eau",5,0.0083558596,0.031859675,5.9498494e-10,0.06719172,0.00012625646,3.1171819e-9,9.2439804e-10,1.5779828e-11,0.00037012561,0.000013210541,0.00017564992,0.0013326784,0.2060744,1.847898,0.21310969,1.6636595,6.3400091e-7,"PACK PROXY"
"13167_1","13167","aliments infantiles","céréales et biscuits infantiles","Céréales instantanées, poudre à reconstituer, dès 4/6 mois","Instant cereal (powder to be reconstituted) for baby from 4/6 months","2",0,"Ambiant (long)","Pas de préparation",5,0.22240506,1.9078715,2.2844706e-8,0.25570094,0.0068274264,1.5979946e-7,1.8897148e-8,1.0181491e-8,0.014463647,0.0006331011,0.011449724,0.055880462,13.971589,175.45,0.5601754,22.322701,0.0000068623126,"PACK PROXY"
"13168_1","13168","aliments infantiles","céréales et biscuits infantiles","Céréales instantanées, poudre à reconstituer, dès 6 mois","Instant cereal (powder to be reconstituted) for baby from 6 months","2",0,"Ambiant (long)","Pas de préparation",5,0.22240506,1.9078715,2.2844706e-8,0.25570094,0.0068274264,1.5979946e-7,1.8897148e-8,1.0181491e-8,0.014463647,0.0006331011,0.011449724,0.055880462,13.971589,175.45,0.5601754,22.322701,0.0000068623126,"PACK PROXY"
"13167_2","13167","aliments infantiles","céréales et biscuits infantiles","Céréales instantanées, poudre reconstituée chez le consommateur, dès 4/6 mois","Instant cereal for baby from 4/6 months, rehydrated with milk at consumer step","2",0,"Ambiant (long)","Pas de préparation",5,0.091371395,0.81863135,3.3834365e-8,0.24631103,0.0027297431,6.3690079e-8,1.0331929e-8,1.2796597e-9,0.0066828791,0.00016319348,0.0029417501,0.02618983,9.1773298,41.310752,0.25868489,12.413227,0.0000038569611,"PACK PROXY"
"13168_2","13168","aliments infantiles","céréales et biscuits infantiles","Céréales instantanées, poudre reconstituée chez le consommateur, dès 6 mois","Instant cereal for baby from 6 months, rehydrated with milk at consumer step","2",0,"Ambiant (long)","Pas de préparation",5,0.091371395,0.81863135,3.3834365e-8,0.24631103,0.0027297431,6.3690079e-8,1.0331929e-8,1.2796597e-9,0.0066828791,0.00016319348,0.0029417501,0.02618983,9.1773298,41.310752,0.25868489,12.413227,0.0000038569611,"PACK PROXY"
"18161","18161","boissons","boissons sans alcool","Chicorée, instantanée, non sucrée, prête à boire (reconstituée avec du lait demi-écrémé standard)","Instant chicory, without sugar and artificial sweeteners, ready-to-drink (reconstituted with standard semi-skimmed milk)","2",0,"Ambiant (long)","Pas de préparation",5,0.45154872,12.523557,2.3111929e-8,0.43619405,0.0033978,1.1265172e-7,2.1501702e-8,5.6749812e-10,0.015077235,0.00013321686,0.0037343835,0.061924451,9.8424508,38.335936,0.16352505,16.403449,0.0000045497067,"PACK PROXY"
"18106","18106","boissons","boissons sans alcool","Boisson cacaotée ou au chocolat, instantanée, sucrée, enrichie en vitamines, prête à boire (reconstituée avec du lait demi-écrémé standard)","Instant cocoa or chocolate beverage, with sugar, fortified with vitamins and chemical elements, ready-to-drink (reconstituted with standard semi-skimm","2",0,"Ambiant (long)","Pas de préparation",5,0.44081233,12.483356,2.0507366e-8,0.29142686,0.0029831108,1.0907662e-7,1.8447819e-8,5.2255324e-10,0.014563433,0.00012411177,0.0036795529,0.060933294,9.1738965,40.66645,0.17782403,12.236233,0.0000044422726,"PACK PROXY"
"18104","18104","boissons","boissons sans alcool","Boisson cacaotée ou au chocolat, instantanée, sucrée, prête à boire (reconstituée avec du lait demi-écrémé standard)","Instant cocoa or chocolate beverage, with sugar, ready-to-drink (reconstituted with standard semi-skimmed milk)","2",0,"Ambiant (long)","Pas de préparation",5,0.44081083000000004,12.483337,2.0507254e-8,0.2914265,0.0029830275,1.0907479e-7,1.8447575e-8,5.2254772e-10,0.014563347,0.0001241084,0.0036795198,0.060932626,9.1738398,40.666425,0.17782114,12.23613,0.0000044422616,"PACK PROXY"
"18073","18073","boissons","boissons sans alcool","Café, instantané, non sucré, prêt à boire","Instant coffee, without sugar, ready-to-drink","2",0,"Ambiant (long)","Cuisson à l'eau",5,0.057632617000000004,0.42497987,5.5122194e-9,0.083317452,0.00149462,4.5180122e-8,2.0411675e-8,5.2135882e-10,0.0051637423,0.000092466547,0.0029385478,0.02073978,11.3813,13.562638,0.38012477,4.9017069,0.0000018884873,"PACK PROXY"
"31037","31037","produits sucrés","confitures et assimilés","Confiture d'abricot (extra ou classique)","Jam, apricot","2",0,"Ambiant (long)","Pas de préparation",5,0.26146329,1.7776005,2.4936165e-8,0.67152764,0.0061265844,1.3001486e-7,1.5823237e-8,1.0658722e-9,0.013584468,0.00033915044,0.023840584,0.048469245,20.513545,347.72228,2.0869231,31.949257,0.000007776468,"PACK AGB"
"31038","31038","produits sucrés","confitures et assimilés","Confiture de cerise (extra ou classique)","Jam, cherry","2",0,"Ambiant (long)","Pas de préparation",5,0.43206,2.6577603,3.8140238e-8,0.75259428,0.0091143731,1.6682506e-7,4.1493387e-8,2.1166675e-9,0.019644949,0.00067204719,0.0068628836,0.064909179,101.13669,991.04401,5.9230932,41.647661,0.000016432921,"PACK AGB"
"31062","31062","produits sucrés","confitures et assimilés","Confiture de framboise (extra ou classique)","Jam, raspberry","2",0,"Ambiant (long)","Pas de préparation",5,0.29223387,2.2376076,4.5480324e-8,0.73796992,0.0091796891,1.8849916e-7,1.5988458e-8,1.3146681e-9,0.019644759,0.00096175574,0.0072590454,0.070589265,25.920892,42.711253,2.2205749,48.383135,0.00001871507,"PACK AGB"
"31110","31110","produits sucrés","confitures et assimilés","Confiture, tout type de fruits, allégée en sucres (extra ou classique)","Jam, reduced sugar","2",0,"Ambiant (long)","Pas de préparation",5,0.33794239,1.9366774,8.6218301e-7,0.7109129,0.0072531254,1.5516597e-7,3.7617224e-8,1.8969221e-9,0.016016531,0.00058095781,0.0057518952,0.057511821,273.46873,37.406288,3.6632778,38.39383,0.000011468226,"PACK AGB"
"31024","31024","produits sucrés","confitures et assimilés","Confiture de fraise (extra ou classique)","Jam, strawberry","2",0,"Ambiant (long)","Pas de préparation",5,0.33794239,1.9366774,8.6218301e-7,0.7109129,0.0072531254,1.5516597e-7,3.7617224e-8,1.8969221e-9,0.016016531,0.00058095781,0.0057518952,0.057511821,273.46873,37.406288,3.6632778,38.39383,0.000011468226,"PACK AGB"
"31060","31060","produits sucrés","confiseries non chocolatées","Bonbon gélifié","Jelly candy","2",0,"Ambiant (long)","Pas de préparation",5,0.19986762,1.4834949,7.2349916e-7,0.18822564,0.004649405,1.008453e-7,1.3163876e-8,7.8535015e-10,0.011569753,0.00043923977,0.0058216455,0.043494858,39.811497,58.358762,2.1507941,18.466605,0.00002923715,"PACK PROXY"
"20050","20050","fruits, légumes, légumineuses et oléagineux","pommes de terre et autres tubercules","Topinambour, cuit","Jerusalem artichoke, cooked","2",0,"Ambiant (moyen)","Cuisson à l'eau",5,0.1392743,1.3048175,3.2283381e-8,0.22662148,0.0043296811,8.3362976e-8,2.1335487e-8,4.8069298e-9,0.0064727613,0.00031371196,0.0049669638,0.022639062,16.280011,69.591253,0.51042748,18.702247,0.0000072702344,"PACK PROXY"
"20196","20196","fruits, légumes, légumineuses et oléagineux","pommes de terre et autres tubercules","Topinambour, cru","Jerusalem artichoke, raw","2",0,"Ambiant (moyen)","Pas de préparation",5,0.053938078,0.47341958,1.1394105e-8,0.047208896,0.0015736228,3.0232512e-8,1.0542455e-8,2.9123952e-10,0.0030943877,0.000062375784,0.0030661271,0.012135654,9.4240631,43.018969,0.21423179,5.4122442,0.0000036246209,"PACK AGB"
"26104","26104","viandes, œufs, poissons","poissons crus","Saint-Pierre, cru","John dory, raw","2",0,"Glacé","Pas de préparation",5,1.9688571000000001,12.188752,0.0000017640754,0.28003355,0.23912983,0.0000024713049,4.7505226e-8,5.4092627e-9,0.31970158,0.00052943654,0.078563124,0.85806833,12.058341,16.31433,0.39493123,161.74181,0.000065558231,"PACK PROXY"
"11203","11203","aides culinaires et ingrédients divers","sauces","Sauce kebab, préemballée","Kebab sauce, prepacked","2",0,"Glacé","Pas de préparation",5,0.39125222000000004,3.0712451,9.3794325e-7,0.83898051,0.0081574881,2.9411135e-7,6.0761404e-8,8.0582228e-9,0.040677073,0.00035519338,0.01305325,0.17052823,34.67347,145.65837,1.0961495,36.067313,0.000029330695,"PACK PROXY"
"11008","11008","aides culinaires et ingrédients divers","sauces","Ketchup","Ketchup","2",0,"Glacé","Pas de préparation",5,0.31161356,2.1186204,9.592085e-7,0.82197259,0.0086190566,1.2448877e-7,4.0238761e-8,7.7828019e-9,0.013018383,0.00039087141,0.0078349749,0.045558397,63.045922,68.939798,4.6863781,43.553184,0.000030458126,"PACK PROXY"
"51550","51550","produits céréaliers","farines et pâtes à tarte","Khatfa feuille de brick, préemballée","Khatfa (phyllo or filo pastry), prepacked","2",0,"Glacé","Four",5,0.15835738,1.2786346,3.5534669e-8,1.1177297,0.0043624106,6.2985298e-8,1.627651e-8,5.6744791e-10,0.0073181638,0.00023476699,0.0039188307,0.026369324,6.5769618,35.730947,0.4027926,37.378053,0.000009725172,"PACK PROXY"
"9003","9003","produits céréaliers","pâtes, riz et céréales","Blé de Khorasan, cru","Khorasan wheat","2",0,"Ambiant (long)","Cuisson à l'eau",5,0.086819892,0.68453459,1.1841778e-8,0.079687521,0.0024662904,6.5651976e-8,8.9989764e-9,6.8508963e-10,0.0085679781,0.00014726166,0.0052978532,0.036615658,10.154871,65.380098,0.16250229,6.9686855,0.0000034918477,"PACK AGB"
"40403","40403","viandes, œufs, poissons","viandes cuites","Rognon, boeuf, cuit","Kidney, beef, cooked","2",0,"Glacé","Four",5,3.7260701999999997,29.813546,1.1754259e-7,1.3551669,0.046191725,0.0000030236854,0.0000050199216,3.1547419e-8,0.44441516,0.001695656,0.10854471,1.9524125,135.47551,2944.0111,2.6773109,82.640517,0.000047792864,"PACK AGB"
"40402","40402","viandes, œufs, poissons","viandes crues","Rognon, boeuf, cru","Kidney, beef, raw","2",0,"Glacé","Pas de préparation",5,2.694526,21.686291,8.3912352e-8,0.61139255,0.033447453,0.000002201758,0.0000036596128,2.2967539e-8,0.32373878,0.0012029374,0.079096795,1.4236146,98.451998,2147.3299,1.9274944,51.906657,0.000031781524,"PACK AGB"
"40409","40409","viandes, œufs, poissons","viandes crues","Rognon, veau, cru","Kidney, calf, raw","2",0,"Glacé","Pas de préparation",5,1.0656843,10.816795,1.5588441e-7,1.0460877,0.022641025,8.9115824e-7,1.4239135e-7,6.0152359e-9,0.12291494,0.0010195087,0.040915347,0.51833067,100.94694,525.10033,1.719381,83.827189,0.000027247657,"PACK AGB"
"40406","40406","viandes, œufs, poissons","viandes cuites","Rognon, agneau, braisé","Kidney, lamb, braised","2",0,"Glacé","Four",5,2.8915795,21.761439,1.1758643e-7,1.1991986,0.0421112,0.0000035332268,4.9305356e-7,1.0858732e-8,0.51980913,0.0011977702,0.10657852,2.3114444,98.247978,1725.8143,2.6276818,70.95933,0.000039915479,"PACK AGB"
"40407","40407","viandes, œufs, poissons","viandes crues","Rognon, agneau, cru","Kidney, lamb, raw","2",0,"Glacé","Pas de préparation",5,2.0857232,15.811875,8.3944334e-8,0.49760586,0.030470506,0.000002573494,3.5703584e-7,7.8741057e-9,0.37874245,0.00083970475,0.077662354,1.6855464,71.292647,1258.5942,1.8912875,43.384646,0.000026034577,"PACK AGB"
"40405","40405","viandes, œufs, poissons","viandes cuites","Rognon, porc, cuit","Kidney, pork, cooked","2",0,"Glacé","Four",5,0.48925197000000004,3.8184771,5.3763369e-8,1.2166171,0.01038426,4.1172801e-7,4.6261832e-8,2.2505257e-9,0.056807612,0.00055254494,0.015550756,0.2363839,98.520455,186.18354,0.94137569,46.381748,0.000017574938,"PACK AGB"
"40404","40404","viandes, œufs, poissons","viandes crues","Rognon, porc, cru","Kidney, pork, raw","2",0,"Glacé","Pas de préparation",5,0.33310496,2.7215857,3.7382212e-8,0.51031354,0.0073241142,2.962042e-7,3.1078891e-8,1.5939877e-9,0.040959653,0.00036898057,0.011253043,0.17168576,71.491433,135.35647,0.6610427,25.454069,0.0000097360327,"PACK AGB"
"40408","40408","viandes, œufs, poissons","viandes cuites","Rognon, veau, braisé ou sauté/poêlé","Kidney, veal, sautéed/pan-fried","2",0,"Glacé","Poêle",5,1.4767789,14.962191,2.1883979e-7,1.5635548,0.031341691,0.0000012244577,1.9648747e-7,8.3283379e-9,0.16887631,0.0014217448,0.056326277,0.71161719,139.52268,723.69757,2.3705247,119.46013,0.000038562616,"PACK AGB"
"1018","1018","boissons","boisson alcoolisées","Kir (au vin blanc)","Kir (Cocktail of white wine with red fruit liqueur)","2",0,"Glacé","Réfrigéré chez le consommateur",5,0.2210876,1.7990878,4.1672451e-8,0.47994169,0.0071736243,1.0822079e-7,4.4741258e-8,9.8512333e-10,0.010782223,0.00029408241,0.0087951452,0.036292722,71.235606,150.05518,0.68011931,27.63338,0.000013251944,"PACK PROXY"
"13021","13021","fruits, légumes, légumineuses et oléagineux","fruits","Kiwi, pulpe et graines, cru","Kiwi fruit, pulp and seeds, raw","2",0,"Ambiant (moyen)","Pas de préparation",5,0.1079336,0.88003323,2.3126869e-8,0.12105045,0.002967421,5.700735e-8,3.5021913e-8,3.9497152e-10,0.0048173815,0.00022844039,0.0021242874,0.018188049,4.812154,45.008718,2.449495,10.381143,0.0000088853708,"PACK AGB"
"28960","28960","viandes, œufs, poissons","charcuteries","Jambonneau, cuit","Knuckle of ham, cooked","2",0,"Glacé","Pas de préparation",5,0.91434829,7.0833401,0.0000013861726,1.5563606,0.018540761,7.5901522e-7,8.2743169e-8,4.2329625e-9,0.10588174,0.0010766284,0.029391762,0.44326821,186.5496,354.35205,1.7158739,72.507557,0.000055836908,"PACK AGB"
"20094","20094","fruits, légumes, légumineuses et oléagineux","légumes","Chou-rave, bouilli/cuit à l'eau","Kohlrabi, boiled/cooked in water","2",0,"Ambiant (moyen)","Cuisson à l'eau",5,0.30558045,1.9666898,5.5667266e-8,0.43006395,0.007208962,2.5902167e-7,3.3768051e-7,2.6348522e-9,0.035261289,0.00024870967,0.007970225,0.15279076,8.7087686,62.596044,0.31743717,28.936258,0.0000087796237,"PACK AGB"
"20990","20990","aides culinaires et ingrédients divers","algues","Kombu ou kombu japonais (Laminaria japonica), séchée ou déshydratée","Kombu or Japanese kelp (Laminaria japonica), dried or dehydrated","2",0,"Ambiant (long)","Pas de préparation",5,1.5467408,12.2005,3.4542267e-7,10.918509,0.057733433,8.3490215e-7,8.1758221e-8,7.301482e-9,0.10955946,0.0025147409,0.015110188,0.14459756,39.9629,32.056889,4.1695191,394.63825,0.000076401245,"PACK PROXY"
"13549","13549","fruits, légumes, légumineuses et oléagineux","fruits","Kumquat, sans pépin, cru","Kumquat, without pips, raw","2",0,"Ambiant (moyen)","Pas de préparation",5,0.14523586,0.63267572,2.3526417e-8,0.050496117,0.002626217,5.2717575e-8,1.1626641e-8,1.6451055e-10,0.0050662805,0.00010224331,0.001578944,0.020085988,21.535312,24.559539,10.416462,7.2748072,0.0000031870143,"PACK AGB"
"21501","21501","viandes, œufs, poissons","viandes cuites","Agneau, côtelette, grillée","Lamb cutlet, grilled","2",0,"Glacé","Poêle",5,5.0544451,38.26945,1.9346638e-7,1.1543456,0.072977674,0.0000062443612,8.6749634e-7,1.9170641e-8,0.92026026,0.0020353489,0.18889451,4.0971096,174.08037,3062.6804,4.5181774,101.03744,0.000062281602,"PACK AGB"
"25541","25541","viandes, œufs, poissons","autres produits à base de viande","Brochette d'agneau","Lamb on skewer","2",0,"Glacé","Four",5,5.0957558,38.591161,2.0082516e-7,1.5339819,0.073728036,0.0000062496044,8.7179215e-7,1.9237637e-8,0.92092583,0.0021517273,0.18925611,4.0983415,175.81753,3063.7517,4.6011861,113.12165,0.000066587655,"PACK AGB"
"21509","21509","viandes, œufs, poissons","viandes cuites","Agneau, côte filet, grillée/poêlée","Lamb, chop fillet, grilled/pan-fried","2",0,"Glacé","Poêle",5,5.0552451000000005,38.271605,1.9352818e-7,1.167012,0.072986126,0.0000062445013,8.6758603e-7,1.9172249e-8,0.92027652,0.0020364947,0.1888976,4.0971354,174.09327,3062.6963,4.5190415,101.31892,0.000062385203,"PACK AGB"
"21516","21516","viandes, œufs, poissons","viandes crues","Agneau, côte filet, crue","Lamb, chop fillet, raw","2",0,"Glacé","Pas de préparation",5,3.9900518,30.197052,1.4942629e-7,0.82920714,0.057551757,0.0000049410302,6.8582876e-7,1.5116094e-8,0.72820625,0.0015943639,0.14935455,3.2424811,136.97034,2421.5683,3.567256,76.879119,0.000048498636,"PACK AGB"
"21500","21500","viandes, œufs, poissons","viandes crues","Agneau, côtelette, crue","Lamb, cutlet, raw","2",0,"Glacé","Pas de préparation",5,3.9894173,30.195343,1.4937728e-7,0.81916196,0.057545055,0.0000049409191,6.8575763e-7,1.5114819e-8,0.72819335,0.0015934551,0.1493521,3.2424607,136.96011,2421.5557,3.5665707,76.655894,0.000048416475,"PACK AGB"
"21519","21519","viandes, œufs, poissons","viandes cuites","Agneau, gigot, braisé","Lamb, leg, braised","2",0,"Glacé","Four",5,5.0731227,38.234612,1.9128707e-7,1.564628,0.073047692,0.0000062475089,8.7003964e-7,1.9161144e-8,0.92057544,0.0020608715,0.18879928,4.0971394,173.55531,3059.7121,4.5416399,108.60973,0.000065495917,"PACK AGB"
"21518","21518","viandes, œufs, poissons","viandes cuites","Agneau, gigot, grillé/poêlé","Lamb, leg, grilled/pan-fried","2",0,"Glacé","Poêle",5,5.0552451000000005,38.271605,1.9352818e-7,1.167012,0.072986126,0.0000062445013,8.6758603e-7,1.9172249e-8,0.92027652,0.0020364947,0.1888976,4.0971354,174.09327,3062.6963,4.5190415,101.31892,0.000062385203,"PACK AGB"
"21502","21502","viandes, œufs, poissons","viandes crues","Agneau, gigot, cru","Lamb, leg, raw","2",0,"Glacé","Pas de préparation",5,3.9900518,30.197052,1.4942629e-7,0.82920714,0.057551757,0.0000049410302,6.8582876e-7,1.5116094e-8,0.72820625,0.0015943639,0.14935455,3.2424811,136.97034,2421.5683,3.567256,76.879119,0.000048498636,"PACK AGB"
"21503","21503","viandes, œufs, poissons","viandes cuites","Agneau, gigot, rôti/cuit au four","Lamb, leg, roasted/baked","2",0,"Glacé","Four",5,5.0731227,38.234612,1.9128707e-7,1.564628,0.073047692,0.0000062475089,8.7003964e-7,1.9161144e-8,0.92057544,0.0020608715,0.18879928,4.0971394,173.55531,3059.7121,4.5416399,108.60973,0.000065495917,"PACK AGB"
"21508","21508","viandes, œufs, poissons","viandes cuites","Agneau, collier, braisé ou bouilli","Lamb, neck, braised or boiled","2",0,"Glacé","Four",5,5.0731227,38.234612,1.9128707e-7,1.564628,0.073047692,0.0000062475089,8.7003964e-7,1.9161144e-8,0.92057544,0.0020608715,0.18879928,4.0971394,173.55531,3059.7121,4.5416399,108.60973,0.000065495917,"PACK AGB"
"21514","21514","viandes, œufs, poissons","viandes crues","Agneau, collier, cru","Lamb, neck, raw","2",0,"Glacé","Pas de préparation",5,3.9900518,30.197052,1.4942629e-7,0.82920714,0.057551757,0.0000049410302,6.8582876e-7,1.5116094e-8,0.72820625,0.0015943639,0.14935455,3.2424811,136.97034,2421.5683,3.567256,76.879119,0.000048498636,"PACK AGB"
"21512","21512","viandes, œufs, poissons","viandes cuites","Agneau, côte première, grillée/poêlée","Lamb, rib chop, grilled/pan-fried","2",0,"Glacé","Poêle",5,5.0552451000000005,38.271605,1.9352818e-7,1.167012,0.072986126,0.0000062445013,8.6758603e-7,1.9172249e-8,0.92027652,0.0020364947,0.1888976,4.0971354,174.09327,3062.6963,4.5190415,101.31892,0.000062385203,"PACK AGB"
"21517","21517","viandes, œufs, poissons","viandes crues","Agneau, côte première, crue","Lamb, rib chop, raw","2",0,"Glacé","Pas de préparation",5,3.9900518,30.197052,1.4942629e-7,0.82920714,0.057551757,0.0000049410302,6.8582876e-7,1.5116094e-8,0.72820625,0.0015943639,0.14935455,3.2424811,136.97034,2421.5683,3.567256,76.879119,0.000048498636,"PACK AGB"
"21520","21520","viandes, œufs, poissons","viandes cuites","Agneau, selle, partie maigre, grillée/poêlée","Lamb, saddle, grilled/pan-fried","2",0,"Glacé","Poêle",5,5.0552451000000005,38.271605,1.9352818e-7,1.167012,0.072986126,0.0000062445013,8.6758603e-7,1.9172249e-8,0.92027652,0.0020364947,0.1888976,4.0971354,174.09327,3062.6963,4.5190415,101.31892,0.000062385203,"PACK AGB"
"21513","21513","viandes, œufs, poissons","viandes cuites","Agneau, selle, partie maigre, rôtie/cuite au four","Lamb, saddle, lean, roasted/baked","2",0,"Glacé","Four",5,5.0731227,38.234612,1.9128707e-7,1.564628,0.073047692,0.0000062475089,8.7003964e-7,1.9161144e-8,0.92057544,0.0020608715,0.18879928,4.0971394,173.55531,3059.7121,4.5416399,108.60973,0.000065495917,"PACK AGB"
"21515","21515","viandes, œufs, poissons","viandes crues","Agneau, selle, crue","Lamb, saddle, raw","2",0,"Glacé","Pas de préparation",5,3.9900518,30.197052,1.4942629e-7,0.82920714,0.057551757,0.0000049410302,6.8582876e-7,1.5116094e-8,0.72820625,0.0015943639,0.14935455,3.2424811,136.97034,2421.5683,3.567256,76.879119,0.000048498636,"PACK AGB"
"21505","21505","viandes, œufs, poissons","viandes crues","Agneau, épaule, maigre, crue","Lamb, shoulder, lean, raw","2",0,"Glacé","Pas de préparation",5,3.1893933000000003,24.093011,1.1947881e-7,0.66330241,0.045973497,0.0000039523378,5.4803124e-7,1.2079921e-8,0.58252406,0.0012642537,0.11940877,2.5938101,109.28332,1937.2047,2.8505813,61.460487,0.000038788776,"PACK AGB"
"21507","21507","viandes, œufs, poissons","viandes cuites","Agneau, épaule, maigre, rôtie/cuite au four","Lamb, shoulder, lean, roasted/baked","2",0,"Glacé","Four",5,4.0616854,30.52364,1.534557e-7,1.3550477,0.058421375,0.0000049985365,6.9596599e-7,1.5325678e-8,0.73654141,0.0016438576,0.15097008,3.2777014,138.57949,2447.8365,3.6362957,89.13204,0.000053229869,"PACK AGB"
"21504","21504","viandes, œufs, poissons","viandes crues","Agneau, épaule, crue","Lamb, shoulder, raw","2",0,"Glacé","Pas de préparation",5,3.1893933000000003,24.093011,1.1947881e-7,0.66330241,0.045973497,0.0000039523378,5.4803124e-7,1.2079921e-8,0.58252406,0.0012642537,0.11940877,2.5938101,109.28332,1937.2047,2.8505813,61.460487,0.000038788776,"PACK AGB"
"21506","21506","viandes, œufs, poissons","viandes cuites","Agneau, épaule, rôtie/cuite au four","Lamb, shoulder, roasted/baked","2",0,"Glacé","Four",5,4.0616854,30.52364,1.534557e-7,1.3550477,0.058421375,0.0000049985365,6.9596599e-7,1.5325678e-8,0.73654141,0.0016438576,0.15097008,3.2777014,138.57949,2447.8365,3.6362957,89.13204,0.000053229869,"PACK AGB"
"20099","20099","fruits, légumes, légumineuses et oléagineux","légumes","Mâche, crue","Lamb's lettuce, raw","2",0,"Ambiant (moyen)","Pas de préparation",5,0.086698533,0.900032,3.0235169e-8,0.25924441,0.0027884321,4.2553009e-8,3.3172254e-8,4.7256046e-10,0.0032141143,0.00014130724,0.0023893922,0.011242261,9.8587725,7.825454,0.30458441,14.40246,0.0000056308408,"PACK AGB"
"12040","12040","lait et produits laitiers","fromages","Langres","Langres cheese, from cow's milk","2",0,"Glacé","Pas de préparation",5,0.43599564,4.0086795,4.2084586e-8,0.41305765,0.0091304128,4.3573854e-7,7.2647681e-8,1.9226755e-9,0.061657258,0.00043772123,0.015300487,0.26294375,37.7911,177.64252,0.42397654,23.830116,0.0000099607354,"PACK AGB"
"16520","16520","matières grasses","autres matières grasses","Saindoux","Lard or pork fat","2",0,"Glacé","Pas de préparation",5,0.26815833,2.5237919,4.4142048e-8,0.50338975,0.0080480344,2.1636927e-7,2.5518598e-8,2.0598626e-9,0.026270077,0.00034589454,0.0072279874,0.10149641,48.130689,79.503026,0.54173971,30.155706,0.0000079133433,"PACK PROXY"
"28504","28504","viandes, œufs, poissons","charcuteries","Lardon nature, cuit","Lardoons, cooked","2",0,"Glacé","Four",5,0.9721410199999999,7.3402355,0.0000019723219,1.9088546,0.019575156,7.7355005e-7,8.8527373e-8,4.3488597e-9,0.10727325,0.001168452,0.029664674,0.44605324,187.86995,356.4601,1.7901137,82.680743,0.000075216848,"PACK AGB"
"28501","28501","viandes, œufs, poissons","charcuteries","Lardon nature, cru","Lardoons, raw","2",0,"Glacé","Pas de préparation",5,0.74369563,5.7409203,0.0000015593017,1.1016986,0.015222649,6.0781894e-7,6.7180018e-8,3.3906211e-9,0.084392456,0.00088792049,0.023382855,0.35226435,148.30187,281.66142,1.389135,56.35361,0.00005619377,"PACK AGB"
"25513","25513","entrées et plats composés","sandwichs","Pan bagnat","Large round sandwich with lettuce, tuna, anchovy and black olives","2",0,"Glacé","Pas de préparation",5,0.37983981,2.3323931,0.0000010844946,0.65201407,0.021014634,2.7097354e-7,9.2472322e-8,3.4159574e-9,0.034415491,0.00041056255,0.012620186,0.10818188,27.970192,105.50087,2.9403385,40.002691,0.000036134247,"PACK PROXY"
"26153","26153","viandes, œufs, poissons","poissons crus","Sabre, cru","Largehead hairtail, raw","2",0,"Glacé","Pas de préparation",5,1.9688571000000001,12.188752,0.0000017640754,0.28003355,0.23912983,0.0000024713049,4.7505226e-8,5.4092627e-9,0.31970158,0.00052943654,0.078563124,0.85806833,12.058341,16.31433,0.39493123,161.74181,0.000065558231,"PACK PROXY"
"25139","25139","entrées et plats composés","plats composés","Lasagnes ou cannelloni au poisson","Lasagna or cannelloni with fish","2",0,"Glacé","Micro-onde",5,0.4731051,3.8447038,0.0000014791352,0.88867778,0.013315042,2.7862566e-7,6.5491195e-8,2.1752543e-9,0.035782247,0.00076667329,0.023637664,0.14151668,33.889913,152.9003,0.86107423,52.676728,0.000054888017,"PACK AGB"
"25635","25635","entrées et plats composés","plats composés","Lasagnes ou cannelloni au fromage et aux épinards","Lasagna or cannelloni with goat cheese and spinach","2",0,"Glacé","Micro-onde",5,0.45483575,3.5632159,0.0000014642414,0.85329391,0.0095070781,3.5351355e-7,4.8111707e-8,1.5847088e-9,0.047900436,0.00061330956,0.013468063,0.19905667,22.974181,164.24603,0.97273964,45.024799,0.000046842052,"PACK AGB"
"25081","25081","entrées et plats composés","plats composés","Lasagnes ou cannelloni à la viande (bolognaise)","Lasagna or cannelloni with meat (bolognese sauce)","2",0,"Glacé","Micro-onde",5,0.83072888,5.9568978,0.0000014774879,0.89090704,0.013825209,4.7523101e-7,0.0000011848032,7.9710911e-9,0.06577486,0.00079641594,0.023680025,0.27524519,42.245314,491.88407,1.9977209,52.273528,0.000051246608,"PACK AGB"
"25131","25131","entrées et plats composés","plats composés","Lasagnes ou cannelloni aux légumes","Lasagna or cannelloni with vegetables","2",0,"Glacé","Micro-onde",5,0.37705498000000004,2.8983879,0.0000014704578,0.87041428,0.0094025139,2.166173e-7,6.0601678e-8,4.0010096e-9,0.026321304,0.0005737598,0.010276522,0.10399839,28.032625,107.31576,1.8573025,47.891671,0.000046524823,"PACK AGB"
"25219","25219","entrées et plats composés","plats composés","Lasagnes ou canelloni aux légumes et au fromage de chèvre, cuits","Lasagna or cannelloni with vegetables and goat cheese, cooked","2",0,"Glacé","Micro-onde",5,0.37705498000000004,2.8983879,0.0000014704578,0.87041428,0.0094025139,2.166173e-7,6.0601678e-8,4.0010096e-9,0.026321304,0.0005737598,0.010276522,0.10399839,28.032625,107.31576,1.8573025,47.891671,0.000046524823,"PACK AGB"
"25218","25218","entrées et plats composés","plats composés","Lasagnes ou cannelloni aux légumes, cuits","Lasagna or cannelloni with vegetables, cooked","2",0,"Glacé","Micro-onde",5,0.37705498000000004,2.8983879,0.0000014704578,0.87041428,0.0094025139,2.166173e-7,6.0601678e-8,4.0010096e-9,0.026321304,0.0005737598,0.010276522,0.10399839,28.032625,107.31576,1.8573025,47.891671,0.000046524823,"PACK AGB"
"20987","20987","aides culinaires et ingrédients divers","algues","Nori (Porphyra sp.), séchée ou déshydratée","Laver (Porphyra sp.), dried or dehydrated","2",0,"Ambiant (long)","Pas de préparation",5,1.5467408,12.2005,3.4542267e-7,10.918509,0.057733433,8.3490215e-7,8.1758221e-8,7.301482e-9,0.10955946,0.0025147409,0.015110188,0.14459756,39.9629,32.056889,4.1695191,394.63825,0.000076401245,"PACK PROXY"
"25553","25553","entrées et plats composés","pizzas, tartes et crêpes salées","Tarte ou Tourte aux poireaux","Leek tart or pie","2",0,"Glacé","Four",5,0.37601063,3.0798449,1.5287822e-7,1.2984065,0.0084711379,2.8948558e-7,7.1696339e-8,1.9060458e-9,0.038933145,0.00049570981,0.011694397,0.15955994,33.564585,109.71175,0.63177702,45.200208,0.000017401937,"PACK AGB"
"20040","20040","fruits, légumes, légumineuses et oléagineux","légumes","Poireau, cuit","Leek, cooked","2",0,"Ambiant (moyen)","Cuisson à l'eau",5,0.15670722,1.7221886,5.4535059e-8,0.24585486,0.0056993103,8.2213494e-8,6.8466236e-8,8.3145264e-10,0.0087649668,0.00025297683,0.0036347081,0.033075107,8.4247156,-1.4812419,0.65596198,24.843784,0.0000082945676,"PACK AGB"
"20236","20236","fruits, légumes, légumineuses et oléagineux","légumes","Poireau, surgelé, cru","Leek, frozen, raw","2",0,"Congelé","Pas de préparation",5,0.11550888,1.0230949,2.8924348e-8,0.5937734,0.003184513,5.3398686e-8,5.2198842e-8,5.7806443e-10,0.0060817344,0.00015734405,0.00288933,0.022712124,6.6676514,-4.8666804,0.42943859,21.537676,0.0000073764774,"PACK AGB"
"20039","20039","fruits, légumes, légumineuses et oléagineux","légumes","Poireau, cru","Leek, raw","2",0,"Ambiant (moyen)","Pas de préparation",5,0.078921675,0.79667565,2.4319051e-8,0.071368674,0.0027585346,5.2560416e-8,5.3778931e-8,5.547367e-10,0.0058663993,0.000081479381,0.0025617351,0.023862293,5.1081775,-7.7194724,0.37083357,8.3955557,0.0000042060181,"PACK AGB"
"20135","20135","fruits, légumes, légumineuses et oléagineux","légumes","Fondue de poireau","Leeks fondue or slow-simmered leeks","2",0,"Glacé","Micro-onde",5,0.31161893999999996,2.9411444,5.5789279e-8,0.91942937,0.0077392366,2.2200447e-7,9.2473195e-8,1.3942403e-9,0.029610859,0.00034653547,0.0093774891,0.12252385,21.474352,49.766459,0.76302224,39.581295,0.000011644336,"PACK AGB"
"23103","23103","produits céréaliers","gâteaux et pâtisseries","Gâteau au citron, tout type","Lemon cake, all types","2",0,"Ambiant (long)","Pas de préparation",5,0.29022303,2.6565475,5.5410191e-8,0.54413765,0.0087933452,1.726621e-7,2.9675677e-8,1.2648816e-9,0.022158891,0.00040272629,0.0097020851,0.089436431,34.707436,130.9285,1.7810287,41.468615,0.0000097893361,"PACK PROXY"
"2028","2028","boissons","boissons sans alcool","Jus de citron, pur jus","Lemon juice, pure juice","2",0,"Ambiant (long)","Pas de préparation",5,0.13769123,0.86188068,5.2836656e-7,0.14454332,0.003867735,7.4528569e-8,2.1325861e-8,5.7725904e-10,0.0088774777,0.00018530032,0.0020346307,0.034135298,58.818815,72.762207,0.64919294,12.809948,0.000017065214,"PACK PROXY"
"18220","18220","boissons","boissons sans alcool","Citron ou Lime, spécialité à diluer pour boissons, sans sucres ajoutés","Lemon or lime base, for beverage, without sugar (to be diluted)","2",0,"Ambiant (long)","Pas de préparation",5,0.075991824,0.60727716,1.0517036e-8,0.12049047,0.0024635113,5.2856765e-8,1.1114282e-8,3.0741271e-9,0.0043622982,0.00017160981,0.0010059993,0.015622608,24.166315,30.454341,0.33595454,9.2930463,0.0000027108314,"PACK PROXY"
"26016","26016","viandes, œufs, poissons","produits à base de poissons et produits de la mer","Limande-sole, panée, frite","Lemon sole, breaded, fried","2",0,"Glacé","Poêle",5,2.4371066,15.125969,0.0000024984145,0.46302381,0.29263151,0.0000030239222,6.0106394e-8,6.706587e-9,0.39106411,0.00068798543,0.096230166,1.0494316,16.041784,23.74413,0.51273313,203.38298,0.000089650958,"PACK PROXY"
"26135","26135","viandes, œufs, poissons","poissons crus","Limande-sole, crue","Lemon sole, raw","2",0,"Glacé","Pas de préparation",5,1.9688571000000001,12.188752,0.0000017640754,0.28003355,0.23912983,0.0000024713049,4.7505226e-8,5.4092627e-9,0.31970158,0.00052943654,0.078563124,0.85806833,12.058341,16.31433,0.39493123,161.74181,0.000065558231,"PACK PROXY"
"26017","26017","viandes, œufs, poissons","poissons cuits","Limande-sole, cuite à la vapeur","Lemon sole, steamed","2",0,"Glacé","Four",5,2.4367512000000002,14.971152,0.0000021565617,0.85906355,0.29233644,0.0000030233252,6.1668391e-8,6.670658e-9,0.39103808,0.00069325312,0.096056254,1.0488041,15.250525,20.57012,0.51751326,208.98779,0.000084280085,"PACK PROXY"
"23485","23485","produits céréaliers","gâteaux et pâtisseries","Tarte au citron","Lemon tart","2",0,"Ambiant (long)","Pas de préparation",5,0.36852249,2.6278039,0.000001785259,0.6240049,0.008096348,2.5673933e-7,3.4587736e-8,1.3547752e-9,0.034422911,0.00039443034,0.011547242,0.14211832,41.634752,117.41172,1.188568,33.433076,0.000051646757,"PACK PROXY"
"13125","13125","fruits, légumes, légumineuses et oléagineux","fruits","Citron, zeste, cru","Lemon zest, raw","2",0,"Ambiant (moyen)","Pas de préparation",5,0.19277813,0.88859663,3.0313805e-8,0.06620468,0.0034748688,6.9642739e-8,1.6268112e-8,2.3755957e-10,0.0069460169,0.00015507851,0.002419499,0.027730858,32.410406,34.061035,13.450977,8.769031,0.0000040225631,"PACK AGB"
"13009","13009","fruits, légumes, légumineuses et oléagineux","fruits","Citron, pulpe, cru","Lemon, pulp, raw","2",0,"Ambiant (moyen)","Pas de préparation",5,0.1632765,0.7150827,2.5928311e-8,0.056678841,0.0029286464,5.9321663e-8,1.3486166e-8,1.9426551e-10,0.0059220348,0.00012482551,0.0020194298,0.023634666,27.559497,29.147755,11.522489,7.482653,0.0000034392759,"PACK AGB"
"18039","18039","boissons","boissons sans alcool","Diabolo (limonade et sirop)","Lemonade with a flavoured syrup","2",0,"Glacé","Pas de préparation",5,0.091473863,0.58518892,4.2614909e-7,0.22150515,0.0022709198,4.6833358e-8,2.1090295e-8,1.8748978e-10,0.0051108977,0.00011371174,0.0015829454,0.019334098,9.5237211,15.682991,1.2926903,11.252124,0.00001364025,"PACK PROXY"
"18010","18010","boissons","boissons sans alcool","Limonade, sucrée","Lemonade, with sugar","2",0,"Glacé","Pas de préparation",5,0.071651759,0.51481871,4.2542804e-7,0.21932514,0.0019784286,3.5390217e-8,4.9489947e-9,1.5340409e-10,0.0036230421,0.000094904744,0.0010028054,0.013088428,8.9145576,13.418356,0.30207958,10.56034,0.000013150697,"PACK PROXY"
"18016","18016","boissons","boissons sans alcool","Limonade, sucrée, avec édulcorants","Lemonade, with sugar and artificial sweetener(s)","2",0,"Glacé","Pas de préparation",5,0.071651759,0.51481871,4.2542804e-7,0.21932514,0.0019784286,3.5390217e-8,4.9489947e-9,1.5340409e-10,0.0036230421,0.000094904744,0.0010028054,0.013088428,8.9145576,13.418356,0.30207958,10.56034,0.000013150697,"PACK PROXY"
"18035","18035","boissons","boissons sans alcool","Limonade, non sucrée, avec édulcorants","Lemonade, without sugar, with artificial sweetener(s)","2",0,"Glacé","Pas de préparation",5,0.071651759,0.51481871,4.2542804e-7,0.21932514,0.0019784286,3.5390217e-8,4.9489947e-9,1.5340409e-10,0.0036230421,0.000094904744,0.0010028054,0.013088428,8.9145576,13.418356,0.30207958,10.56034,0.000013150697,"PACK PROXY"
"20588","20588","fruits, légumes, légumineuses et oléagineux","légumineuses","Lentille blonde, cuite","Lentil, blond, cooked","2",0,"Ambiant (long)","Micro-onde",5,0.0026649570000000003,0.66381244,1.5615917e-8,0.29227781,0.0020715912,2.5782913e-8,3.9934159e-9,1.5886662e-9,0.0025370229,0.00029286195,0.0058807156,0.0074431159,51.112501,-885.2226,0.13833931,12.382648,0.0000042297604,"PACK AGB"
"20586","20586","fruits, légumes, légumineuses et oléagineux","légumineuses","Lentille blonde, sèche","Lentil, blond, dried","2",0,"Ambiant (long)","Pas de préparation",5,-0.048822663999999995,1.035852,2.4141808e-8,0.31537815,0.0035349346,3.911447e-8,4.8435213e-9,1.0494828e-9,0.004649274,0.00056997995,0.01339456,0.014471286,117.86576,-2062.0422,0.2137646,14.502902,0.0000065804858,"PACK AGB"
"20505","20505","fruits, légumes, légumineuses et oléagineux","légumineuses","Lentille, cuite","Lentil, cooked","2",0,"Ambiant (long)","Micro-onde",5,0.0026649570000000003,0.66381244,1.5615917e-8,0.29227781,0.0020715912,2.5782913e-8,3.9934159e-9,1.5886662e-9,0.0025370229,0.00029286195,0.0058807156,0.0074431159,51.112501,-885.2226,0.13833931,12.382648,0.0000042297604,"PACK AGB"
"20504","20504","fruits, légumes, légumineuses et oléagineux","légumineuses","Lentille, sèche","Lentil, dried","2",0,"Ambiant (long)","Pas de préparation",5,-0.048822663999999995,1.035852,2.4141808e-8,0.31537815,0.0035349346,3.911447e-8,4.8435213e-9,1.0494828e-9,0.004649274,0.00056997995,0.01339456,0.014471286,117.86576,-2062.0422,0.2137646,14.502902,0.0000065804858,"PACK AGB"
"20585","20585","fruits, légumes, légumineuses et oléagineux","légumineuses","Lentille verte, sèche","Lentil, green, dried","2",0,"Ambiant (long)","Pas de préparation",5,-0.048822663999999995,1.035852,2.4141808e-8,0.31537815,0.0035349346,3.911447e-8,4.8435213e-9,1.0494828e-9,0.004649274,0.00056997995,0.01339456,0.014471286,117.86576,-2062.0422,0.2137646,14.502902,0.0000065804858,"PACK AGB"
"20589","20589","fruits, légumes, légumineuses et oléagineux","légumineuses","Lentille corail, cuite","Lentil, pink or red, cooked","2",0,"Ambiant (long)","Micro-onde",5,0.0026649570000000003,0.66381244,1.5615917e-8,0.29227781,0.0020715912,2.5782913e-8,3.9934159e-9,1.5886662e-9,0.0025370229,0.00029286195,0.0058807156,0.0074431159,51.112501,-885.2226,0.13833931,12.382648,0.0000042297604,"PACK AGB"
"20535","20535","fruits, légumes, légumineuses et oléagineux","légumineuses","Lentille corail, sèche","Lentil, pink or red, dried","2",0,"Ambiant (long)","Pas de préparation",5,-0.048822663999999995,1.035852,2.4141808e-8,0.31537815,0.0035349346,3.911447e-8,4.8435213e-9,1.0494828e-9,0.004649274,0.00056997995,0.01339456,0.014471286,117.86576,-2062.0422,0.2137646,14.502902,0.0000065804858,"PACK AGB"
"20510","20510","fruits, légumes, légumineuses et oléagineux","légumineuses","Lentille, cuisinée, appertisée, égouttée","Lentil, seasoned, canned, drained","2",0,"Ambiant (long)","Micro-onde",5,-0.0030116011,1.5866097,3.605316e-8,0.31588795,0.0051347217,7.0230636e-8,8.0982523e-9,4.8950213e-9,0.0059033418,0.00070663967,0.013756751,0.017836112,118.22228,-2029.3193,0.34154366,21.772082,0.0000066549096,"PACK AGB"
"20521","20521","fruits, légumes, légumineuses et oléagineux","légumineuses","Lentille, germée","Lentils, sprouted","2",0,"Ambiant (long)","Pas de préparation",5,-0.048822663999999995,1.035852,2.4141808e-8,0.31537815,0.0035349346,3.911447e-8,4.8435213e-9,1.0494828e-9,0.004649274,0.00056997995,0.01339456,0.014471286,117.86576,-2062.0422,0.2137646,14.502902,0.0000065804858,"PACK AGB"
"20031","20031","fruits, légumes, légumineuses et oléagineux","légumes","Laitue, crue","Lettuce, raw","2",0,"Ambiant (moyen)","Pas de préparation",5,0.086698533,0.900032,3.0235169e-8,0.25924441,0.0027884321,4.2553009e-8,3.3172254e-8,4.7256046e-10,0.0032141143,0.00014130724,0.0023893922,0.011242261,9.8587725,7.825454,0.30458441,14.40246,0.0000056308408,"PACK AGB"
"39700","39700","aides culinaires et ingrédients divers","sauces","Crème anglaise, préemballée","Light custard cream with vanilla, prepacked","2",0,"Glacé","Pas de préparation",5,0.19648158,1.6764479,3.8456541e-8,0.66542313,0.0051072186,1.5134241e-7,2.3873541e-8,7.4878257e-10,0.019556878,0.00023120274,0.0061319935,0.080899729,16.83508,57.062024,0.53956179,26.358063,0.0000064218671,"PACK PROXY"
"20919","20919","aides culinaires et ingrédients divers","ingrédients divers","Sirop léger pour fruits appertisés au sirop","Light syrup for canned fruits in syrup","2",0,"Ambiant (long)","Pas de préparation",5,0.14531466,0.99017738,0.0000020289709,0.16152378,0.0031672547,4.8187484e-8,5.6409868e-9,2.1400159e-10,0.0045489406,0.00016987558,0.0012624626,0.013768329,3.0029781,7.1676189,0.38605948,17.072416,0.000052289079,"PACK PROXY"
"20126","20126","fruits, légumes, légumineuses et oléagineux","légumes","Haricot de Lima, cru","Lima bean, raw","2",0,"Ambiant (moyen)","Pas de préparation",5,0.11322773,0.70576537,2.4773144e-8,0.074807862,0.0051940463,3.3558357e-8,0.0000037848885,1.0104244e-8,0.0050211097,0.00013394774,0.0015609674,0.019412212,77.761206,-5520.2223,0.05796031,8.7984997,0.0000088631651,"PACK AGB"
"13067","13067","fruits, légumes, légumineuses et oléagineux","fruits","Citron vert ou Lime, pulpe, cru","Lime, pulp, raw","2",0,"Ambiant (moyen)","Pas de préparation",5,0.14127344,0.5856593,2.265757e-8,0.049574379,0.0025212656,5.1624122e-8,1.141138e-8,1.6197716e-10,0.0051583411,0.00010226219,0.0017210417,0.020579697,23.94161,25.483376,10.084203,6.5232622,0.0000030042553,"PACK AGB"
"26234","26234","viandes, œufs, poissons","poissons cuits","Julienne ou Lingue, cuite","Ling, cooked","2",0,"Glacé","Four",5,2.4367512000000002,14.971152,0.0000021565617,0.85906355,0.29233644,0.0000030233252,6.1668391e-8,6.670658e-9,0.39103808,0.00069325312,0.096056254,1.0488041,15.250525,20.57012,0.51751326,208.98779,0.000084280085,"PACK PROXY"
"26130","26130","viandes, œufs, poissons","poissons crus","Julienne ou Lingue, crue","Ling, raw","2",0,"Glacé","Pas de préparation",5,1.9688571000000001,12.188752,0.0000017640754,0.28003355,0.23912983,0.0000024713049,4.7505226e-8,5.4092627e-9,0.31970158,0.00052943654,0.078563124,0.85806833,12.058341,16.31433,0.39493123,161.74181,0.000065558231,"PACK PROXY"
"17180","17180","matières grasses","huiles et graisses végétales","Huile de lin","Linseed oil","2",0,"Ambiant (long)","Pas de préparation",5,0.60789554,4.2904196,6.1377868e-8,0.47786616,0.015676839,4.4004394e-7,1.2904631e-7,5.2324786e-9,0.057455638,0.0018280118,0.035691651,0.23219391,42.617869,607.91609,2.9297995,46.258075,0.000016879506,"PACK AGB"
"1003","1003","boissons","boisson alcoolisées","Liqueur","Liqueur","2",0,"Ambiant (long)","Réfrigéré chez le consommateur",5,0.48273457999999997,3.2529612,6.4365927e-8,0.79343742,0.014405099,2.3158473e-7,1.0918977e-7,2.4657757e-9,0.023629313,0.00097052392,0.022348937,0.085994288,182.01004,374.98474,1.5895071,51.362424,0.000034996052,"PACK PROXY"
"19415","19415","lait et produits laitiers","crèmes et spécialités à base de crème","Crème de lait, 30% MG, semi-épaisse, UHT","Liquid cream 30% fat, UHT","2",0,"Ambiant (long)","Pas de préparation",5,0.32846148999999997,3.085498,3.0626344e-8,0.25660585,0.0065295876,3.3438007e-7,5.5980196e-8,1.5187576e-9,0.047517466,0.00023678113,0.01095618,0.20327295,29.048292,118.5266,0.38697973,17.588706,0.0000070845673,"PACK AGB"
"19430","19430","lait et produits laitiers","crèmes et spécialités à base de crème","Crème de lait, 15 à 20% MG, légère, semi-épaisse, UHT","Liquid cream, light, 15-20% fat, UHT","2",0,"Ambiant (long)","Pas de préparation",5,0.2423141,2.3002929,2.6852615e-8,0.23336723,0.0050384488,2.3956981e-7,4.0226904e-8,1.1396097e-9,0.033474492,0.00019625741,0.0077402927,0.14244808,20.674368,85.011085,0.30139644,15.468508,0.0000055688456,"PACK AGB"
"12037","12037","lait et produits laitiers","fromages","Livarot","Livarot cheese, from cow's milk","2",0,"Glacé","Pas de préparation",5,0.46534231,4.2700034,4.3751367e-8,0.49055042,0.0092353775,4.6600023e-7,7.8691786e-8,2.0384613e-9,0.066653543,0.00047863581,0.016374552,0.28406937,41.190846,162.67437,0.48203609,25.58881,0.000010570679,"PACK AGB"
"30176","30176","viandes, œufs, poissons","charcuteries","Saucisse de foie","Liver sausage","2",0,"Glacé","Four",5,1.7420364,11.634097,7.7529876e-8,1.4690913,0.019657582,0.0000010746515,0.0000035573585,1.9483884e-8,0.15486082,0.00097495759,0.048293303,0.67135396,106.11785,1263.0679,1.5402562,62.240231,0.000025003146,"PACK AGB"
"40107","40107","viandes, œufs, poissons","viandes cuites","Foie, veau, cuit","Liver, calf, cooked","2",0,"Glacé","Four",5,1.4934041,14.914643,2.1619525e-7,1.9510069,0.031379269,0.0000012272361,1.9883869e-7,8.3107651e-9,0.16914436,0.0014442289,0.056209107,0.71153278,138.89534,720.40849,2.3920482,126.39424,0.000041578257,"PACK AGB"
"40106","40106","viandes, œufs, poissons","viandes crues","Foie, veau, cru","Liver, calf, raw","2",0,"Glacé","Pas de préparation",5,1.0656843,10.816795,1.5588441e-7,1.0460877,0.022641025,8.9115824e-7,1.4239135e-7,6.0152359e-9,0.12291494,0.0010195087,0.040915347,0.51833067,100.94694,525.10033,1.719381,83.827189,0.000027247657,"PACK AGB"
"40116","40116","viandes, œufs, poissons","viandes cuites","Foie, poulet, cuit","Liver, chicken, cooked","2",0,"Glacé","Four",5,0.28046526000000005,1.9916797,4.6090613e-8,0.86628851,0.0081749671,2.2948711e-7,2.8496345e-8,1.2287051e-9,0.030017622,0.00032385283,0.0080681074,0.12172973,42.837162,64.777161,0.5530545,36.73413,0.000013567429,"PACK AGB"
"40111","40111","viandes, œufs, poissons","viandes crues","Foie, poulet, cru","Liver, chicken, raw","2",0,"Glacé","Pas de préparation",5,0.18078460000000002,1.3888454,3.1784553e-8,0.2547313,0.0057123243,1.6325033e-7,1.8118078e-8,8.485183e-10,0.021415013,0.00020213822,0.0057940765,0.0880398,30.867681,46.784431,0.37774293,18.415648,0.0000068123542,"PACK AGB"
"40121","40121","viandes, œufs, poissons","viandes crues","Foie, canard, cru","Liver, duck, raw","2",0,"Glacé","Pas de préparation",5,3.1112018999999997,17.475939,3.0488067e-7,3.726555,0.052035337,0.0000037007942,2.2267613e-7,1.4162336e-8,0.53287062,0.0036770108,0.1117672,2.3103893,375.69431,1222.515,5.1179256,191.01697,0.000060064457,"PACK AGB"
"40120","40120","viandes, œufs, poissons","viandes crues","Foie, oie, cru","Liver, goose, raw","2",0,"Glacé","Pas de préparation",5,0.18078460000000002,1.3888454,3.1784553e-8,0.2547313,0.0057123243,1.6325033e-7,1.8118078e-8,8.485183e-10,0.021415013,0.00020213822,0.0057940765,0.0880398,30.867681,46.784431,0.37774293,18.415648,0.0000068123542,"PACK AGB"
"40103","40103","viandes, œufs, poissons","viandes cuites","Foie, agneau, cuit","Liver, lamb, cooked","2",0,"Glacé","Four",5,2.8915795,21.761439,1.1758643e-7,1.1991986,0.0421112,0.0000035332268,4.9305356e-7,1.0858732e-8,0.51980913,0.0011977702,0.10657852,2.3114444,98.247978,1725.8143,2.6276818,70.95933,0.000039915479,"PACK AGB"
"40102","40102","viandes, œufs, poissons","viandes crues","Foie, agneau, cru","Liver, lamb, raw","2",0,"Glacé","Pas de préparation",5,2.0857232,15.811875,8.3944333e-8,0.49760587,0.030470506,0.000002573494,3.5703584e-7,7.8741057e-9,0.37874245,0.00083970475,0.077662354,1.6855464,71.292647,1258.5942,1.8912875,43.384646,0.000026034577,"PACK AGB"
"40113","40113","viandes, œufs, poissons","viandes cuites","Foie, porc, cuit","Liver, pork, cooked","2",0,"Glacé","Four",5,0.48925197000000004,3.8184771,5.3763369e-8,1.2166171,0.01038426,4.1172801e-7,4.6261832e-8,2.2505257e-9,0.056807612,0.00055254494,0.015550756,0.2363839,98.520455,186.18354,0.94137569,46.381748,0.000017574938,"PACK AGB"
"40119","40119","viandes, œufs, poissons","viandes crues","Foie, porc, cru","Liver, pork, raw","2",0,"Glacé","Pas de préparation",5,0.33310496,2.7215857,3.7382212e-8,0.51031354,0.0073241142,2.962042e-7,3.1078891e-8,1.5939877e-9,0.040959653,0.00036898057,0.011253043,0.17168576,71.491432,135.35647,0.6610427,25.454069,0.0000097360327,"PACK AGB"
"40108","40108","viandes, œufs, poissons","viandes crues","Foie, volaille, cru","Liver, poultry, raw","2",0,"Glacé","Pas de préparation",5,0.18078460000000002,1.3888454,3.1784553e-8,0.2547313,0.0057123243,1.6325033e-7,1.8118078e-8,8.485183e-10,0.021415013,0.00020213822,0.0057940765,0.0880398,30.867681,46.784431,0.37774293,18.415648,0.0000068123542,"PACK AGB"
"40110","40110","viandes, œufs, poissons","viandes crues","Foie, lapin, cru","Liver, rabbit, raw","2",0,"Glacé","Pas de préparation",5,0.18078460000000002,1.3888454,3.1784553e-8,0.2547313,0.0057123243,1.6325033e-7,1.8118078e-8,8.485183e-10,0.021415013,0.00020213822,0.0057940765,0.0880398,30.867681,46.784431,0.37774293,18.415648,0.0000068123542,"PACK AGB"
"40118","40118","viandes, œufs, poissons","viandes cuites","Foie, dinde, cuit","Liver, turkey, cooked","2",0,"Glacé","Four",5,0.28046526000000005,1.9916797,4.6090613e-8,0.86628851,0.0081749671,2.2948711e-7,2.8496345e-8,1.2287051e-9,0.030017622,0.00032385283,0.0080681074,0.12172973,42.837162,64.777161,0.5530545,36.73413,0.000013567429,"PACK AGB"
"40115","40115","viandes, œufs, poissons","viandes crues","Foie, dinde, cru","Liver, turkey, raw","2",0,"Glacé","Pas de préparation",5,0.18078460000000002,1.3888454,3.1784553e-8,0.2547313,0.0057123243,1.6325033e-7,1.8118078e-8,8.485183e-10,0.021415013,0.00020213822,0.0057940765,0.0880398,30.867681,46.784431,0.37774293,18.415648,0.0000068123542,"PACK AGB"
"40105","40105","viandes, œufs, poissons","viandes cuites","Foie, génisse, cuit","Liver, young cow, cooked","2",0,"Glacé","Four",5,3.7260701999999997,29.813546,1.1754259e-7,1.3551669,0.046191725,0.0000030236854,0.0000050199216,3.1547419e-8,0.44441516,0.001695656,0.10854471,1.9524125,135.47551,2944.0111,2.6773109,82.640517,0.000047792864,"PACK AGB"
"40104","40104","viandes, œufs, poissons","viandes crues","Foie, génisse, cru","Liver, young cow, raw","2",0,"Glacé","Pas de préparation",5,2.694526,21.686291,8.3912352e-8,0.61139255,0.033447453,0.000002201758,0.0000036596128,2.2967539e-8,0.32373878,0.0012029374,0.079096795,1.4236146,98.451998,2147.3299,1.9274944,51.906657,0.000031781524,"PACK AGB"
"10009","10009","viandes, œufs, poissons","mollusques et crustacés cuits","Homard, bouilli/cuit à l'eau","Lobster, boiled/cooked in water","2",0,"Glacé","Cuisson à l'eau",5,5.6022808,41.817645,0.0000013908162,3.2590209,0.42873167,0.0000039285,5.8036947e-7,1.5985565e-8,0.52399165,0.0082461377,0.13606325,1.443648,135.09883,87.856857,2.9493852,629.20355,0.00091145135,"PACK AGB"
"20534","20534","fruits, légumes, légumineuses et oléagineux","légumineuses","Lupin, graine crue","lupin grain, raw","2",0,"Ambiant (long)","Pas de préparation",5,0.12143986000000001,0.74089095,2.9612815e-8,0.31112993,0.0022807116,3.2963312e-8,1.254383e-8,1.7204904e-9,0.0029094056,0.00037796718,0.014242745,0.0086740909,7.5274239,258.6774,0.15501562,13.057763,0.0000057384465,"PACK AGB"
"13023","13023","fruits, légumes, légumineuses et oléagineux","fruits","Litchi, pulpe, cru","Lychee, pulp, raw","2",0,"Ambiant (moyen)","Pas de préparation",5,0.15147971,0.64035031,2.5551597e-8,0.05763228,0.0032380597,5.5921332e-8,9.3698099e-9,1.7630821e-10,0.0047497894,0.00010406266,0.0027028429,0.016014699,3.3950956,22.72772,11.824243,7.4083471,0.0000033792618,"PACK AGB"
"15027","15027","fruits, légumes, légumineuses et oléagineux","fruits à coque et graines oléagineuses","Noix de macadamia","Macadamia nut","2",0,"Ambiant (long)","Pas de préparation",5,0.37545291999999997,2.3739067,1.0594531e-7,0.37131913,0.0095466873,8.4787913e-8,5.6188347e-8,1.4358274e-9,0.013259362,0.00058706318,0.0071717134,0.042227556,119.95505,418.09291,7.3779516,32.429773,0.000041187573,"PACK PROXY"
"15043","15043","fruits, légumes, légumineuses et oléagineux","fruits à coque et graines oléagineuses","Noix de macadamia, grillée, salée","Macadamia nut, grilled, salted","2",0,"Ambiant (long)","Pas de préparation",5,0.37545291999999997,2.3739067,1.0594531e-7,0.37131913,0.0095466873,8.4787913e-8,5.6188347e-8,1.4358274e-9,0.013259362,0.00058706318,0.0071717134,0.042227556,119.95505,418.09291,7.3779516,32.429773,0.000041187573,"PACK PROXY"
"23024","23024","produits céréaliers","gâteaux et pâtisseries","Macaron moelleux fourré à la confiture ou à la crème","Macaron filled with jam or cream","2",0,"Ambiant (long)","Pas de préparation",5,0.9734723,6.1850323,0.0000018011465,0.69675613,0.017442546,4.2693353e-7,2.5524693e-7,2.8988264e-9,0.048113499,0.0010420775,0.024907839,0.19591818,57.550692,322.75938,44.056583,47.882164,0.000064234148,"PACK PROXY"
"23027","23027","produits céréaliers","céréales de petit-déjeuner et biscuits","Macaron sec","Macaroon","2",0,"Ambiant (long)","Pas de préparation",5,1.0339723,2.0236026,6.6173858e-8,0.63576852,0.014830196,4.4010356e-7,3.89786e-7,1.2737198e-9,0.044816115,0.00083358923,0.018717609,0.1810041,66.06483,220.84291,75.067224,48.370242,0.000029918222,"PACK PROXY"
"26097_2","26097_2","viandes, œufs, poissons","produits à base de poissons et produits de la mer","Maquereau, filet au vin blanc, appertisé","Mackerel fillet, white wine and aromatics, canned","2",0,"Ambiant (long)","Pas de préparation",5,0.31080123,2.7684806,9.6130992e-8,0.75699725,0.021095828,2.6391746e-7,2.6539388e-8,2.9558046e-9,0.027791099,0.00055493046,0.0071408905,0.069102142,14.088526,23.508378,0.31798974,49.578279,0.000011635488,"PACK AGB"
"26123","26123","viandes, œufs, poissons","produits à base de poissons et produits de la mer","Maquereau, au naturel, appertisé, égoutté","Mackerel, canned in brine, drained","2",0,"Ambiant (long)","Pas de préparation",5,0.5334709,4.4771304,2.2180694e-7,0.6398756,0.046748944,5.1116022e-7,3.9396068e-8,2.9757857e-9,0.060363025,0.00088246126,0.01496298,0.15654279,12.67307,19.367788,0.43196325,68.532262,0.000020662427,"PACK AGB"
"26096_2","26096","viandes, œufs, poissons","produits à base de poissons et produits de la mer","Maquereau, filet sauce moutarde, appertisé","Mackerel, fillet, in mustard sauce, canned","2",0,"Ambiant (long)","Pas de préparation",5,0.28879347,2.4869986,9.3087616e-8,0.59368398,0.020142101,2.3578202e-7,2.4504583e-8,2.4289235e-9,0.027327585,0.00057625894,0.0081317966,0.071134153,14.758883,43.931339,0.50574509,41.311453,0.000011024343,"PACK AGB"
"26096_1","26096_1","viandes, œufs, poissons","produits à base de poissons et produits de la mer","Maquereau, filet sauce moutarde, appertisé, égoutté","Mackerel, fillet, in mustard sauce, canned, drained","2",0,"Ambiant (long)","Pas de préparation",5,0.52475792,4.5190384,1.6914264e-7,1.0788601,0.036598875,4.2842363e-7,4.453625e-8,4.41348e-9,0.049654984,0.0010476855,0.014789295,0.12925341,26.854277,79.824023,0.9132405,75.066963,0.000020032474,"PACK AGB"
"26086_2","26086_2","viandes, œufs, poissons","produits à base de poissons et produits de la mer","Maquereau, filet sauce tomate, appertisé","Mackerel, fillet, in tomato sauce, canned","2",0,"Ambiant (long)","Pas de préparation",5,0.37541935,3.1506899,1.5609215e-7,0.45029951,0.032898624,3.5971866e-7,2.7724186e-8,2.094149e-9,0.042479258,0.00062101426,0.010529894,0.11016382,8.9184163,13.629689,0.3039854,48.228193,0.000014540765,"PACK AGB"
"26086_1","26086","viandes, œufs, poissons","produits à base de poissons et produits de la mer","Maquereau, filet sauce tomate, appertisé, égoutté","Mackerel, fillet, in tomato sauce, canned, drained","2",0,"Ambiant (long)","Pas de préparation",5,0.53348126,4.4772135,2.2180819e-7,0.6399456,0.046749292,5.1116417e-7,3.9401933e-8,2.9758504e-9,0.060363416,0.00088278112,0.014970076,0.15654415,12.692264,19.368189,0.42903764,68.534342,0.000020663064,"PACK AGB"
"26097_1","26097","viandes, œufs, poissons","produits à base de poissons et produits de la mer","Maquereau, filet au vin blanc, appertisé, égoutté","Mackerel, fillet, in white wine, canned, drained","2",0,"Ambiant (long)","Pas de préparation",5,0.5190545400000001,4.623495,1.6054075e-7,1.2642968,0.035230587,4.4074846e-7,4.433011e-8,4.9362966e-9,0.046411757,0.00092724292,0.011936579,0.11540274,23.558384,39.259628,0.52638691,82.799036,0.000019432281,"PACK AGB"
"26020","26020","viandes, œufs, poissons","poissons cuits","Maquereau, frit","Mackerel, fried","2",0,"Glacé","Poêle",5,0.45430877000000003,3.4288727,0.0000019572003,0.38446209,0.039210845,3.9639625e-7,2.1092256e-8,1.0910813e-9,0.049079903,0.00029545852,0.012505151,0.13384692,6.5319773,12.776728,0.20963788,50.415222,0.000055126883,"PACK PROXY"
"26186","26186","viandes, œufs, poissons","produits à base de poissons et produits de la mer","Maquereau, mariné","Mackerel, marinated","2",0,"Glacé","Pas de préparation",5,0.37569731,2.8091975,0.0000018773624,0.2247957,0.032187711,3.2551352e-7,1.7080639e-8,8.5523338e-10,0.040181751,0.00024049798,0.010131629,0.1093312,4.7431921,7.8412008,0.1765857,39.458909,0.000051237627,"PACK PROXY"
"26051","26051","viandes, œufs, poissons","poissons crus","Maquereau, cru","Mackerel, raw","2",0,"Glacé","Pas de préparation",5,0.36035928,2.7092366,0.000001599102,0.2202451,0.031887835,3.2248737e-7,1.6317385e-8,8.328054e-10,0.039905648,0.00022423497,0.010063578,0.10878528,4.506682,7.5868229,0.16164674,37.962977,0.000044260978,"PACK PROXY"
"26019","26019","viandes, œufs, poissons","poissons cuits","Maquereau, rôti/cuit au four","Mackerel, roasted/baked","2",0,"Glacé","Four",5,0.47268199000000005,3.3961135,0.0000019551196,0.78605838,0.039281936,3.9949439e-7,2.3586229e-8,1.0825381e-9,0.049391008,0.0003205843,0.012414334,0.13388603,6.0295114,9.9133274,0.23265936,57.846656,0.000058274903,"PACK PROXY"
"26087","26087","viandes, œufs, poissons","poissons cuits","Maquereau, fumé","Mackerel, smoked","2",0,"Glacé","Pas de préparation",5,0.35706038,2.6957973,0.0000015988449,0.17046044,0.031853882,3.219325e-7,1.5960886e-8,8.2635902e-10,0.039841263,0.000219656,0.010050039,0.10868254,4.4522325,7.5240585,0.15823633,36.85078,0.000043853393,"PACK PROXY"
"11121","11121","aides culinaires et ingrédients divers","sauces","Sauce madère, préemballée","Madeira wine sauce, prepacked","2",0,"Glacé","Micro-onde",5,0.8511989999999999,5.5008085,9.3465331e-7,0.90354,0.0099886597,4.5989441e-7,0.0000017401275,1.2114294e-8,0.064629401,0.00051075817,0.022777206,0.27833166,43.767097,606.47971,0.74130404,38.494442,0.000032974666,"PACK PROXY"
"24632","24632","produits céréaliers","gâteaux et pâtisseries","Madeleine ordinaire, préemballée","Madeleine biscuit (cookie)","2",0,"Ambiant (long)","Pas de préparation",5,0.23598352,1.6177939,3.1268808e-8,0.5655376,0.0060316769,1.6987568e-7,2.7305204e-8,1.2078505e-9,0.022673059,0.00033836278,0.010779131,0.095057661,33.772743,151.24532,1.7459127,24.327788,0.0000071284295,"PACK PROXY"
"24631","24631","produits céréaliers","gâteaux et pâtisseries","Madeleine chocolatée, préemballée","Madeleine biscuit, with chocolate, prepacked","2",0,"Ambiant (long)","Pas de préparation",5,0.5221171,7.3807544,3.0158607e-8,0.65045866,0.014354624,2.9592607e-7,3.877696e-8,3.3797477e-9,0.03905205,0.0008449829,0.023804497,0.16442438,40.793236,313.71605,0.99270215,36.266572,0.0000089943291,"PACK PROXY"
"24630","24630","produits céréaliers","gâteaux et pâtisseries","Madeleine traditionnelle, pur beurre","Madeleine cake, pure butter","2",0,"Ambiant (long)","Pas de préparation",5,0.3589058,2.6683178,3.8095615e-8,0.62537429,0.0081142932,2.9295861e-7,7.3565766e-8,2.2391392e-9,0.040882944,0.00040024011,0.015008651,0.1733699,64.852372,155.50995,1.9617414,27.790329,0.0000095398464,"PACK PROXY"
"9641","9641","aides culinaires et ingrédients divers","ingrédients divers","Son de maïs","Maize/corn bran","2",0,"Ambiant (long)","Pas de préparation",5,0.049815348,0.36761047,6.1191566e-9,0.1011625,0.0013535726,4.1007464e-8,7.2832516e-9,3.1298971e-10,0.0045875595,0.000071259923,0.0018772497,0.01742354,8.593471,26.762648,0.17308254,5.7146017,0.0000018655747,"PACK PROXY"
"9545","9545","produits céréaliers","farines et pâtes à tarte","Farine de maïs","Maize/corn flour","2",0,"Ambiant (long)","Pas de préparation",5,0.11223959,0.79246609,1.1823388e-8,0.20337099,0.0029290549,9.2187015e-8,1.65961e-8,7.5179451e-10,0.010946923,0.00018350227,0.0047399498,0.041601501,21.077153,65.368704,0.42930988,11.301606,0.0000039382817,"PACK PROXY"
"17190","17190","matières grasses","huiles et graisses végétales","Huile de maïs","Maize/corn oil","2",0,"Ambiant (long)","Pas de préparation",5,0.38625549,2.6041184,2.5018057e-7,0.37713405,0.0098194666,2.9638172e-7,5.8073506e-8,2.9109852e-9,0.042853756,0.00062845526,0.017288542,0.16522505,82.611336,256.31697,1.7321746,31.241427,0.000013158789,"PACK AGB"
"9510","9510","produits céréaliers","farines et pâtes à tarte","Amidon de maïs ou fécule de maïs","Maize/corn starch","2",0,"Ambiant (long)","Pas de préparation",5,0.20770559,1.5175738,2.2800633e-8,0.17525087,0.005898941,1.208089e-7,1.5307568e-8,5.3812514e-10,0.012818135,0.00051977094,0.0060022805,0.045708553,39.108037,92.587225,4.1302259,18.005273,0.000014666438,"PACK PROXY"
"13024_1","13024","fruits, légumes, légumineuses et oléagineux","fruits","Mandarine, pulpe, crue","Mandarin, pulp, raw","2",0,"Ambiant (moyen)","Pas de préparation",5,0.19079783,0.72164447,2.718913e-8,0.054752565,0.0036871438,1.1095331e-7,2.3462166e-8,3.0314133e-10,0.010839524,0.00015693059,0.0037545497,0.044892025,36.330144,47.13602,11.089697,8.8443792,0.0000040820845,"PACK AGB"
"2023","2023","boissons","boissons sans alcool","Jus de mangue, frais","Mango juice, fresh","2",0,"Ambiant (long)","Pas de préparation",5,0.080121241,0.6250668,5.1906089e-7,0.15506222,0.0025437041,3.8871662e-8,4.4049859e-9,1.4627586e-10,0.004011341,0.00010515432,0.0017626709,0.014038768,3.1134318,23.864856,0.56990943,10.260274,0.000015116796,"PACK PROXY"
"2370","2370","boissons","boissons sans alcool","Nectar de mangue","Mango nectar","2",0,"Ambiant (long)","Pas de préparation",5,0.090315175,0.75669675,5.3893432e-7,0.15670754,0.0032193659,3.937021e-8,7.2510794e-9,1.926031e-10,0.0040375723,0.00012062834,0.0021330634,0.01335449,3.8772071,34.757645,0.65592972,11.398792,0.000015980671,"PACK PROXY"
"13025_1","13025","fruits, légumes, légumineuses et oléagineux","fruits","Mangue importée par bateau, pulpe, crue","Mango, pulp, raw","2",0,"Ambiant (moyen)","Pas de préparation",5,0.064367925,0.54408895,2.1621907e-8,0.057161123,0.0021761014,4.0423665e-8,9.1622044e-9,2.1152452e-10,0.003858475,0.000091021714,0.0013899856,0.01405484,9.3759793,51.32054,0.74573561,6.4635684,0.0000045452245,"PACK AGB"
"13025_2","13025","fruits, légumes, légumineuses et oléagineux","fruits","Mangue importée par avion, pulpe, crue","Mango, pulp, raw (Brazil by plane)","2",1,"Ambiant (moyen)","Pas de préparation",5,0.81987597,11.801222,1.9235924e-7,0.10421588,0.069191076,1.648501e-7,1.223434e-7,8.7377761e-10,0.050998709,0.00027402223,0.01973883,0.22316989,19.981372,41.508659,0.91952376,155.62016,0.0000082904751,"PACK AGB"
"23925","23925","produits céréaliers","gâteaux et pâtisseries","Gâteau marbré","Marble cake","2",0,"Ambiant (long)","Pas de préparation",5,0.39215963,3.7213771,5.4738376e-8,0.60428486,0.010270811,3.0483076e-7,4.4280633e-8,1.6388318e-9,0.041779862,0.00040619184,0.013217578,0.17476968,36.939647,129.88983,1.2578104,44.244101,0.00001135065,"PACK PROXY"
"11034","11034","aides culinaires et ingrédients divers","herbes","Marjolaine, séchée","Marjoram, dried","2",0,"Ambiant (long)","Pas de préparation",5,0.46775326,2.707072,8.8039644e-8,0.32162004,0.01141475,2.7179068e-7,4.2255253e-8,6.8579431e-10,0.032074862,0.0005650429,0.016093499,0.12408767,22.458512,142.79786,20.143903,37.294694,0.000010542717,"PACK PROXY"
"31039","31039","produits sucrés","confitures et assimilés","Marmelade d'orange","Marmalade, orange","2",0,"Ambiant (long)","Pas de préparation",5,0.18353613000000002,1.4122773,2.0127708e-8,0.64223647,0.0053473585,1.0246847e-7,1.5615197e-8,9.6147245e-10,0.01030491,0.00022750249,0.0037090334,0.035308399,15.275984,25.697325,4.4305465,28.606153,0.0000048655849,"PACK AGB"
"12030","12030","lait et produits laitiers","fromages","Maroilles fermier","Maroilles ""fermier"" cheese","2",0,"Glacé","Pas de préparation",5,0.47712119000000003,4.3763134,4.4864744e-8,0.49039529,0.0094407256,4.7919678e-7,8.0936016e-8,2.1055386e-9,0.068632129,0.00048131269,0.016794406,0.29268033,42.435004,167.56635,0.49839448,25.765373,0.000010777463,"PACK AGB"
"12029","12029","lait et produits laitiers","fromages","Maroilles laitier","Maroilles ""laitier"" cheese","2",0,"Glacé","Pas de préparation",5,0.46796852,4.2938802,4.4684335e-8,0.49195968,0.0092939742,4.6855965e-7,7.9161216e-8,2.065254e-9,0.06702729,0.00048129167,0.016449821,0.2856567,41.490302,163.69103,0.48842287,25.713504,0.000010630844,"PACK AGB"
"25623","25623","entrées et plats composés","pizzas, tartes et crêpes salées","Tarte au maroilles ou Flamiche au maroilles","Maroilles cheese tart or maroilles cheese flamiche","2",0,"Glacé","Four",5,0.48518816000000003,3.9102527,1.5667941e-7,1.3948984,0.010155254,4.2056029e-7,7.3744152e-8,2.3274594e-9,0.05787156,0.00058989189,0.015450448,0.24242805,41.998688,184.49227,0.62603542,49.09392,0.000018640326,"PACK AGB"
"12036","12036","lait et produits laitiers","fromages","Maroilles, sans précision","Maroilles cheese, from cow's milk","2",0,"Glacé","Pas de préparation",5,0.47618014000000003,4.3678379,4.4846195e-8,0.49055613,0.0094256371,4.7810311e-7,8.0753537e-8,2.1013967e-9,0.068467124,0.00048131052,0.016758977,0.29195818,42.337873,167.1679,0.49736923,25.76004,0.000010762388,"PACK AGB"
"1015","1015","boissons","boisson alcoolisées","Marsala","Marsala wine","2",0,"Ambiant (long)","Réfrigéré chez le consommateur",5,0.18567683999999998,1.5043537,2.3323544e-8,0.41559159,0.0059581875,8.9597673e-8,4.1608338e-8,8.7831156e-10,0.0083234295,0.00023862204,0.007656516,0.026534428,65.548637,129.39305,0.3353016,23.841993,0.000010907798,"PACK PROXY"
"4035","4035","fruits, légumes, légumineuses et oléagineux","pommes de terre et autres tubercules","Pomme de terre noisette, surgelée, cuite","Mashed potato balls pre-fried, frozen, cooked","2",0,"Congelé","Four",5,0.5454346200000001,4.4089548,6.6469723e-8,2.3233455,0.01058708,4.3224271e-7,8.4482177e-8,2.0436663e-9,0.06035243,0.00053610648,0.015916569,0.25287863,40.170013,153.15871,0.72759387,70.666792,0.000020780652,"PACK PROXY"
"4013","4013","fruits, légumes, légumineuses et oléagineux","pommes de terre et autres tubercules","Pomme de terre noisette, surgelée, crue","Mashed potato balls pre-fried, frozen, raw","2",0,"Congelé","Pas de préparation",5,0.36014102,3.0347995,4.4912218e-8,1.268582,0.0071934061,2.9956542e-7,5.6763508e-8,1.3892531e-9,0.041921713,0.00034367384,0.011090281,0.17686758,27.843206,107.11358,0.48624099,41.561131,0.000011624427,"PACK PROXY"
"4041","4041","entrées et plats composés","plats composés","Aligot (purée de pomme de terre à la tomme fraîche)","Mashed potatoes w fresh tome cheese","2",0,"Glacé","Micro-onde",5,0.42515004,3.6078691,0.0000015051174,0.86795346,0.0093467806,3.1121593e-7,5.9524168e-8,1.5320468e-9,0.041963007,0.00052011366,0.011071956,0.17332777,29.101095,113.97015,0.62919277,42.754479,0.000046304893,"PACK AGB"
"11054","11054","aides culinaires et ingrédients divers","sauces","Mayonnaise (70% MG min.)","Mayonnaise (70% fat and more)","2",0,"Glacé","Pas de préparation",5,0.47342892,2.985598,9.7323069e-7,0.88632662,0.011993801,2.7112264e-7,7.8552388e-8,2.5740629e-9,0.036000941,0.00076106296,0.020027605,0.14732242,79.426881,398.07754,4.5135567,43.309892,0.000033863159,"PACK AGB"
"11205","11205","aides culinaires et ingrédients divers","sauces","Sauce rouille, préemballée","Mayonnaise flavoured with garlic, chilli pepper and fish broth, prepacked","2",0,"Ambiant (long)","Pas de préparation",5,0.41733187,2.5913932,8.7401937e-7,0.70885128,0.010372818,2.420607e-7,7.0298751e-8,2.3160989e-9,0.032197912,0.00067086917,0.018035827,0.13194561,71.830918,361.64388,4.0922044,36.357212,0.000029712619,"PACK AGB"
"11079","11079","aides culinaires et ingrédients divers","sauces","Mayonnaise à teneur réduite en matière grasse ou Mayonnaise allégée","Mayonnaise, reduced fat or light mayonnaise","2",0,"Glacé","Pas de préparation",5,0.47342892,2.985598,9.7323069e-7,0.88632662,0.011993801,2.7112264e-7,7.8552388e-8,2.5740629e-9,0.036000941,0.00076106296,0.020027605,0.14732242,79.426881,398.07754,4.5135567,43.309892,0.000033863159,"PACK AGB"
"42000","42000","aides culinaires et ingrédients divers","denrées destinées à une alimentation particulière","Substitut de repas hypocalorique, crème dessert","Meal replacement low calorie, Custard cream dessert-type","2",0,"Glacé","Pas de préparation",5,0.25040584,2.646495,6.0566394e-8,0.88299541,0.0074181865,1.330707e-7,2.8802836e-8,8.2307972e-10,0.017023763,0.00030560618,0.0053875219,0.065787112,16.498276,46.316174,0.73071875,46.517061,0.000009187033,"PACK PROXY"
"42004","42004","aides culinaires et ingrédients divers","denrées destinées à une alimentation particulière","Substitut de repas hypocalorique, poudre reconstituée avec lait écrémé","Meal replacement low calorie, in powder, reconstituted with skimmed milk","2",0,"Glacé","Pas de préparation",5,0.25040584,2.646495,6.0566394e-8,0.88299541,0.0074181865,1.330707e-7,2.8802836e-8,8.2307972e-10,0.017023763,0.00030560618,0.0053875219,0.065787112,16.498276,46.316174,0.73071875,46.517061,0.000009187033,"PACK PROXY"
"42005","42005","aides culinaires et ingrédients divers","denrées destinées à une alimentation particulière","Substitut de repas hypocalorique, poudre reconstituée avec lait écrémé, type milk-shake","Meal replacement low calorie, in powder, reconstituted with skimmed milk, milkshake type","2",0,"Glacé","Pas de préparation",5,0.25040584,2.646495,6.0566394e-8,0.88299541,0.0074181865,1.330707e-7,2.8802836e-8,8.2307972e-10,0.017023763,0.00030560618,0.0053875219,0.065787112,16.498276,46.316174,0.73071875,46.517061,0.000009187033,"PACK PROXY"
"42003","42003","aides culinaires et ingrédients divers","denrées destinées à une alimentation particulière","Substitut de repas hypocalorique, prêt à boire","Meal replacement low calorie, ready-to-drink","2",0,"Glacé","Pas de préparation",5,0.25040584,2.646495,6.0566394e-8,0.88299541,0.0074181865,1.330707e-7,2.8802836e-8,8.2307972e-10,0.017023763,0.00030560618,0.0053875219,0.065787112,16.498276,46.316174,0.73071875,46.517061,0.000009187033,"PACK PROXY"
"25211","25211","entrées et plats composés","plats composés","Boulettes au bœuf, à la sauce tomate","Meat balls, beef, with tomato sauce","2",0,"Glacé","Micro-onde",5,0.98809256,6.6606772,1.0184147e-7,0.62624923,0.013579229,5.4471695e-7,0.0000019823683,1.2376799e-8,0.075582638,0.00064038718,0.026537609,0.32368429,75.4132,686.2492,4.1347919,41.331885,0.00001611126,"PACK AGB"
"25402","25402","entrées et plats composés","feuilletées et autres entrées","Feuilleté ou Friand à la viande","Meat in puff pastry","2",0,"Glacé","Four",5,2.0093861000000004,13.633632,7.7576034e-8,1.5732743,0.022283686,0.0000012466778,0.0000041641367,2.5106445e-8,0.18047453,0.0010108762,0.056488621,0.78543822,84.847069,1452.8294,1.5854993,68.395488,0.000027339273,"PACK PROXY"
"25551","25551","entrées et plats composés","feuilletées et autres entrées","Beignet de viande, volaille ou poisson, fait maison","Meat, poultry or fish fritters, home-made","2",0,"Glacé","Four",5,0.49563894,3.6260517,6.9501678e-8,1.2601243,0.013646532,4.0562127e-7,5.3273345e-8,2.3935465e-9,0.055412963,0.00058218807,0.017073749,0.22932761,77.645239,146.23773,0.94603796,58.34911,0.000020052493,"PACK PROXY"
"26206","26206","viandes, œufs, poissons","poissons crus","Bar commun ou loup (Méditerranée), cru, élevage","Mediterranean bass, raw, farmed","2",0,"Glacé","Pas de préparation",5,1.9980886,12.822659,0.0000015610333,1.5136074,0.062680032,7.4794584e-7,2.7538534e-7,5.5437332e-9,0.068529816,0.0012351703,0.56058275,0.24958185,114.99832,369.98448,2.6279663,177.58084,0.00005705798,"PACK PROXY"
"26205","26205","viandes, œufs, poissons","poissons crus","Bar commun ou loup (Méditerranée), cru, sauvage","Mediterranean bass, raw, wild","2",0,"Glacé","Pas de préparation",5,1.6438713,10.196171,0.0000017129659,0.26697857,0.19782995,0.0000020450897,4.038269e-8,4.4949249e-9,0.2642995,0.00045812178,0.06495523,0.70924173,10.288488,13.9341,0.34363322,136.01508,0.000060869168,"PACK PROXY"
"10026","10026","viandes, œufs, poissons","mollusques et crustacés crus","Moule de Méditerranée, crue","Mediterranean mussel, raw","2",0,"Glacé","Pas de préparation",5,0.48688276,5.5221655,1.3609156e-7,0.89597202,0.032774349,1.7781964e-7,3.6217352e-8,1.3246284e-9,0.025119694,0.00086561934,0.010281154,0.10035548,14.424679,246.66807,0.86055719,83.008375,0.000024470327,"PACK PROXY"
"26084","26084","viandes, œufs, poissons","poissons crus","Cardine franche, crue","Megrim, raw","2",0,"Glacé","Pas de préparation",5,1.9688571000000001,12.188752,0.0000017640754,0.28003355,0.23912983,0.0000024713049,4.7505226e-8,5.4092627e-9,0.31970158,0.00052943654,0.078563124,0.85806833,12.058341,16.31433,0.39493123,161.74181,0.000065558231,"PACK PROXY"
"31092","31092","produits sucrés","confiseries non chocolatées","Calissons d'Aix en Provence","Melon and almond Candy on a unleavened bread layer","2",0,"Ambiant (long)","Pas de préparation",5,0.1487985,0.94511837,7.0658508e-7,0.4908101,0.0036619976,8.9701624e-8,4.1652158e-9,2.450548e-10,0.010575922,0.00017875244,0.0039701747,0.042228249,8.824896,25.98955,1.2168539,21.104907,0.000021697467,"PACK PROXY"
"13026","13026","fruits, légumes, légumineuses et oléagineux","fruits","Melon cantaloup (par ex.: Charentais, de Cavaillon) pulpe, cru","Melon, cantaloupe (ex Cavaillon or Charentais melon), pulp, raw","2",0,"Ambiant (moyen)","Pas de préparation",5,0.11466835,1.1276368,3.4536973e-8,0.13551745,0.0037773306,5.0351797e-8,2.2701558e-8,5.7664691e-10,0.0050606379,0.00020671276,0.0045590504,0.01443588,14.736638,27.852452,1.1186118,15.109645,0.0000093653024,"PACK AGB"
"13742","13742","fruits, légumes, légumineuses et oléagineux","fruits","Melon miel ou melon honeydew, pulpe, cru","Melon, honeydew, pulp, raw","2",0,"Ambiant (moyen)","Pas de préparation",5,0.11466835,1.1276368,3.4536973e-8,0.13551745,0.0037773306,5.0351797e-8,2.2701558e-8,5.7664691e-10,0.0050606379,0.00020671276,0.0045590504,0.01443588,14.736638,27.852452,1.1186118,15.109645,0.0000093653024,"PACK AGB"
"30155","30155","viandes, œufs, poissons","charcuteries","Merguez, boeuf et mouton, cuite","Merguez sausage, beef and mutton, cooked","2",0,"Glacé","Four",5,5.0974049,34.889381,1.4548142e-7,1.5391837,0.056572896,0.0000042186099,0.0000081367391,4.7472451e-8,0.61959008,0.0021731324,0.15930756,2.7410194,179.64459,3721.8191,3.8762529,94.971972,0.000055638228,"PACK AGB"
"30156","30156","viandes, œufs, poissons","charcuteries","Merguez, boeuf et mouton, crue","Merguez sausage, beef and mutton, raw","2",0,"Glacé","Pas de préparation",5,5.0647425,34.801403,1.4295814e-7,1.0220574,0.056227857,0.0000042128913,0.0000081330774,4.7406817e-8,0.61892619,0.002126352,0.15918144,2.7399665,179.11799,3721.1697,3.8409736,83.480314,0.000051408546,"PACK AGB"
"30154","30154","viandes, œufs, poissons","charcuteries","Merguez, bœuf, mouton et porc, crue","Merguez sausage, beef, mutton and pork, raw","2",0,"Glacé","Pas de préparation",5,4.3139797,29.181964,1.2494566e-7,1.0808534,0.046597311,0.000003222011,0.0000079892282,4.4797979e-8,0.47172929,0.0019593428,0.13069043,2.0787366,190.64446,3231.949,3.3715448,77.886536,0.000045201613,"PACK AGB"
"30153","30153","viandes, œufs, poissons","charcuteries","Merguez, porc et bœuf, crue","Merguez sausage, pork and beef, raw","2",0,"Glacé","Pas de préparation",5,3.5503833,23.466467,1.0662528e-7,1.1406545,0.03680214,0.0000022141925,0.00000784292,4.2144546e-8,0.32201622,0.0017894786,0.10171238,1.4062036,202.36796,2734.3654,2.8940916,72.197138,0.000038888578,"PACK AGB"
"30152","30152","viandes, œufs, poissons","charcuteries","Merguez, pur bœuf, crue","Merguez sausage, pure beef, raw","2",0,"Glacé","Pas de préparation",5,4.8080346,31.054822,1.123597e-7,0.93065049,0.04436442,0.0000028297737,0.000011824003,6.1559579e-8,0.41363556,0.0020797414,0.13342678,1.8166956,177.64299,3895.1102,3.2361518,72.285873,0.000043836665,"PACK AGB"
"30150","30150","viandes, œufs, poissons","charcuteries","Merguez, crue","Merguez sausage, raw","2",0,"Glacé","Pas de préparation",5,3.5503833,23.466467,1.0662528e-7,1.1406545,0.03680214,0.0000022141925,0.00000784292,4.2144546e-8,0.32201622,0.0017894786,0.10171238,1.4062036,202.36796,2734.3654,2.8940916,72.197138,0.000038888578,"PACK AGB"
"24520","24520","produits céréaliers","céréales de petit-déjeuner et biscuits","Meringue","Meringue","2",0,"Ambiant (long)","Pas de préparation",5,0.27761529,2.2406845,4.1222798e-8,0.56655544,0.0081355776,1.9927056e-7,1.1301735e-8,1.0279814e-9,0.02580107,0.00038881675,0.010393322,0.1058108,34.840009,92.218743,1.8822904,36.433922,0.0000093810787,"PACK PROXY"
"20272","20272","fruits, légumes, légumineuses et oléagineux","légumes","Mesclun ou salade, mélange de jeunes pousses","Mesclun or salads, mix of baby leaves","2",0,"Glacé","Pas de préparation",5,0.12608825,1.0593819,3.2728269e-8,0.86411573,0.0031710943,4.9152859e-8,3.7398928e-8,5.4649638e-10,0.0039780122,0.00019491969,0.0025194571,0.012432198,10.429427,8.579545,0.3455345,27.657972,0.000010566642,"PACK AGB"
"36318","36318","viandes, œufs, poissons","autres produits à base de viande","Dinde, escalope viennoise ou milanaise ou escalope panée","Milanese-style turkey escalope or breaded veal escalope","2",0,"Glacé","Four",5,0.70230748,4.8535115,9.7283391e-8,1.4217836,0.019696149,6.1859307e-7,7.6468672e-8,3.6754156e-9,0.084196309,0.00093368864,0.025307856,0.34888197,129.47115,221.80133,1.3818102,69.69298,0.000026830392,"PACK AGB"
"31004","31004","produits sucrés","chocolats et produits à base de chocolat","Chocolat au lait, tablette","Milk chocolate bar","2",0,"Ambiant (long)","Pas de préparation",5,0.7775649400000001,12.244527,4.4987675e-8,0.55638976,0.022424596,4.1983261e-7,5.5013377e-8,6.0347098e-9,0.052471858,0.0015363581,0.032089258,0.20840709,42.123056,450.56897,1.2318528,48.447869,0.000015205958,"PACK PROXY"
"31084","31084","produits sucrés","chocolats et produits à base de chocolat","Chocolat au lait fourré au praliné, tablette","Milk chocolate bar, filled with praline","2",0,"Ambiant (long)","Pas de préparation",5,0.7775649400000001,12.244527,4.4987675e-8,0.55638976,0.022424596,4.1983261e-7,5.5013377e-8,6.0347098e-9,0.052471858,0.0015363581,0.032089258,0.20840709,42.123056,450.56897,1.2318528,48.447869,0.000015205958,"PACK PROXY"
"31018","31018","produits sucrés","chocolats et produits à base de chocolat","Chocolat au lait aux fruits secs (noisettes, amandes, raisins, praline), tablette","Milk chocolate bar, with dried fruits (nuts, almonds, raisins, praline)","2",0,"Ambiant (long)","Pas de préparation",5,0.91395088,10.523836,4.9738734e-8,0.56675554,0.02184921,4.5207566e-7,1.6300246e-7,5.50224e-9,0.053055283,0.0015157969,0.030567252,0.20916041,46.866112,429.39313,22.95983,48.309613,0.000020708211,"PACK PROXY"
"31009","31009","produits sucrés","chocolats et produits à base de chocolat","Chocolat au lait aux céréales croustillantes, tablette","Milk chocolate bar, with puffed/popped cereals","2",0,"Ambiant (long)","Pas de préparation",5,0.7775649400000001,12.244527,4.4987675e-8,0.55638976,0.022424596,4.1983261e-7,5.5013377e-8,6.0347098e-9,0.052471858,0.0015363581,0.032089258,0.20840709,42.123056,450.56897,1.2318528,48.447869,0.000015205958,"PACK PROXY"
"31020","31020","produits sucrés","chocolats et produits à base de chocolat","Chocolat au lait sans sucres ajoutés, avec édulcorants, tablette","Milk chocolate bar, without sugar, with sweeteners","2",0,"Ambiant (long)","Pas de préparation",5,0.7775649400000001,12.244527,4.4987675e-8,0.55638976,0.022424596,4.1983261e-7,5.5013377e-8,6.0347098e-9,0.052471858,0.0015363581,0.032089258,0.20840709,42.123056,450.56897,1.2318528,48.447869,0.000015205958,"PACK PROXY"
"31079","31079","produits sucrés","chocolats et produits à base de chocolat","Chocolat au lait fourré","Milk chocolate, filled","2",0,"Ambiant (long)","Pas de préparation",5,0.86284291,12.565922,0.0000027677748,0.50285826,0.023012959,3.9775422e-7,5.0505258e-8,4.9606341e-9,0.050954418,0.0013299131,0.032162777,0.2081181,41.043258,451.79991,1.2996268,54.967371,0.000078334416,"PACK PROXY"
"19679","19679","lait et produits laitiers","produits laitiers frais et assimilés","Lait gélifié aromatisé, nappé caramel, rayon frais","Milk jelly, flavoured, covered with caramel, refrigerated","2",0,"Glacé","Pas de préparation",5,0.20448744,1.7000265,5.0457855e-8,0.64501177,0.0053093974,1.5189797e-7,2.1232562e-8,8.012891e-10,0.019395841,0.00029173427,0.0068090983,0.078856761,21.890605,65.895173,0.75280192,27.372385,0.0000069689955,"PACK AGB"
"19683","19683","lait et produits laitiers","produits laitiers frais et assimilés","Lait gélifié aromatisé, allégé en matière grasse et en sucre, rayon frais","Milk jelly, flavoured, reduced fat and sugar, refrigerated","2",0,"Glacé","Pas de préparation",5,0.17657995,1.6096441,4.6948718e-8,0.62183204,0.0042415373,1.346698e-7,2.3412892e-8,5.8398406e-10,0.017166907,0.00021513582,0.0048189779,0.069993861,10.8687,44.204929,0.44393648,25.013975,0.0000057299501,"PACK AGB"
"19680","19680","lait et produits laitiers","produits laitiers frais et assimilés","Lait gélifié aromatisé, rayon frais","Milk jelly, flavoured, refrigerated","2",0,"Glacé","Pas de préparation",5,0.17657995,1.6096441,4.6948718e-8,0.62183204,0.0042415373,1.346698e-7,2.3412892e-8,5.8398406e-10,0.017166907,0.00021513582,0.0048189779,0.069993861,10.8687,44.204929,0.44393648,25.013975,0.0000057299501,"PACK AGB"
"7712","7712","produits céréaliers","pains et viennoiseries","Pain au lait aux pépites de chocolat, préemballé","Milk roll filled with chocolate drops, prepacked","2",0,"Ambiant (court)","Pas de préparation",5,0.27162433,3.3101911,2.1699796e-8,0.51024436,0.0070611414,1.7572747e-7,2.6790445e-8,1.6004601e-9,0.023343894,0.00037991497,0.012023335,0.09889438,18.595397,146.43403,0.47630406,23.857877,0.0000055174264,"PACK PROXY"
"7710","7710","produits céréaliers","pains et viennoiseries","Pain au lait, artisanal","Milk roll, from bakery","2",0,"Ambiant (court)","Pas de préparation",5,0.33019269,2.5081283,0.0000016867606,0.55296899,0.0069407894,2.3013526e-7,3.8415617e-8,1.3517554e-9,0.031239035,0.00032568261,0.01075428,0.12990818,27.739271,109.6291,0.50789333,29.157517,0.000047666331,"PACK PROXY"
"7711","7711","produits céréaliers","pains et viennoiseries","Pain au lait, préemballé","Milk roll, prepacked","2",0,"Ambiant (court)","Pas de préparation",5,0.24861588,2.0675133,2.4027383e-8,0.5284361,0.0056398954,2.1446175e-7,3.4439435e-8,1.2428183e-9,0.029843266,0.00024652779,0.010413827,0.12727901,26.545172,108.39707,0.48536531,22.42823,0.0000062866736,"PACK PROXY"
"19044","19044","lait et produits laitiers","laits","Lait en poudre, demi-écrémé","Milk, powder, semi-skimmed, non rehydrated","2",0,"Ambiant (long)","Pas de préparation",5,0.84742677,7.9793959,2.3890792e-7,0.58381103,0.015645028,8.6338221e-7,1.4394338e-7,3.6071686e-9,0.1260467,0.00045861283,0.029001784,0.54263631,75.640909,300.5298,0.81146592,42.076445,0.000019730971,"PACK AGB"
"19054","19054","lait et produits laitiers","laits","Lait en poudre, écrémé","Milk, powder, skimmed, non rehydrated","2",0,"Ambiant (long)","Pas de préparation",5,0.84333835,7.9388741,2.3878029e-7,0.59617966,0.015571144,8.5826856e-7,1.4309758e-7,3.5868971e-9,0.12528143,0.00045706851,0.028832194,0.53930267,75.18448,298.68876,0.79734876,42.270713,0.000019666059,"PACK AGB"
"19021","19021","lait et produits laitiers","laits","Lait en poudre, entier","Milk, powder, whole, non rehydrated","2",0,"Ambiant (long)","Pas de préparation",5,0.83897381,7.9240631,2.3993804e-7,0.56227142,0.01552673,8.529987e-7,1.4223811e-7,3.5693152e-9,0.12453285,0.00045396628,0.028652155,0.53610073,74.740144,296.88173,0.81493141,41.961402,0.000019551537,"PACK AGB"
"19042","19042","lait et produits laitiers","laits","Lait demi-écrémé, pasteurisé","Milk, semi-skimmed, pasteurised","2",0,"Ambiant (long)","Pas de préparation",5,0.43707609000000003,12.580969,1.9792037e-8,0.22621173,0.0027305445,1.0696035e-7,1.8357138e-8,4.714352e-10,0.014364987,0.00010392766,0.003358749,0.060374855,8.9374114,35.967026,0.13630513,10.456759,0.0000038560772,"PACK AGB"
"19060","19060","lait et produits laitiers","laits","Lait demi-écrémé, à teneur réduite en lactose","Milk, semi-skimmed, reduced lactose","2",0,"Ambiant (long)","Pas de préparation",5,0.10402921000000001,0.98293464,9.609836e-9,0.11996507,0.0022481111,1.0322967e-7,1.7284837e-8,4.4780812e-10,0.013878259,0.000084148556,0.0032089269,0.058751495,8.5930529,35.705246,0.12539504,7.2899559,0.0000027188072,"PACK AGB"
"19041","19041","lait et produits laitiers","laits","Lait demi-écrémé, UHT","Milk, semi-skimmed, UHT","2",0,"Ambiant (long)","Pas de préparation",5,0.10402921000000001,0.98293464,9.609836e-9,0.11996507,0.0022481111,1.0322967e-7,1.7284837e-8,4.4780812e-10,0.013878259,0.000084148556,0.0032089269,0.058751495,8.5930529,35.705246,0.12539504,7.2899559,0.0000027188072,"PACK AGB"
"19037","19037","lait et produits laitiers","laits","Lait demi-écrémé, UHT, enrichi en vitamines","Milk, semi-skimmed, vitamin D fortified, UHT","2",0,"Ambiant (long)","Pas de préparation",5,0.10402921000000001,0.98293464,9.609836e-9,0.11996507,0.0022481111,1.0322967e-7,1.7284837e-8,4.4780812e-10,0.013878259,0.000084148556,0.0032089269,0.058751495,8.5930529,35.705246,0.12539504,7.2899559,0.0000027188072,"PACK AGB"
"19051","19051","lait et produits laitiers","laits","Lait écrémé, pasteurisé","Milk, skimmed, pasteurised","2",0,"Ambiant (long)","Pas de préparation",5,0.42646566,12.484164,1.931542e-8,0.22323245,0.0025466969,9.5302803e-8,1.6420228e-8,4.2476315e-10,0.012638482,0.000098931973,0.0029633526,0.052897507,7.9079294,31.847268,0.12578292,10.189129,0.0000036694468,"PACK AGB"
"19050","19050","lait et produits laitiers","laits","Lait écrémé, UHT","Milk, skimmed, UHT","2",0,"Ambiant (long)","Pas de préparation",5,0.09341878199999999,0.88612968,9.133219e-9,0.11698579,0.0020642635,9.1572127e-8,1.5347927e-8,4.0113607e-10,0.012151754,0.00007915287,0.0028135304,0.051274147,7.5635709,31.585488,0.11487282,7.0223259,0.0000025321768,"PACK AGB"
"19024","19024","lait et produits laitiers","laits","Lait entier, pasteurisé","Milk, whole, pasteurised","2",0,"Ambiant (long)","Pas de préparation",5,0.45250945000000004,12.721776,2.0485298e-8,0.23054523,0.0029979592,1.2391678e-7,2.1174462e-8,5.3932182e-10,0.016876266,0.00011119411,0.0039338711,0.071250998,10.43484,41.959401,0.15161017,10.846039,0.0000041275396,"PACK AGB"
"19023","19023","lait et produits laitiers","laits","Lait entier, UHT","Milk, whole, UHT","2",0,"Ambiant (long)","Pas de préparation",5,0.11946257,1.1237418,1.0303097e-8,0.12429857,0.0025155258,1.201861e-7,2.010216e-8,5.1569474e-10,0.016389539,0.000091415009,0.0037840489,0.069627637,10.090481,41.697621,0.14070008,7.6792358,0.0000029902696,"PACK AGB"
"39001","39001","lait et produits laitiers","produits laitiers frais et assimilés","Milk-shake, provenant de fast food","Milkshake, from fast foods restaurant","2",0,"Glacé","Pas de préparation",5,0.1415891,1.3138867,4.3913336e-8,0.28591313,0.0035626198,1.2287455e-7,1.8958432e-8,5.0287705e-10,0.016140692,0.00015904343,0.0039177121,0.067298544,10.137308,40.423045,0.342847,14.907494,0.0000048080474,"PACK AGB"
"31100","31100","produits céréaliers","céréales de petit-déjeuner et biscuits","Barre céréalière pour petit déjeuner au lait, chocolatée ou non, enrichie en vitamines et minéraux","Milky cereal breakfast bar, with chocolate or not, fortified with vitamins and minerals","2",0,"Ambiant (long)","Pas de préparation",5,0.5062268799999999,6.6111446,5.3456521e-8,0.59331358,0.01427277,3.1149754e-7,4.4642094e-8,2.73717e-9,0.041485376,0.00067593152,0.019335581,0.17303224,33.693071,239.16656,1.1689062,47.82863,0.000011218066,"PACK PROXY"
"24666","24666","produits céréaliers","gâteaux et pâtisseries","Mille-feuille","Mille-feuille pastry","2",0,"Ambiant (long)","Pas de préparation",5,0.31060235,2.3449337,0.0000017785137,0.58404302,0.0061963655,2.1662005e-7,3.2223351e-8,9.5892185e-10,0.028971103,0.00027669322,0.0084939593,0.11986056,18.053465,76.257937,0.74715225,29.346078,0.000049492379,"PACK PROXY"
"9555","9555","produits céréaliers","farines et pâtes à tarte","Farine de millet","Millet flour","2",0,"Ambiant (long)","Pas de préparation",5,0.13065367,1.1913073,8.9271231e-9,0.17863732,0.003311328,1.0213177e-7,1.4850156e-8,1.4055027e-10,0.012586173,0.000088691056,0.01138755,0.053828489,2.5232629,100.90146,0.20397252,10.055573,0.0000038921728,"PACK PROXY"
"9331","9331","produits céréaliers","pâtes, riz et céréales","Mil, cuit, non salé","Millet, cooked, unsalted","2",0,"Ambiant (long)","Micro-onde",5,0.048819327,0.42470908,3.3178494e-9,0.099660751,0.00111329,3.5489146e-8,5.6110106e-9,5.3884934e-11,0.004624372,0.000036035129,0.0041831998,0.019673301,0.90771659,37.31079,0.081259684,4.2185252,0.0000017711266,"PACK AGB"
"9330","9330","produits céréaliers","pâtes, riz et céréales","Mil entier, cru","Millet, whole","2",0,"Ambiant (long)","Pas de préparation",5,0.10082300999999999,0.93399708,6.7641238e-9,0.075222945,0.0024151122,7.8519245e-8,1.1614765e-8,1.0270763e-10,0.010254919,0.000067847637,0.0094141385,0.044140751,1.8980424,84.104441,0.17335369,6.1987212,0.0000027750206,"PACK AGB"
"12742","12742","lait et produits laitiers","fromages","Mimolette extra-vieille","Mimolette cheese, extra old, from cow's milk","2",0,"Glacé","Pas de préparation",5,0.62191942,5.4704524,0.0000013981925,0.61750096,0.012322025,5.8386767e-7,9.5456125e-8,2.4969761e-9,0.079434919,0.00059788777,0.019251884,0.33596851,48.554877,194.17935,0.7200249,37.660249,0.000045375976,"PACK AGB"
"12740","12740","lait et produits laitiers","fromages","Mimolette, sans précision","Mimolette cheese, from cow's milk","2",0,"Glacé","Pas de préparation",5,0.5824219,5.1144604,0.00000139807,0.63683274,0.011732698,5.3868606e-7,8.7403185e-8,2.3228525e-9,0.072134067,0.00060272995,0.017696195,0.30390467,44.199106,176.72544,0.68288209,37.972721,0.000044737907,"PACK AGB"
"12737","12737","lait et produits laitiers","fromages","Mimolette demi-vieille","Mimolette cheese, half-old, from cow's milk","2",0,"Glacé","Pas de préparation",5,0.61408136,5.3998077,0.0000013981682,0.62133725,0.012205076,5.7490163e-7,9.3858064e-8,2.4624223e-9,0.077986105,0.00059884868,0.018943166,0.32960562,47.690498,190.71572,0.71265412,37.722258,0.000045249354,"PACK AGB"
"12738","12738","lait et produits laitiers","fromages","Mimolette vieille","Mimolette cheese, old, from cow's milk","2",0,"Glacé","Pas de préparation",5,0.62854859,5.5302012,0.0000013982131,0.61425636,0.012420936,5.9145084e-7,9.6807712e-8,2.5262006e-9,0.080660276,0.00059707507,0.019512987,0.34135003,49.285939,197.10877,0.72625886,37.607805,0.000045483068,"PACK AGB"
"12735","12735","lait et produits laitiers","fromages","Mimolette jeune","Mimolette cheese, young, from cow's milk","2",0,"Glacé","Pas de préparation",5,0.60561935,5.3235395,0.000001398142,0.62547893,0.012078818,5.6522185e-7,9.213279e-8,2.4251178e-9,0.07642196,0.00059988608,0.018609873,0.32273622,46.757311,186.97637,0.70469659,37.789202,0.000045112654,"PACK AGB"
"11027","11027","aides culinaires et ingrédients divers","herbes","Menthe, fraîche","Mint, fresh","2",0,"Ambiant (long)","Pas de préparation",5,0.11182788,0.75820933,1.409491e-8,0.077709716,0.0026612892,5.8322528e-8,9.9239663e-9,1.8217767e-10,0.0065950678,0.00013724551,0.0034498405,0.02657042,2.725661,31.194226,4.5048586,11.083346,0.0000034587008,"PACK PROXY"
"20916","20916","aides culinaires et ingrédients divers","ingrédients divers","Miso","Miso","2",0,"Ambiant (long)","Pas de préparation",5,0.062625183,1.163706,1.2089246e-7,0.51090207,0.0048774742,6.6984379e-8,9.5962682e-7,2.5023557e-9,0.0079900769,0.00020866959,0.0050628668,0.030229891,36.429997,-2386.6222,2.8269058,22.557379,0.0000087855632,"PACK PROXY"
"11056","11056","aides culinaires et ingrédients divers","épices","Quatre épices","Mix of 4 spices","2",0,"Ambiant (long)","Pas de préparation",5,0.79676705,6.1181334,1.2317845e-7,0.39282194,0.030430791,3.9588836e-7,8.6852785e-8,1.586232e-9,0.049534549,0.0012849898,0.04253086,0.17101717,60.187882,470.92525,14.299831,68.625955,0.000062277959,"PACK PROXY"
"9612","9612","produits céréaliers","pâtes, riz et céréales","Mélange de céréales et légumineuses, cru","Mix of cereals and legumes, raw","2",0,"Ambiant (long)","Pas de préparation",5,0.048779235,0.68209605,1.2731511e-8,0.092475718,0.0023793207,4.8662405e-8,8.7545049e-9,5.797485e-10,0.0061972342,0.00020141452,0.0055938872,0.02405576,23.464161,-329.85539,0.19456894,8.1325093,0.000004038035,"PACK AGB"
"18153","18153","boissons","boissons sans alcool","Chicorée et café, instantané, non sucré, prête à boire (reconstituée avec du lait demi-écrémé standard)","Mix of chicory and coffee, instant, without sugar, ready-to-drink (reconstituted with standard semi-skimmed milk)","2",0,"Ambiant (long)","Pas de préparation",5,0.47151575,12.666931,2.4470522e-8,0.37237623,0.0038950829,1.3335145e-7,3.0822705e-8,8.0090076e-10,0.017406075,0.00016800088,0.0051224273,0.071845513,15.462562,44.326362,0.34911641,16.063102,0.0000050507438,"PACK PROXY"
"18162","18162","boissons","boissons sans alcool","Chicorée et café, instantané, non sucré, prêt à boire (reconstituée avec de l'eau)","Mix of chicory and coffee, instant, without sugar, ready-to-drink (reconstituted with water)","2",0,"Ambiant (long)","Pas de préparation",5,0.04586258,0.34588516,5.2990573e-9,0.19036658,0.0012512779,2.9098052e-8,1.3156664e-8,3.4481106e-10,0.0033834176,0.000069906635,0.0018415829,0.01277019,6.7483335,9.1400821,0.22536117,6.7178844,0.0000016009871,"PACK PROXY"
"15018","15018","fruits, légumes, légumineuses et oléagineux","fruits à coque et graines oléagineuses","Mélange apéritif de graines salées et raisins secs","Mix of salted grains/nuts and raisins","2",0,"Ambiant (long)","Pas de préparation",5,1.0786395,1.2719011,4.9725975e-8,0.24027625,0.01290348,4.2125272e-7,3.9694237e-7,9.9766109e-10,0.041893865,0.0013213862,0.020440952,0.16871741,61.890696,265.81205,87.535673,28.011321,0.000029981763,"PACK PROXY"
"15048","15048","fruits, légumes, légumineuses et oléagineux","fruits à coque et graines oléagineuses","Mélange apéritif de graines (non salées) et fruits séchés","Mix of unsalted grains/nuts and dried fruit","2",0,"Ambiant (long)","Pas de préparation",5,1.0786395,1.2719011,4.9725975e-8,0.24027625,0.01290348,4.2125272e-7,3.9694237e-7,9.9766109e-10,0.041893865,0.0013213862,0.020440952,0.16871741,61.890696,265.81205,87.535673,28.011321,0.000029981763,"PACK PROXY"
"15049","15049","fruits, légumes, légumineuses et oléagineux","fruits à coque et graines oléagineuses","Mélange apéritif de graines (non salées) et raisins secs","Mix of unsalted grains/nuts and raisins","2",0,"Ambiant (long)","Pas de préparation",5,1.0786395,1.2719011,4.9725975e-8,0.24027625,0.01290348,4.2125272e-7,3.9694237e-7,9.9766109e-10,0.041893865,0.0013213862,0.020440952,0.16871741,61.890696,265.81205,87.535673,28.011321,0.000029981763,"PACK PROXY"
"20271","20271","fruits, légumes, légumineuses et oléagineux","légumes","Macédoine de légumes, surgelée","Mixed diced vegetables, frozen","2",0,"Congelé","Micro-onde",5,0.11370865,0.84004183,3.0577575e-8,0.64382846,0.0026640125,3.7234909e-8,1.640513e-8,7.8913589e-10,0.0035302502,0.00024906772,0.0055742715,0.011118058,10.795204,83.34967,0.46519388,21.878457,0.0000070177094,"PACK AGB"
"2011","2011","boissons","boissons sans alcool","Jus multifruit - base orange, multivitaminé","Mixed fruits juice, orange based, multivitamin","2",0,"Ambiant (long)","Pas de préparation",5,0.12258138,0.95851342,5.2656541e-7,0.20247411,0.0036144343,5.1406203e-8,3.7536701e-8,5.2407181e-10,0.0051011942,0.0001749673,0.0041491859,0.018410195,27.906068,48.469011,0.48514955,14.022404,0.000017074048,"PACK PROXY"
"2035","2035","boissons","boissons sans alcool","Jus multifruit, pur jus, standard","Mixed fruits juice, pure juice","2",0,"Glacé","Réfrigéré chez le consommateur",5,0.26318571,1.1338222,5.3802471e-7,0.25322186,0.0046851177,5.0287776e-8,3.0692099e-8,3.6439927e-10,0.0065812288,0.00025855261,0.003262165,0.019664099,90.810656,33.335529,14.304728,15.948356,0.00002409024,"PACK PROXY"
"2002","2002","boissons","boissons sans alcool","Jus multifruit, pur jus, multivitaminé","Mixed fruits juice, pure juice, multivitamin","2",0,"Glacé","Réfrigéré chez le consommateur",5,0.26318571,1.1338222,5.3802471e-7,0.25322186,0.0046851177,5.0287776e-8,3.0692099e-8,3.6439927e-10,0.0065812288,0.00025855261,0.003262165,0.019664099,90.810656,33.335529,14.304728,15.948356,0.00002409024,"PACK PROXY"
"2069","2069","boissons","boissons sans alcool","Jus multifruit, à base de concentré, standard","Mixed fruits juice, reconstituted from a concentrate, multivitamin","2",0,"Glacé","Réfrigéré chez le consommateur",5,0.26318571,1.1338222,5.3802471e-7,0.25322186,0.0046851177,5.0287776e-8,3.0692099e-8,3.6439927e-10,0.0065812288,0.00025855261,0.003262165,0.019664099,90.810656,33.335529,14.304728,15.948356,0.00002409024,"PACK PROXY"
"2061","2061","boissons","boissons sans alcool","Nectar multifruit, standard","Mixed fruits nectar","2",0,"Glacé","Réfrigéré chez le consommateur",5,0.26425749,1.1406265,5.5626898e-7,0.25458945,0.0047056781,5.0495648e-8,3.0745393e-8,3.6590229e-10,0.0066010022,0.00025988708,0.0032669581,0.019702644,90.826958,33.358813,14.305944,16.070935,0.000024549225,"PACK PROXY"
"2060","2060","boissons","boissons sans alcool","Nectar multifruit, multivitaminé","Mixed fruits nectar, multivitamin","2",0,"Glacé","Réfrigéré chez le consommateur",5,0.26425749,1.1406265,5.5626898e-7,0.25458945,0.0047056781,5.0495648e-8,3.0745393e-8,3.6590229e-10,0.0066010022,0.00025988708,0.0032669581,0.019702644,90.826958,33.358813,14.305944,16.070935,0.000024549225,"PACK PROXY"
"25506","25506","viandes, œufs, poissons","autres produits à base de viande","Brochette mixte de viande","Mixed meat on skewer","2",0,"Glacé","Four",5,0.77789703,5.4365636,6.944306e-8,1.2656671,0.017739188,6.1550454e-7,4.7735067e-7,4.8530408e-9,0.082592066,0.0011005622,0.0240433,0.33714741,128.44879,280.11878,3.97563,61.042994,0.000022619421,"PACK AGB"
"0002","2","boissons","boissons sans alcool","Jus de fruits rouges","Mixed red fruits juice, pure juice","2",0,"Ambiant (long)","Pas de préparation",5,0.25820834,0.92681747,5.3453304e-7,0.17560093,0.0043826527,7.8711887e-8,5.9549716e-8,1.0916277e-9,0.0086066478,0.00029772977,0.0062583958,0.031677249,122.25565,171.34976,9.7791896,14.624318,0.000019059769,"PACK PROXY"
"20497","20497","fruits, légumes, légumineuses et oléagineux","légumes","Légumes pour couscous, cuits","Mixed vegetables for couscous, cooked","2",0,"Glacé","Micro-onde",5,0.21097545,1.488001,3.7212269e-8,0.70723564,0.00569574,1.0054485e-7,2.2287708e-7,1.7816829e-9,0.010747989,0.00042066785,0.0079030212,0.038246242,10.198754,67.582056,1.17277,30.282511,0.0000070913208,"PACK AGB"
"20496","20496","fruits, légumes, légumineuses et oléagineux","légumes","Légumes pour couscous, surgelés, crus","Mixed vegetables for couscous, frozen, raw","2",0,"Congelé","Pas de préparation",5,0.17376092,1.1040359,2.6609357e-8,0.59938376,0.0043546084,8.2718249e-8,2.0885716e-7,1.6261971e-9,0.0088781767,0.00034747006,0.0067198561,0.031302148,9.1503515,59.13971,1.0419374,22.822879,0.0000066991313,"PACK AGB"
"20266","20266","fruits, légumes, légumineuses et oléagineux","légumes","Légumes pour ratatouille, surgelés","Mixed vegetables for ratatouille, frozen","2",0,"Congelé","Micro-onde",5,0.17795260000000002,1.1153264,2.6933178e-8,0.66574831,0.0043988885,8.3452137e-8,2.0932708e-7,1.6346202e-9,0.0089633768,0.00035347354,0.0067360417,0.031437268,9.2179307,59.223046,1.0464649,24.297642,0.0000072419405,"PACK AGB"
"20263","20263","fruits, légumes, légumineuses et oléagineux","légumes","Légumes pour potages, surgelés, crus","Mixed vegetables for soups, frozen, raw","2",0,"Congelé","Pas de préparation",5,0.15682496,1.0685159,3.7743914e-8,0.66040007,0.0034397338,9.5851647e-8,2.3166125e-8,4.0275502e-9,0.010161058,0.00025939091,0.0053025349,0.041757264,15.42143,84.940045,0.64279327,25.505075,0.0000074978368,"PACK AGB"
"20101","20101","fruits, légumes, légumineuses et oléagineux","légumes","Légumes, mélange surgelé, crus","Mixed vegetables, frozen, raw","2",0,"Congelé","Pas de préparation",5,0.15682496,1.0685159,3.7743914e-8,0.66040007,0.0034397338,9.5851647e-8,2.3166125e-8,4.0275502e-9,0.010161058,0.00025939091,0.0053025349,0.041757264,15.42143,84.940045,0.64279327,25.505075,0.0000074978368,"PACK AGB"
"51500","51500","aides culinaires et ingrédients divers","herbes","Meloukhia, feuilles de corète séchées, en poudre","Molokhia powder (dried jute leaves)","2",0,"Ambiant (long)","Pas de préparation",5,0.23238966,2.3756176,9.4679143e-8,0.35149434,0.0087241085,1.2709111e-7,8.4720916e-8,1.2336526e-9,0.010895062,0.00031241463,0.0062593312,0.030206808,35.197544,25.08711,1.0648034,39.458414,0.000010727034,"PACK PROXY"
"30105","30105","viandes, œufs, poissons","charcuteries","Saucisse de Montbéliard","Montbeliard sausage","2",0,"Glacé","Four",5,0.75653156,5.8162074,8.1566864e-8,1.8646985,0.015128978,6.4005028e-7,7.0417482e-8,3.5518991e-9,0.089776772,0.00086039186,0.024941485,0.37628963,157.69708,300.03196,1.5008608,69.403055,0.000024706452,"PACK AGB"
"12743","12743","lait et produits laitiers","fromages","Morbier","Morbier cheese, from cow's milk","2",0,"Glacé","Pas de préparation",5,0.59646256,5.2410092,0.0000013981136,0.62996064,0.011942193,5.5474731e-7,9.0265862e-8,2.3847503e-9,0.074729389,0.00060100865,0.018249214,0.3153028,45.747505,182.93,0.6960857,37.861643,0.000044964729,"PACK AGB"
"20105","20105","fruits, légumes, légumineuses et oléagineux","légumes","Champignon, morille, crue","Morel, raw","2",0,"Ambiant (moyen)","Pas de préparation",5,0.33525058,2.285896,6.6138357e-8,0.63191259,0.011605527,3.9088931e-7,1.7656627e-8,5.2385018e-10,0.045831064,0.00035622974,0.004708891,0.19987515,23.396611,12.438528,0.63286436,44.098635,0.0000098321109,"PACK AGB"
"13110","13110","fruits, légumes, légumineuses et oléagineux","fruits","Griotte, crue","Morello cherry, raw","2",0,"Ambiant (moyen)","Pas de préparation",5,0.28723151,1.2683149,3.4484478e-8,0.16186976,0.0047116549,5.7386282e-8,4.1267384e-8,1.3326282e-9,0.0073461703,0.00044372217,0.0018835869,0.019665075,92.823719,1030.0309,4.9432142,16.991045,0.000013192909,"PACK AGB"
"30789","30789","viandes, œufs, poissons","charcuteries","Mortadelle","Mortadella","2",0,"Glacé","Four",5,0.7191871,5.4565379,0.0000014869244,1.7994983,0.014682498,5.420763e-7,6.4524501e-8,3.1034499e-9,0.074345766,0.00088597463,0.020632752,0.30723876,129.40496,246.93809,1.2930601,72.838548,0.000056798529,"PACK AGB"
"30797","30797","viandes, œufs, poissons","charcuteries","Mortadelle pistachée pur porc","Mortadella with pistachios, pure pork","2",0,"Glacé","Four",5,0.7182063,5.4437684,0.0000014869293,1.7914922,0.014695009,5.3927139e-7,6.4834445e-8,3.0721199e-9,0.074005658,0.00089079985,0.020784212,0.30579781,127.70248,248.92058,1.427663,72.617334,0.000056722026,"PACK AGB"
"30790","30790","viandes, œufs, poissons","charcuteries","Mortadelle, pur porc","Mortadella, pure pork","2",0,"Glacé","Four",5,0.7191871,5.4565379,0.0000014869244,1.7994983,0.014682498,5.420763e-7,6.4524501e-8,3.1034499e-9,0.074345766,0.00088597463,0.020632752,0.30723876,129.40496,246.93809,1.2930601,72.838548,0.000056798529,"PACK AGB"
"30104","30104","viandes, œufs, poissons","charcuteries","Saucisse de Morteau","Morteaux sausage","2",0,"Glacé","Four",5,0.74941617,5.7613505,8.1096664e-8,1.8568895,0.014993052,6.3330396e-7,6.9739834e-8,3.5150414e-9,0.088809496,0.00085268282,0.024675188,0.37218243,155.973,296.77154,1.4875134,69.023236,0.000024527575,"PACK AGB"
"30108","30108","viandes, œufs, poissons","charcuteries","Saucisse de Morteau, bouillie/cuite à l'eau","Morteaux sausage, boiled/cooked in water","2",0,"Glacé","Four",5,0.74941617,5.7613505,8.1096664e-8,1.8568895,0.014993052,6.3330396e-7,6.9739834e-8,3.5150414e-9,0.088809496,0.00085268282,0.024675188,0.37218243,155.973,296.77154,1.4875134,69.023236,0.000024527575,"PACK AGB"
"25123","25123","entrées et plats composés","plats composés","Moussaka","Moussaka","2",0,"Glacé","Micro-onde",5,2.3386791999999996,17.769313,1.1587389e-7,1.144412,0.035487886,0.0000027757295,3.9819268e-7,1.1419684e-8,0.40698289,0.0010859393,0.085824244,1.8064065,95.730962,1361.5537,3.4040832,69.036061,0.000032996916,"PACK AGB"
"39235","39235","lait et produits laitiers","produits laitiers frais et assimilés","Mousse liégeoise (chocolat, café, caramel ou vanille), rayon frais","Mousse (chocolate, coffee, caramel or vanilla) topped with whipped cream, refrigerated","2",0,"Glacé","Pas de préparation",5,0.35079517,5.2203095,5.0640321e-8,0.30867006,0.0099361804,2.030564e-7,2.8445652e-8,2.1023803e-9,0.025627138,0.00059181132,0.013776966,0.10582115,20.074228,189.45244,0.63309754,25.351864,0.0000070709353,"PACK AGB"
"39210","39210","lait et produits laitiers","produits laitiers frais et assimilés","Mousse au chocolat traditionnelle, rayon frais","Mousse, chocolate, refrigerated","2",0,"Glacé","Pas de préparation",5,0.61004378,9.920048,6.4912105e-8,0.40906308,0.019346728,2.5132236e-7,3.0895871e-8,4.6351062e-9,0.030166397,0.0012647112,0.029038752,0.12113496,58.21641,424.10396,0.93444343,40.74724,0.000010899274,"PACK AGB"
"19590","19590","lait et produits laitiers","fromages","Mozzarella au lait de vache","Mozzarella cheese, from cow's milk","2",0,"Glacé","Pas de préparation",5,0.41717769,3.9075014,4.1112398e-8,0.49268745,0.0087429339,4.0148618e-7,6.7336942e-8,1.7435568e-9,0.056965293,0.00047004052,0.014265322,0.24113159,35.127885,135.36901,0.49518715,27.28663,0.000010390469,"PACK AGB"
"32109","32109","produits céréaliers","céréales de petit-déjeuner et biscuits","Muesli croustillant au chocolat (non enrichi en vitamines et minéraux)","Muesli, crunchy, with chocolate (not fortified with vitamins and chemical elements)","2",0,"Ambiant (long)","Pas de préparation",5,0.20926303,2.1728124,2.8587588e-8,0.54659153,0.0063631853,1.2456189e-7,1.4146665e-8,1.0786375e-9,0.01316409,0.00034305959,0.0091779383,0.052608507,11.610849,110.09418,0.99185302,28.695208,0.0000070115202,"PACK PROXY"
"32112","32112","produits céréaliers","céréales de petit-déjeuner et biscuits","Muesli croustillant au chocolat, avec ou sans fruits, enrichi en vitamines et minéraux","Muesli, crunchy, with chocolate, with or without fruits, fortified with vitamins and chemical elements","2",0,"Ambiant (long)","Pas de préparation",5,0.20928823,2.1728992,2.8588885e-8,0.54666148,0.00636358,1.2457145e-7,1.4155162e-8,1.0788152e-9,0.013164536,0.00034308603,0.0091780576,0.052609722,11.611335,110.09449,0.99362375,28.69759,0.0000070122245,"PACK PROXY"
"32108","32108","produits céréaliers","céréales de petit-déjeuner et biscuits","Muesli croustillant aux fruits et/ou fruits secs, graines (non enrichi en vitamines et minéraux)","Muesli, crunchy, with fruits and/or dried fruits, grains (not fortified with vitamins and chemical elements)","2",0,"Ambiant (long)","Pas de préparation",5,0.20928823,2.1728992,2.8588885e-8,0.54666148,0.00636358,1.2457145e-7,1.4155162e-8,1.0788152e-9,0.013164536,0.00034308603,0.0091780576,0.052609722,11.611335,110.09449,0.99362375,28.69759,0.0000070122245,"PACK PROXY"
"32111","32111","produits céréaliers","céréales de petit-déjeuner et biscuits","Muesli croustillant aux fruits ou fruits secs, enrichi en vitamines et minéraux","Muesli, crunchy, with fruits or dried fruits, fortified with vitamins and chemical elements","2",0,"Ambiant (long)","Pas de préparation",5,0.20928823,2.1728992,2.8588885e-8,0.54666148,0.00636358,1.2457145e-7,1.4155162e-8,1.0788152e-9,0.013164536,0.00034308603,0.0091780576,0.052609722,11.611335,110.09449,0.99362375,28.69759,0.0000070122245,"PACK PROXY"
"32128","32128","produits céréaliers","céréales de petit-déjeuner et biscuits","Muesli floconneux ou de type traditionnel","Muesli, flakes (Bircher-style)","2",0,"Ambiant (long)","Pas de préparation",5,0.20928823,2.1728992,2.8588885e-8,0.54666148,0.00636358,1.2457145e-7,1.4155162e-8,1.0788152e-9,0.013164536,0.00034308603,0.0091780576,0.052609722,11.611335,110.09449,0.99362375,28.69759,0.0000070122245,"PACK PROXY"
"32138","32138","produits céréaliers","céréales de petit-déjeuner et biscuits","Muesli floconneux aux fruits ou fruits secs (non enrichi en vitamines et minéraux)","Muesli, flakes (Bircher-style), with fruits or dried fruits (not fortified with vitamins and chemical elements)","2",0,"Ambiant (long)","Pas de préparation",5,0.20928823,2.1728992,2.8588885e-8,0.54666148,0.00636358,1.2457145e-7,1.4155162e-8,1.0788152e-9,0.013164536,0.00034308603,0.0091780576,0.052609722,11.611335,110.09449,0.99362375,28.69759,0.0000070122245,"PACK PROXY"
"32110","32110","produits céréaliers","céréales de petit-déjeuner et biscuits","Muesli floconneux aux fruits ou fruits secs, enrichi en vitamines et minéraux","Muesli, flakes (Bircher-style), with fruits or dried fruits, fortified with vitamins and chemical elements","2",0,"Ambiant (long)","Pas de préparation",5,0.20928823,2.1728992,2.8588885e-8,0.54666148,0.00636358,1.2457145e-7,1.4155162e-8,1.0788152e-9,0.013164536,0.00034308603,0.0091780576,0.052609722,11.611335,110.09449,0.99362375,28.69759,0.0000070122245,"PACK PROXY"
"32113","32113","produits céréaliers","céréales de petit-déjeuner et biscuits","Muesli floconneux aux fruits ou fruits secs, sans sucres ajoutés","Muesli, flakes (Bircher-style), with fruits or dried fruits, without sugar","2",0,"Ambiant (long)","Pas de préparation",5,0.20928823,2.1728992,2.8588885e-8,0.54666148,0.00636358,1.2457145e-7,1.4155162e-8,1.0788152e-9,0.013164536,0.00034308603,0.0091780576,0.052609722,11.611335,110.09449,0.99362375,28.69759,0.0000070122245,"PACK PROXY"
"23950","23950","produits céréaliers","gâteaux et pâtisseries","Muffin, aux myrtilles ou au chocolat","Muffin, with blueberry or chocolate","2",0,"Ambiant (long)","Pas de préparation",5,0.40866249,4.5119114,0.0000017814396,0.61208661,0.0099710471,2.1519811e-7,3.1382357e-8,2.0217089e-9,0.027674842,0.00056471262,0.014549336,0.11304608,26.275406,176.52455,0.73644949,34.870168,0.000050425293,"PACK PROXY"
"26091","26091","viandes, œufs, poissons","poissons crus","Mulet, cru","Mullet, raw","2",0,"Glacé","Pas de préparation",5,1.9688571000000001,12.188752,0.0000017640754,0.28003355,0.23912983,0.0000024713049,4.7505226e-8,5.4092627e-9,0.31970158,0.00052943654,0.078563124,0.85806833,12.058341,16.31433,0.39493123,161.74181,0.000065558231,"PACK PROXY"
"26026","26026","viandes, œufs, poissons","poissons cuits","Mulet, rôti/cuit au four","Mullet, roasted/baked","2",0,"Glacé","Four",5,2.4367512000000002,14.971152,0.0000021565617,0.85906355,0.29233644,0.0000030233252,6.1668391e-8,6.670658e-9,0.39103808,0.00069325312,0.096056254,1.0488041,15.250525,20.57012,0.51751326,208.98779,0.000084280085,"PACK PROXY"
"20531","20531","fruits, légumes, légumineuses et oléagineux","légumineuses","Haricot mungo, cuit","Mung bean, cooked","2",0,"Ambiant (long)","Micro-onde",5,-0.058779373999999995,0.58163042,1.5377363e-8,0.2895325,0.0028242505,2.7242395e-8,0.0000010408267,3.9531792e-9,0.0026299756,0.00013062429,0.00082533095,0.0091146246,33.042585,-2916.5135,0.095597656,12.825503,0.0000053864039,"PACK AGB"
"20029","20029","fruits, légumes, légumineuses et oléagineux","légumes","Haricot mungo germé ou pousse de ""soja"", appertisé, égoutté","Mung bean, sprouted or soy spouts, canned, drained","2",0,"Ambiant (long)","Pas de préparation",5,-0.16822627999999998,2.0448315,6.558879e-8,0.30218835,0.0094571963,9.6102961e-8,0.0000029847422,1.2725061e-8,0.0082984991,0.00044852037,0.0032410499,0.029975801,97.486304,-8362.9323,0.30420354,28.355319,0.000011542333,"PACK AGB"
"20183","20183","fruits, légumes, légumineuses et oléagineux","légumes","Haricot mungo germé ou pousse de ""soja"", cru","Mung bean, sprouted or soy spouts, raw","2",0,"Ambiant (moyen)","Pas de préparation",5,-0.2323465,0.8109156,2.6614572e-8,0.07618243,0.0054789274,3.8965468e-8,0.0000026325232,7.03099e-9,0.0047954374,0.00013407637,0.0016010619,0.019558993,81.435176,-7405.1716,0.060143837,10.037606,0.0000078270549,"PACK AGB"
"12039","12039","lait et produits laitiers","fromages","Munster","Munster cheese, from cow's milk","2",0,"Glacé","Pas de préparation",5,0.45398382000000004,4.1514613,3.869805e-8,0.47658113,0.0088189706,4.5740352e-7,7.6882443e-8,1.9482455e-9,0.065892289,0.00043347971,0.016153153,0.28149048,40.306894,156.8872,0.45170962,24.33531,0.000010125532,"PACK AGB"
"11160","11160","aides culinaires et ingrédients divers","sauces","Sauce aux champignons, préemballée","Mushroom sauce, prepacked","2",0,"Glacé","Micro-onde",5,0.38401386,2.6900644,9.5379112e-7,1.1618333,0.0085545327,3.2159316e-7,4.1374369e-8,2.4133856e-9,0.036997823,0.00042758086,0.0078709759,0.15977508,39.786671,78.898164,0.61493875,53.302762,0.000032595802,"PACK PROXY"
"20079","20079","0","0","Champignon, appertisé, égoutté","Mushroom, canned, drained","2",0,"Ambiant (long)","Micro-onde",5,0.40412195,2.9999946,7.814551e-8,0.72966195,0.010265311,4.7122584e-7,2.3828484e-8,5.0458652e-9,0.047430335,0.00060089777,0.0042843955,0.21139033,28.588709,20.646837,0.89748037,56.853123,0.0000116314,"PACK AGB"
"10013","10013","viandes, œufs, poissons","mollusques et crustacés cuits","Moule, bouillie/cuite à l'eau","Mussel, boiled/cooked in water","2",0,"Glacé","Cuisson à l'eau",5,0.5794884299999999,6.0504039,1.5456809e-7,1.8182047,0.037375543,2.0448408e-7,4.472908e-8,1.588733e-9,0.029937257,0.0010227763,0.012365086,0.12053611,16.700044,300.67622,0.81730188,103.19034,0.000032011815,"PACK PROXY"
"10028","10028","viandes, œufs, poissons","produits à base de poissons et produits de la mer","Moule, appertisée, égouttée","Mussel, canned, drained","2",0,"Ambiant (long)","Pas de préparation",5,0.82740047,8.3831214,9.3356006e-8,0.65269933,0.043026159,4.1770346e-7,6.2295015e-8,4.1174788e-9,0.04321098,0.0060080531,0.017613526,0.13866049,64.814019,314.39085,1.4267894,88.928628,0.000061615453,"PACK PROXY"
"10014","10014","viandes, œufs, poissons","mollusques et crustacés crus","Moule commune, crue","Mussel, common, raw","2",0,"Glacé","Pas de préparation",5,0.48688276,5.5221655,1.3609156e-7,0.89597202,0.032774349,1.7781964e-7,3.6217352e-8,1.3246284e-9,0.025119694,0.00086561934,0.010281154,0.10035548,14.424679,246.66807,0.86055719,83.008375,0.000024470327,"PACK PROXY"
"10083","10083","entrées et plats composés","plats composés","Moules farcies (matière grasse, persillade…), crues","Mussels, filled (fat, parsley and garlic…)","2",0,"Glacé","Micro-onde",5,0.42334924999999995,4.6777986,7.7881067e-8,0.85789901,0.028115472,1.4055185e-7,2.7486355e-8,5.5466797e-9,0.023354194,0.00085186227,0.01401941,0.097272355,24.824821,299.26138,0.59870421,57.248047,0.000016986603,"PACK PROXY"
"10082","10082","entrées et plats composés","plats composés","Moules marinières (oignons et vin blanc)","Mussels, in a shallot and white wine broth","2",0,"Glacé","Micro-onde",5,0.42334924999999995,4.6777986,7.7881067e-8,0.85789901,0.028115472,1.4055185e-7,2.7486355e-8,5.5466797e-9,0.023354194,0.00085186227,0.01401941,0.097272355,24.824821,299.26138,0.59870421,57.248047,0.000016986603,"PACK PROXY"
"10081","10081","viandes, œufs, poissons","produits à base de poissons et produits de la mer","Moules à la sauce catalane ou escabèche (tomate), appertisée, égouttée","Mussels, in Catalan-style sauce or marinade (tomatoes), canned, drained","2",0,"Ambiant (long)","Four",5,0.58643059,6.3054408,8.2512618e-8,1.9269172,0.035396802,2.1159756e-7,3.5315653e-8,9.5629573e-9,0.030133656,0.0010835588,0.015541421,0.11400644,38.213368,303.31896,0.87936296,94.965147,0.000022896009,"PACK PROXY"
"11013","11013","aides culinaires et ingrédients divers","condiments","Moutarde","Mustard","2",0,"Ambiant (long)","Pas de préparation",5,0.18240944,1.5603229,2.0419483e-8,0.60594642,0.005855956,1.0670458e-7,2.2048935e-8,3.7584866e-10,0.010689678,0.00023761682,0.0061998067,0.035586298,17.374415,75.248157,2.0171662,29.090522,0.0000057818462,"PACK PROXY"
"11157","11157","aides culinaires et ingrédients divers","sauces","Sauce moutarde, préemballée","Mustard sauce prepacked","2",0,"Glacé","Pas de préparation",5,0.39728198000000003,3.2971621,9.3486474e-7,0.89549238,0.0078646122,3.2147082e-7,5.8407241e-8,5.7317578e-9,0.044706722,0.00031718209,0.011633553,0.18809304,29.004192,115.71451,0.67813785,36.940925,0.000029272479,"PACK PROXY"
"11021","11021","aides culinaires et ingrédients divers","condiments","Moutarde à l'ancienne","Mustard, with grains","2",0,"Ambiant (long)","Pas de préparation",5,0.18240944,1.5603229,2.0419483e-8,0.60594642,0.005855956,1.0670458e-7,2.2048935e-8,3.7584866e-10,0.010689678,0.00023761682,0.0061998067,0.035586298,17.374415,75.248157,2.0171662,29.090522,0.0000057818462,"PACK PROXY"
"25159","25159","entrées et plats composés","plats composés","Tajine de mouton","Mutton tagine","2",0,"Glacé","Micro-onde",5,2.8818422,22.264966,1.5802493e-7,1.1285129,0.047463886,0.0000033706776,4.9950606e-7,1.5107789e-8,0.48831424,0.0015101527,0.1042027,2.1600937,115.63061,1662.2519,4.1640973,92.685848,0.000052702075,"PACK AGB"
"21006","21006","viandes, œufs, poissons","viandes crues","Mouton, gigot, cru","Mutton, leg, raw","2",0,"Glacé","Pas de préparation",5,3.9900518,30.197052,1.4942629e-7,0.82920714,0.057551757,0.0000049410302,6.8582876e-7,1.5116094e-8,0.72820625,0.0015943639,0.14935455,3.2424811,136.97034,2421.5683,3.567256,76.879119,0.000048498636,"PACK AGB"
"21001","21001","viandes, œufs, poissons","viandes crues","Mouton, viande, crue","Mutton, meat, raw","2",0,"Glacé","Pas de préparation",5,3.1893933000000003,24.093011,1.1947881e-7,0.66330241,0.045973497,0.0000039523378,5.4803124e-7,1.2079921e-8,0.58252406,0.0012642537,0.11940877,2.5938101,109.28332,1937.2047,2.8505813,61.460487,0.000038788775,"PACK AGB"
"21003","21003","viandes, œufs, poissons","viandes crues","Mouton, épaule, crue","Mutton, shoulder, raw","2",0,"Glacé","Pas de préparation",5,3.1893933000000003,24.093011,1.1947881e-7,0.66330241,0.045973497,0.0000039523378,5.4803124e-7,1.2079921e-8,0.58252406,0.0012642537,0.11940877,2.5938101,109.28332,1937.2047,2.8505813,61.460487,0.000038788775,"PACK AGB"
"13030","13030","fruits, légumes, légumineuses et oléagineux","fruits","Nectarine ou brugnon, pulpe et peau, crue","Nectarine, pulp and peel, raw","2",0,"Ambiant (moyen)","Pas de préparation",5,0.13262433999999998,0.57963253,2.1912458e-8,0.089969583,0.0023011265,2.967445e-8,2.9802489e-8,6.5306422e-10,0.0023995947,0.000097820126,0.00079770527,0.0078771516,24.406752,30.055553,9.3080551,8.0037203,0.000004563243,"PACK AGB"
"12031","12031","lait et produits laitiers","fromages","Neufchâtel","Neufchâtel cheese, from cow's milk","2",0,"Glacé","Pas de préparation",5,0.41996107,3.8450365,3.8027424e-8,0.48239633,0.0082734589,4.1786265e-7,7.028507e-8,1.7984977e-9,0.059926705,0.00043340158,0.014872243,0.2553819,36.795203,142.48168,0.4146427,24.142502,0.0000095805136,"PACK AGB"
"4023","4023","fruits, légumes, légumineuses et oléagineux","pommes de terre et autres tubercules","Pomme de terre nouvelle, crue","New potato, raw","2",0,"Ambiant (moyen)","Pas de préparation",5,0.065710313,0.72933957,1.9870152e-8,0.067731839,0.0024496054,3.7862095e-8,8.3892093e-9,2.8467585e-10,0.0033135024,0.00014810895,0.0013163189,0.011859887,5.1480839,21.495911,0.28751334,11.102737,0.000002951078,"PACK PROXY"
"20158","20158","fruits, légumes, légumineuses et oléagineux","légumes","Tétragone cornue, cuite","New Zealand spinach, cooked","2",0,"Ambiant (moyen)","Cuisson à l'eau",5,0.10989889,1.1676966,4.0859604e-8,0.36825111,0.0039041741,4.7017775e-8,1.4470834e-8,2.8164165e-10,0.003908937,0.00020723853,0.0028343896,0.011922572,13.477575,-13.84367,0.48187579,22.541854,0.0000071157109,"PACK AGB"
"27025","27025","viandes, œufs, poissons","poissons crus","Perche du Nil, crue","Nile perch, raw","2",0,"Glacé","Pas de préparation",5,1.3912301,6.1637887,0.0000015637809,1.7664622,0.027860213,3.3249018e-7,6.5895073e-8,2.8068557e-9,0.037442718,0.021197659,0.10136837,0.12879571,100.73621,109.0537,36.396785,98.401224,0.000057816697,"PACK PROXY"
"25183","25183","entrées et plats composés","plats composés","Nouilles sautées/poêlées aux crevettes","Noodles with shrimps sautéed/pan-fried","2",0,"Glacé","Micro-onde",5,0.56622876,4.8515897,0.0000017090587,0.83201145,0.018485083,2.8691023e-7,2.0383781e-7,3.2097059e-9,0.029847128,0.0020013561,0.023744441,0.095831441,45.464319,148.15759,1.9824244,66.591468,0.000056610626,"PACK AGB"
"20998","20998","aides culinaires et ingrédients divers","algues","Ascophylle noueux ou goémon noir (Ascophyllum nodosum), séché ou déshydraté","North Atlantic rockweed (Ascophyllum nodosum), dried or dehydrated","2",0,"Ambiant (long)","Pas de préparation",5,1.5199106,11.997799,3.4245099e-7,10.916084,0.053612038,8.2793619e-7,8.105209e-8,7.2588381e-9,0.10413826,0.0025048177,0.013751618,0.12951886,39.754891,31.710309,4.1626904,392.11548,0.000076152516,"PACK PROXY"
"10024","10024","viandes, œufs, poissons","mollusques et crustacés crus","Langoustine, crue","Norway lobster, raw","2",0,"Glacé","Pas de préparation",5,5.2758984,39.536483,0.0000013149525,2.6516665,0.40515357,0.0000037041361,5.4312996e-7,1.499984e-8,0.49337032,0.0077452105,0.1277328,1.3585535,126.35785,83.199264,3.026758,592.89287,0.00085675624,"PACK PROXY"
"18004","18004","boissons","boissons sans alcool","Café, non instantané, non sucré, prêt à boire","Not instant coffee, without sugar, ready-to-drink","2",0,"Ambiant (long)","Cuisson à l'eau",5,0.22526641,1.670545,1.5289106e-8,0.13946968,0.0061553775,1.8421421e-7,8.8534829e-8,2.2574034e-9,0.022017202,0.00029630345,0.012764997,0.089674849,51.068995,60.207912,1.4139026,13.5647,0.0000065649264,"PACK PROXY"
"31033","31033","produits sucrés","confiseries non chocolatées","Nougat ou touron","Nougat","2",0,"Ambiant (long)","Pas de préparation",5,3.1648221,11.074432,9.6882892e-7,1.0384289,0.064611966,0.0000013903493,0.0000011238103,5.9822827e-9,0.11610039,0.0032034122,0.045209072,0.42239352,189.17624,538.27988,199.8692,184.49725,0.0001784969,"PACK PROXY"
"11194","11194","aides culinaires et ingrédients divers","sauces","Sauce Nuoc Mâm ou Sauce au poisson, préemballée","Nuoc mam sauce or fish sauce, prepacked","2",0,"Glacé","Pas de préparation",5,0.17596922,1.1700241,9.2376674e-7,0.86046019,0.0043592151,7.2903224e-8,1.8332462e-8,4.4153451e-10,0.0075038859,0.0002520812,0.0042523793,0.026810351,18.421833,44.613731,0.56440329,32.190377,0.000026966482,"PACK PROXY"
"26033","26033","viandes, œufs, poissons","poissons cuits","Roussette ou petite roussette ou saumonette, cuite","Nursehound or lesser spotted dogfish, cooked","2",0,"Glacé","Four",5,2.4367512000000002,14.971152,0.0000021565617,0.85906355,0.29233644,0.0000030233252,6.1668391e-8,6.670658e-9,0.39103808,0.00069325312,0.096056254,1.0488041,15.250525,20.57012,0.51751326,208.98779,0.000084280085,"PACK PROXY"
"26074","26074","viandes, œufs, poissons","poissons crus","Roussette ou petite roussette ou saumonette, crue","Nursehound or lesser spotted dogfish, raw","2",0,"Glacé","Pas de préparation",5,1.9688571000000001,12.188752,0.0000017640754,0.28003355,0.23912983,0.0000024713049,4.7505226e-8,5.4092627e-9,0.31970158,0.00052943654,0.078563124,0.85806833,12.058341,16.31433,0.39493123,161.74181,0.000065558231,"PACK PROXY"
"11048","11048","aides culinaires et ingrédients divers","épices","Noix de muscade","Nutmeg","2",0,"Ambiant (long)","Pas de préparation",5,0.98208544,7.3171734,1.3707159e-7,0.41764532,0.036560134,4.8613969e-7,1.0376903e-7,1.9281195e-9,0.060292499,0.0014850748,0.055107286,0.21174797,74.180673,621.96515,18.284311,79.010843,0.000081380334,"PACK PROXY"
"9640","9640","aides culinaires et ingrédients divers","ingrédients divers","Son d'avoine","Oat bran","2",0,"Ambiant (long)","Pas de préparation",5,0.059543056999999996,0.48222525,7.3991385e-9,0.099835174,0.0017387476,4.0438967e-8,4.8848736e-9,5.3998599e-10,0.0044403658,0.00012382983,0.0040217556,0.01815661,2.2321869,62.294961,0.077538899,6.2397761,0.0000025715753,"PACK PROXY"
"9313","9313","produits céréaliers","céréales de petit-déjeuner et biscuits","Flocons d'avoine, bouillis/cuits à l'eau","Oat flakes, boiled/cooked in water","2",0,"Ambiant (long)","Pas de préparation",5,0.09989706200000001,0.80337817,1.1383194e-8,0.081349416,0.0027534101,6.2249616e-8,7.31934e-9,1.0421397e-9,0.0082551541,0.00022466712,0.0077829392,0.034484319,3.7299585,122.7144,0.17316956,8.0737588,0.0000039386227,"PACK PROXY"
"32140","32140","produits céréaliers","céréales de petit-déjeuner et biscuits","Flocon d'avoine précuit","Oat flakes, pre-cooked, raw","2",0,"Ambiant (long)","Pas de préparation",5,0.16929309,1.2875673,2.1031877e-8,0.55741439,0.0045878465,9.8973083e-8,1.4728316e-8,1.4255281e-9,0.012222734,0.0003287469,0.011163345,0.050593042,5.4456533,162.9548,0.25841242,22.674068,0.0000060343778,"PACK PROXY"
"9310","9310","produits céréaliers","pâtes, riz et céréales","Avoine, crue","Oat, raw","2",0,"Ambiant (long)","Pas de préparation",5,0.096182235,0.73744201,1.0692776e-8,0.082002448,0.0025690329,6.1805898e-8,7.2196199e-9,1.0353774e-9,0.0081924807,0.00022154697,0.007778529,0.034398529,3.7332934,123.10685,0.14080895,7.244481,0.0000037980297,"PACK AGB"
"18905","18905","boissons","boissons sans alcool","Boisson à base d'avoine, nature","Oat-based drink, plain, prepacked","2",0,"Ambiant (long)","Pas de préparation",5,0.061620657,0.53484862,1.3145447e-8,0.16507706,0.0018828627,3.3454621e-8,5.9468287e-9,4.2297039e-10,0.0031443704,0.00015149833,0.0021825413,0.010513486,6.3739094,35.919564,0.32139288,9.5233172,0.0000035818093,"PACK PROXY"
"9311","9311","produits céréaliers","farines et pâtes à tarte","Flocon d'avoine","Oatmeal flakes","2",0,"Ambiant (long)","Pas de préparation",5,0.12512744999999997,0.9572498,1.3605356e-8,0.18671034,0.0034946165,8.2229544e-8,9.6164247e-9,1.251172e-9,0.010130225,0.00027171597,0.009439869,0.042227467,4.7086768,147.34547,0.16521829,11.300862,0.0000051103704,"PACK PROXY"
"58103","58103","fruits, légumes, légumineuses et oléagineux","légumes","Gombo, fruit, cuit","Okra, cooked, without salt","2",0,"Ambiant (moyen)","Cuisson à l'eau",5,0.18607996999999998,1.8814724,5.1253972e-8,0.27154719,0.0077806269,7.5619457e-8,2.4615734e-8,4.3221713e-10,0.0087008895,0.00032452953,0.0068384532,0.027608135,30.433158,23.184339,1.9433018,28.094365,0.0000095717206,"PACK AGB"
"17270","17270","matières grasses","huiles et graisses végétales","Huile d'olive vierge extra","Olive oil, extra virgin","2",0,"Ambiant (long)","Pas de préparation",5,0.55653855,1.3123269,3.9915728e-8,0.26521689,0.013128935,3.0203981e-7,2.147794e-7,1.4976126e-9,0.040185123,0.00055486498,0.019294887,0.16256122,39.422013,606.43225,23.67854,30.92298,0.000015305986,"PACK AGB"
"13147","13147","aides culinaires et ingrédients divers","condiments","Olives vertes, fourrées ou farcies (anchois, poivrons, etc.)","Olive, green, stuffed (anchovy, sweet peppers, etc…)","2",0,"Glacé","Pas de préparation",5,0.13556329,1.1806579,3.1341676e-8,0.29907312,0.0058593073,8.2172351e-8,2.317075e-8,3.0411383e-10,0.0080240135,0.00014259147,0.0027667214,0.023859653,10.492709,48.947508,1.9943115,20.533994,0.0000051715334,"PACK PROXY"
"22506","22506","viandes, œufs, poissons","œufs","Omelette au fromage","Omelette, with cheese","2",0,"Glacé","Micro-onde",5,0.38142436,2.8820956,4.4727452e-8,0.86801609,0.0094635979,3.0922613e-7,4.9258708e-8,2.1452381e-9,0.042924029,0.00048731805,0.016351091,0.17980708,68.843502,175.6425,0.68954623,35.297843,0.000011716617,"PACK PROXY"
"22509","22509","viandes, œufs, poissons","œufs","Omelette aux fines herbes","Omelette, with herbs","2",0,"Glacé","Micro-onde",5,0.33101937,2.2992013,4.3683013e-8,0.83038334,0.009023423,2.4100979e-7,3.7480105e-8,2.0775233e-9,0.03346399,0.0004856615,0.015438763,0.13858521,74.270515,171.98141,0.70591282,33.875757,0.000011445063,"PACK PROXY"
"22507","22507","viandes, œufs, poissons","œufs","Omelette aux lardons","Omelette, with lardoons","2",0,"Glacé","Micro-onde",5,0.52301173,3.8523939,5.4918284e-8,1.0664618,0.01210639,4.321081e-7,5.4498502e-8,2.9144545e-9,0.060771187,0.00066149879,0.021418237,0.25489156,118.23201,247.06658,1.0351223,44.086535,0.000015970023,"PACK PROXY"
"22508","22508","viandes, œufs, poissons","œufs","Omelette aux champignons","Omelette, with mushrooms","2",0,"Glacé","Micro-onde",5,0.37382261,2.6796964,5.4009776e-8,0.95510105,0.0092495844,3.3038619e-7,3.9513803e-8,1.711623e-9,0.042399437,0.00045683343,0.01298736,0.18192679,59.308569,132.12683,0.69941424,42.288624,0.000011867944,"PACK PROXY"
"25529","25529","entrées et plats composés","pizzas, tartes et crêpes salées","Tarte à l'oignon","Onion tart","2",0,"Glacé","Four",5,0.36738534,2.8300943,1.5062568e-7,1.2800841,0.0079178341,2.68212e-7,5.1476785e-8,1.3087197e-8,0.035999023,0.00045387442,0.011377072,0.14697877,34.562717,123.60182,0.61766831,43.646175,0.000016582422,"PACK AGB"
"20035","20035","fruits, légumes, légumineuses et oléagineux","légumes","Oignon, cuit","Onion, cooked","2",0,"Ambiant (moyen)","Cuisson à l'eau",5,0.15631724,1.1727407,4.4158915e-8,0.20641516,0.0038770835,4.4848932e-8,1.0912461e-8,4.058702e-8,0.003830922,0.00010557785,0.0032741983,0.012110514,12.02011,44.000934,0.63666644,19.398162,0.0000056145886,"PACK AGB"
"20180","20180","fruits, légumes, légumineuses et oléagineux","légumes","Oignon, séché","Onion, dried","2",0,"Ambiant (moyen)","Pas de préparation",5,1.3732306,3.8522559,1.7892096e-7,13.219159,0.013062337,2.3787132e-7,5.6802261e-8,3.5991775e-7,0.021695643,0.000084220054,0.024293205,0.060931561,86.09209,334.30128,4.555764,309.31831,0.000032555747,"PACK AGB"
"20235","20235","fruits, légumes, légumineuses et oléagineux","légumes","Oignon, surgelé, cru","Onion, frozen, raw","2",0,"Congelé","Pas de préparation",5,0.12979770000000002,0.69007088,2.5350421e-8,0.57283523,0.0022264908,3.0738022e-8,9.0756801e-9,3.5296999e-8,0.0026817616,0.000049469838,0.0028177098,0.0078612092,10.188457,34.686233,0.47873022,19.190555,0.0000058358746,"PACK AGB"
"20034","20034","fruits, légumes, légumineuses et oléagineux","légumes","Oignon, cru","Onion, raw","2",0,"Ambiant (moyen)","Pas de préparation",5,0.082928537,0.39228626,1.7366204e-8,0.041859486,0.0014036741,2.220249e-8,4.9501661e-9,3.4255588e-8,0.0017873741,-0.000029872374,0.0022905313,0.0063105149,8.3388388,31.598986,0.37100344,4.7461217,0.0000021163507,"PACK AGB"
"18156","18156","boissons","boissons sans alcool","Thé oolong, infusé, non sucré","Oolong tea, brewed, without sugar","2",0,"Ambiant (long)","Cuisson à l'eau",5,0.016599069,0.055482086,8.1945046e-10,0.06742541,0.00017047575,6.1585182e-9,1.3900526e-9,4.6528312e-11,0.00047117074,0.00001731867,0.00024435635,0.0017192364,1.6052078,4.0378354,0.99709257,1.6970489,6.7797405e-7,"PACK PROXY"
"2013","2013","boissons","boissons sans alcool","Jus d'orange, maison","Orange juice, home-made","2",0,"Glacé","Pas de préparation",5,0.22333379,2.0753025,5.4339634e-7,0.32579995,0.010118101,1.0118429e-7,2.8792514e-8,5.7416341e-10,0.016038084,0.0003187929,0.0077206202,0.054891073,32.190563,47.592311,1.9918632,23.371027,0.000018701701,"PACK PROXY"
"2012","2012","boissons","boissons sans alcool","Jus d'orange, à base de concentré","Orange juice, reconstituted from a concentrate","2",0,"Ambiant (long)","Pas de préparation",5,0.13143951,1.1658771,5.2297647e-7,0.12810734,0.0043915186,7.0921214e-8,1.2933922e-8,1.9987053e-10,0.0070327221,0.00019865892,0.0039339077,0.027110604,37.644313,29.027873,0.6192735,13.108377,0.000016001938,"PACK PROXY"
"2375","2375","boissons","boissons sans alcool","Nectar d'orange","Orange nectar","2",0,"Ambiant (long)","Pas de préparation",5,0.10145554999999999,0.84373978,5.388548e-7,0.17787634,0.0030776947,5.1802113e-8,8.0868147e-9,1.4989829e-10,0.0050365651,0.00014419265,0.0025137991,0.018894272,21.580053,18.189149,0.45410046,12.080159,0.000015697198,"PACK PROXY"
"13034","13034","fruits, légumes, légumineuses et oléagineux","fruits","Orange, pulpe, crue","Orange, pulp, raw","2",0,"Ambiant (moyen)","Pas de préparation",5,0.13835822,0.55320136,2.001699e-8,0.049487171,0.0026633785,4.4680587e-8,2.1889334e-8,2.0373739e-10,0.0052075621,0.00010382063,0.0014687448,0.020945317,10.656127,25.373112,10.311395,6.6754803,0.0000031511893,"PACK AGB"
"11035","11035","aides culinaires et ingrédients divers","herbes","Origan, séché","Oregano, dried","2",0,"Ambiant (long)","Pas de préparation",5,0.46775326,2.707072,8.8039644e-8,0.32162004,0.01141475,2.7179068e-7,4.2255253e-8,6.8579431e-10,0.032074862,0.0005650429,0.016093499,0.12408767,22.458512,142.79786,20.143903,37.294694,0.000010542717,"PACK PROXY"
"12119","12119","lait et produits laitiers","fromages","Ossau-Iraty","Ossau-Iraty cheese, from ewe's milk","2",0,"Glacé","Pas de préparation",5,0.53735681,4.2489869,4.3774125e-8,0.66138364,0.0092955901,6.0496551e-7,8.5268493e-8,2.1095919e-9,0.083963778,0.00044554664,0.014877381,0.36773061,13.583976,315.20956,0.50528425,31.978712,0.00001119991,"PACK AGB"
"25164","25164","entrées et plats composés","plats composés","Osso buco","Osso buco","2",0,"Glacé","Micro-onde",5,0.95851476,9.4445069,1.5235249e-7,1.3583078,0.021097798,7.4255283e-7,1.2961816e-7,7.8850989e-9,0.10116607,0.0010094275,0.035710404,0.42333312,98.147255,456.30265,2.7236275,87.53284,0.0000262031,"PACK AGB"
"25610","25610","viandes, œufs, poissons","charcuteries","Museau de boeuf en vinaigrette","Ox muzzle in salad dressing sauce","2",0,"Glacé","Pas de préparation",5,2.7228073,21.914633,8.4757834e-8,0.61597446,0.033800416,0.0000022249791,0.0000036981309,2.3209276e-8,0.32714705,0.0012155636,0.079930296,1.4386259,99.488479,2169.9291,1.9477072,52.409974,0.000032099491,"PACK AGB"
"10011","10011","viandes, œufs, poissons","mollusques et crustacés crus","Huître, sans précision, crue","Oyster, raw","2",0,"Glacé","Pas de préparation",5,0.48688276,5.5221655,1.3609156e-7,0.89597202,0.032774349,1.7781964e-7,3.6217352e-8,1.3246284e-9,0.025119694,0.00086561934,0.010281154,0.10035548,14.424679,246.66807,0.86055719,83.008375,0.000024470327,"PACK PROXY"
"10035","10035","viandes, œufs, poissons","mollusques et crustacés crus","Huître creuse, crue","Pacific oyster, raw","2",0,"Glacé","Pas de préparation",5,0.48688276,5.5221655,1.3609156e-7,0.89597202,0.032774349,1.7781964e-7,3.6217352e-8,1.3246284e-9,0.025119694,0.00086561934,0.010281154,0.10035548,14.424679,246.66807,0.86055719,83.008375,0.000024470327,"PACK PROXY"
"25031","25031","entrées et plats composés","plats composés","Paëlla","Paëlla","2",0,"Glacé","Micro-onde",5,0.50249558,3.5156717,8.3687853e-8,0.74814083,0.030068547,4.1389201e-7,1.950954e-7,3.7135742e-9,0.054027805,0.00042137524,0.018369318,0.17777641,43.704153,76.515079,4.0000866,51.702606,0.000012413893,"PACK PROXY"
"20018","20018","fruits, légumes, légumineuses et oléagineux","légumes","Coeur de palmier, appertisé, égoutté","Palm heart, canned, drained","2",0,"Ambiant (long)","Pas de préparation",5,0.15893962,1.6414165,5.2853618e-8,0.28057087,0.0066611181,8.0621342e-8,3.7644795e-8,7.9955906e-9,0.0076907977,0.00033650605,0.0029623915,0.023364004,7.1657555,19.909436,1.5163521,23.270108,0.0000045298636,"PACK AGB"
"16129","16129","matières grasses","huiles et graisses végétales","Huile de palme, sans précision","Palm oil","2",0,"Ambiant (long)","Pas de préparation",5,0.25491351,2.9799497,1.697805e-8,0.18027076,0.0092510429,2.7037338e-7,1.9495892e-8,1.2467326e-9,0.014005154,0.00025766404,0.013002686,0.052081775,44.641286,94.746608,1.498205,16.484577,0.0000055437901,"PACK PROXY"
"16150","16150","matières grasses","huiles et graisses végétales","Huile de palme raffinée","Palm oil, refined","2",0,"Ambiant (long)","Pas de préparation",5,0.2907483,3.4463329,2.6817123e-8,0.19399533,0.010777505,3.0503937e-7,2.3391675e-8,1.3393906e-9,0.015220108,0.0003031531,0.01353327,0.05549074,46.416417,100.17472,1.5646498,22.622335,0.0000070934696,"PACK PROXY"
"28858","28858","viandes, œufs, poissons","charcuteries","Pancetta ou Poitrine roulée sèche","Pancetta, dried","2",0,"Glacé","Pas de préparation",5,1.7222452,13.104505,0.0000023556606,3.9775734,0.033370567,0.0000014160903,1.5274149e-7,7.8571734e-9,0.19810958,0.0019849859,0.054670885,0.82984285,349.88475,660.68769,3.1054866,149.68558,0.000095582084,"PACK AGB"
"27018","27018","viandes, œufs, poissons","poissons cuits","Panga, Pangasius, ou poisson-chat du Mékong, filet, cuit","Pangasius, filets, cooked","2",0,"Glacé","Four",5,5.2797727,16.568191,0.0000019784026,2.2077755,0.054243196,7.9553608e-7,9.6936404e-8,2.8657094e-9,0.085961695,0.032105387,0.039787703,0.22618981,90.253814,305.5403,461.53438,193.45207,0.000078467692,"PACK PROXY"
"7170","7170","produits céréaliers","pains et viennoiseries","Pain panini","Panini bread","2",0,"Ambiant (court)","Pas de préparation",5,0.15867123,1.1996385,2.2547351e-8,0.47050429,0.0042891815,9.5532022e-8,2.6332322e-8,7.3820562e-10,0.012269451,0.00020543773,0.0063650086,0.050837618,11.294011,88.120759,1.6051092,21.752371,0.000004927747,"PACK PROXY"
"19685","19685","lait et produits laitiers","produits laitiers frais et assimilés","Panna cotta, rayon frais","Panna cotta, refrigerated","2",0,"Glacé","Pas de préparation",5,0.37180101,3.3736072,6.1378644e-8,0.74592339,0.0078041867,3.4082991e-7,5.4996049e-8,1.4369835e-9,0.047229123,0.00032872134,0.011879452,0.19988194,28.627438,115.35154,0.79973339,33.062939,0.0000094903133,"PACK AGB"
"13035","13035","fruits, légumes, légumineuses et oléagineux","fruits","Papaye, pulpe, crue","Papaya, pulp, raw","2",0,"Ambiant (moyen)","Pas de préparation",5,0.099633758,0.9329634,2.5055498e-8,0.063925687,0.0058229682,5.166137e-8,1.5840485e-8,2.0746665e-10,0.0070227344,0.00011943184,0.0037324343,0.021126478,3.4137026,14.435984,1.8689261,11.116049,0.0000042731744,"PACK AGB"
"11049","11049","aides culinaires et ingrédients divers","épices","Paprika","Paprika","2",0,"Ambiant (long)","Pas de préparation",5,1.0200725000000002,7.9092152,1.3646334e-7,0.43694753,0.036178644,4.8708449e-7,1.0758464e-7,1.9692081e-9,0.060872124,0.0021135464,0.055104965,0.21056237,75.566316,623.1687,18.352755,85.508946,0.000081551115,"PACK PROXY"
"28844","28844","viandes, œufs, poissons","charcuteries","Jambon sec de Parme","Parma dry-cured ham","2",0,"Glacé","Pas de préparation",5,1.7222452,13.104505,0.0000023556606,3.9775734,0.033370567,0.0000014160903,1.5274149e-7,7.8571734e-9,0.19810958,0.0019849859,0.054670885,0.82984285,349.88475,660.68769,3.1054866,149.68558,0.000095582084,"PACK AGB"
"12120","12120","lait et produits laitiers","fromages","Parmesan","Parmesan cheese, from cow's milk","2",0,"Glacé","Pas de préparation",5,0.54762316,5.0872348,4.7880912e-8,0.57078468,0.011125235,5.5790545e-7,8.9313209e-8,2.3259005e-9,0.077117402,0.00049129697,0.018659717,0.32846587,46.292252,183.54952,0.67455211,32.338285,0.000012365689,"PACK AGB"
"11024","11024","aides culinaires et ingrédients divers","herbes","Persil, séché","Parsley, dried","2",0,"Ambiant (long)","Pas de préparation",5,0.77622496,4.3672793,1.0946775e-7,0.36102587,0.024669227,4.6246126e-7,2.6917711e-7,7.2828005e-9,0.066726783,0.0010649279,0.094062002,0.28258356,32.624763,590.41892,8.0651475,48.516819,0.000016139567,"PACK PROXY"
"11014","11014","aides culinaires et ingrédients divers","herbes","Persil, frais","Parsley, fresh","2",0,"Ambiant (long)","Pas de préparation",5,0.18224887,1.1511116,1.9445804e-8,0.087062581,0.0057015946,1.0268763e-7,6.0497224e-8,1.6501059e-9,0.014346288,0.00025021507,0.020755958,0.061908917,5.0283592,130.70086,1.8277856,13.966219,0.0000047943736,"PACK PROXY"
"20133","20133","fruits, légumes, légumineuses et oléagineux","légumes","Panais, cuit","Parsnip, cooked","2",0,"Ambiant (moyen)","Cuisson à l'eau",5,0.11445472999999999,1.3811833,4.7988774e-8,0.21562034,0.004435974,5.1223779e-8,1.1056573e-8,3.9180173e-10,0.0040889453,0.00024325245,0.0021328927,0.013216477,6.0124268,20.815705,0.66463712,21.544286,0.0000058985614,"PACK AGB"
"20181","20181","fruits, légumes, légumineuses et oléagineux","légumes","Panais, cru","Parsnip, raw","2",0,"Ambiant (moyen)","Pas de préparation",5,0.042750559,0.50475102,1.871497e-8,0.045485795,0.0016770296,2.6031035e-8,4.6322093e-9,1.7836451e-10,0.001863395,0.000073154627,0.0012760752,0.0068619044,3.0430881,11.368287,0.3782601,5.570953,0.0000021548678,"PACK AGB"
"13016","13016","fruits, légumes, légumineuses et oléagineux","fruits","Fruit de la passion ou maracudja, pulpe et pépins, cru","Passion fruit, pulp and pips, raw","2",0,"Ambiant (moyen)","Pas de préparation",5,0.15123799000000002,0.6374767,2.5441788e-8,0.056106673,0.0032326765,5.5891931e-8,9.3544149e-9,1.7561985e-10,0.0047453559,0.00010382563,0.0027016785,0.016003505,3.3919436,22.72486,11.824084,7.3332655,0.0000033642966,"PACK AGB"
"25122","25122","entrées et plats composés","plats composés","Gratin de pâtes","Pasta au gratin (oven grilled)","2",0,"Glacé","Micro-onde",5,0.39049023,3.2603276,0.0000014655262,0.80585228,0.0096280196,2.4664005e-7,4.9577571e-8,1.6487206e-9,0.032566774,0.00060680671,0.012244114,0.12967939,20.195451,127.70632,0.73210042,45.015935,0.000047036058,"PACK AGB"
"25198","25198","entrées et plats composés","plats composés","Pâtes en sauce aux fromages (spaghetti, tagliatelles…)","Pasta with cheese sauce (spaghetti, tagliatelle…)","2",0,"Glacé","Micro-onde",5,0.41147215000000004,3.3376317,0.000001460465,0.84056315,0.0097813196,2.8481728e-7,5.3805132e-8,1.7450659e-9,0.037470309,0.00057440861,0.01322064,0.15371018,33.984848,134.16865,0.73793399,42.757794,0.000045263036,"PACK AGB"
"25568","25568","entrées et plats composés","pizzas, tartes et crêpes salées","Pastilla au poulet","Pastilla, filled with chicken (pie)","2",0,"Glacé","Four",5,0.8643415,4.1559227,1.9678243e-7,1.3804261,0.01991933,5.3657705e-7,2.1285563e-7,6.4461739e-9,0.06298204,0.0010402832,0.02251169,0.25118659,95.083468,214.4597,29.698728,72.719059,0.000040260951,"PACK PROXY"
"1000","1000","boissons","boisson alcoolisées","Pastis","Pastis (anise-flavoured spirit)","2",0,"Ambiant (long)","Réfrigéré chez le consommateur",5,0.71775655,4.5470101,8.8529047e-8,1.2582273,0.020534585,3.0534318e-7,2.0257381e-7,4.2918302e-9,0.031213544,0.0010005902,0.038872195,0.11648847,337.14825,710.32933,1.2983204,64.833911,0.000051023939,"PACK PROXY"
"24060","24060","produits céréaliers","céréales de petit-déjeuner et biscuits","Biscuit pâtissier meringué","Pastry biscuit with meringue","2",0,"Ambiant (long)","Pas de préparation",5,0.27248497,2.249955,4.1512201e-8,0.57399028,0.00803419,1.8732615e-7,1.6802066e-8,1.2030454e-9,0.024428635,0.00038794508,0.010665774,0.10011317,36.343037,103.11184,1.450926,36.060935,0.00000928011,"PACK PROXY"
"39710","39710","lait et produits laitiers","produits laitiers frais et assimilés","Crème pâtissière","Pastry cream or custard","2",0,"Glacé","Pas de préparation",5,0.16873103,1.3596185,1.3998411e-7,0.63886001,0.0039761655,1.3106522e-7,1.9669536e-8,6.3976525e-10,0.016765832,0.00021584235,0.005099895,0.068760376,10.407827,44.137555,0.51850003,22.80714,0.0000081145177,"PACK AGB"
"23455","23455","produits céréaliers","gâteaux et pâtisseries","Chou à la crème (chantilly ou pâtissière)","Pastry cream puff","2",0,"Ambiant (long)","Pas de préparation",5,0.36785781,2.8430926,0.000001783448,0.63641653,0.0074745427,2.6527409e-7,4.6806216e-8,1.4635582e-9,0.036439301,0.00033321169,0.011147452,0.15163664,33.487001,112.23851,0.450113,31.844067,0.000050759428,"PACK PROXY"
"23412","23412","produits céréaliers","farines et pâtes à tarte","Pâte brisée, matière grasse végétale, cuite","Pastry, short crust, baked","2",0,"Glacé","Four",5,0.36774083999999996,3.1572283,4.7166697e-8,1.2192168,0.0081528717,2.8574928e-7,5.2510924e-8,1.5681952e-9,0.040068618,0.00035427936,0.012122756,0.1682811,27.508791,123.37992,0.61668419,44.220719,0.000013646705,"PACK PROXY"
"8391","8391","viandes, œufs, poissons","charcuteries","Pâté en croûte","Pâté in crust","2",0,"Ambiant (long)","Pas de préparation",5,1.2234912,9.707171,7.6888324e-8,1.3306724,0.023432878,0.000001259464,1.6653411e-7,6.3296666e-9,0.17823457,0.0010019011,0.044071787,0.7667709,166.13494,606.62336,1.7717488,67.694133,0.00002490697,"PACK AGB"
"8201","8201","viandes, œufs, poissons","charcuteries","Pâté au poivre vert","Pâté w green pepper","2",0,"Ambiant (long)","Pas de préparation",5,0.5670655699999999,4.7864722,6.2248969e-8,1.0728782,0.013656911,4.7470395e-7,5.2924767e-8,4.9083052e-9,0.062827717,0.00066656165,0.018254395,0.25550219,113.98623,213.8457,1.3776691,53.707003,0.000015586306,"PACK AGB"
"39401","39401","glaces et sorbets","desserts glacés","Pêche melba","Peach melba (with vanilla ice cream and raspberry sauce)","2",0,"Congelé","Pas de préparation",5,0.33348346,2.4967606,0.0000020224743,0.88853134,0.0068153261,1.969452e-7,3.5462521e-8,8.899813e-10,0.025754876,0.00034835211,0.007004221,0.10244712,18.954087,62.94541,1.0181515,38.684216,0.000059495748,"PACK PROXY"
"2371","2371","boissons","boissons sans alcool","Nectar de pêche","Peach nectar","2",0,"Ambiant (long)","Pas de préparation",5,0.14000942,0.59062055,5.3944167e-7,0.22802851,0.0021873807,3.7863041e-8,2.1089806e-8,3.2087275e-10,0.0036694828,0.00011975466,0.0009886033,0.012246557,16.842764,24.209917,7.372682,12.044636,0.000016935977,"PACK PROXY"
"13730","13730","fruits, légumes, légumineuses et oléagineux","fruits","Pêche au sirop léger, appertisée, égouttée","Peach, canned in light syrup, drained","2",0,"Ambiant (long)","Pas de préparation",5,0.26864709000000003,1.7547875,2.6746753e-8,1.5254325,0.0046158621,7.808951e-8,3.841603e-8,4.7561943e-9,0.0048751858,0.0004364499,0.0026261475,0.012662438,32.001931,39.693446,9.6445948,45.09329,0.0000079410244,"PACK AGB"
"13731","13731","fruits, légumes, légumineuses et oléagineux","fruits","Pêche au sirop léger, appertisée, non égouttée","Peach, canned in light syrup, not drained","2",0,"Ambiant (long)","Pas de préparation",5,0.15069363,0.98430598,1.5002963e-8,0.85565722,0.0025890222,4.3802172e-8,2.1544322e-8,2.6680413e-9,0.0027344514,0.00024450318,0.0014657831,0.0071018954,17.932226,22.266636,5.4134425,25.29406,0.0000044540539,"PACK AGB"
"13118","13118","fruits, légumes, légumineuses et oléagineux","fruits","Pêche, sèche","Peach, dried","2",0,"Ambiant (moyen)","Pas de préparation",5,1.4720195,3.9985458,9.9554282e-8,10.198911,0.016324505,2.198544e-7,2.5398306e-7,5.6959072e-9,0.021176406,0.0010668631,0.0063938937,0.057682826,209.55477,262.54655,81.596734,255.30192,0.000043145893,"PACK AGB"
"13043","13043","fruits, légumes, légumineuses et oléagineux","fruits","Pêche, pulpe et peau, crue","Peach, pulp and peel, raw","2",0,"Ambiant (moyen)","Pas de préparation",5,0.13033616,0.57340412,2.1736165e-8,0.05422478,0.0022766155,2.9265785e-8,2.9535342e-8,6.4827415e-10,0.002353034,0.000094327406,0.00078357768,0.0078021212,24.355564,30.010154,9.305589,7.2079645,0.0000042706646,"PACK AGB"
"15001","15001","fruits, légumes, légumineuses et oléagineux","fruits à coque et graines oléagineuses","Cacahuète ou Arachide","Peanut","2",0,"Ambiant (long)","Pas de préparation",5,0.47523707,3.2516318,4.1441732e-8,0.12520261,0.010485765,3.2186518e-7,7.4103069e-8,6.4668226e-10,0.048393386,0.00090208264,0.029680492,0.20482296,10.386626,382.75077,10.419992,18.631091,0.0000097098405,"PACK PROXY"
"15202","15202","fruits, légumes, légumineuses et oléagineux","fruits à coque et graines oléagineuses","Beurre de cacahuète ou Pâte d'arachide","Peanut butter or peanut paste","2",0,"Ambiant (long)","Pas de préparation",5,1.1407536,7.9444391,9.4283324e-8,1.1117446,0.026968182,7.5617202e-7,1.8204497e-7,2.3487338e-9,0.10942234,0.0020846101,0.066326248,0.45272756,43.138629,830.07893,22.863955,68.156732,0.000021792129,"PACK PROXY"
"17040","17040","matières grasses","huiles et graisses végétales","Huile d'arachide","Peanut oil","2",0,"Ambiant (long)","Pas de préparation",5,0.94719285,4.2214125,2.5681074e-7,0.23727086,0.022845721,6.3227273e-7,1.959499e-7,6.3024616e-9,0.093750733,0.0018546688,0.057400559,0.39330837,88.687846,777.65878,24.483192,40.498411,0.00001973493,"PACK AGB"
"20581","20581","fruits, légumes, légumineuses et oléagineux","fruits à coque et graines oléagineuses","Arachide, bouillie/cuite à l'eau, salée","Peanut, boiled/cooked in water, w salt","2",0,"Ambiant (long)","Micro-onde",5,0.47942873999999996,3.2629224,4.1765553e-8,0.19156716,0.010530045,3.2259906e-7,7.4572994e-8,6.5510535e-10,0.048478586,0.00090808612,0.029696678,0.20495809,10.454205,382.83411,10.424519,20.105854,0.00001025265,"PACK PROXY"
"15037","15037","fruits, légumes, légumineuses et oléagineux","fruits à coque et graines oléagineuses","Cacahuète, grillée","Peanut, grilled","2",0,"Ambiant (long)","Pas de préparation",5,0.47523707,3.2516318,4.1441732e-8,0.12520261,0.010485765,3.2186518e-7,7.4103069e-8,6.4668226e-10,0.048393386,0.00090208264,0.029680492,0.20482296,10.386626,382.75077,10.419992,18.631091,0.0000097098405,"PACK PROXY"
"15002","15002","fruits, légumes, légumineuses et oléagineux","fruits à coque et graines oléagineuses","Cacahuète, grillée, salée","Peanut, grilled, salted","2",0,"Ambiant (long)","Pas de préparation",5,0.47523707,3.2516318,4.1441732e-8,0.12520261,0.010485765,3.2186518e-7,7.4103069e-8,6.4668226e-10,0.048393386,0.00090208264,0.029680492,0.20482296,10.386626,382.75077,10.419992,18.631091,0.0000097098405,"PACK PROXY"
"2054","2054","boissons","boissons sans alcool","Nectar de poire","Pear nectar","2",0,"Ambiant (long)","Pas de préparation",5,0.091258045,0.59506258,5.44199e-7,0.21627276,0.0026984006,3.821136e-8,1.2052736e-8,2.1699306e-10,0.0042891214,0.00011472879,0.0012602763,0.0158084,15.195704,25.499276,0.67059532,11.9244,0.000017427037,"PACK PROXY"
"13735","13735","fruits, légumes, légumineuses et oléagineux","fruits","Poire au sirop léger, appertisée, non égouttée","Pear, canned in light syrup, not drained","2",0,"Ambiant (long)","Pas de préparation",5,0.10463054000000001,0.68227631,1.8596162e-8,0.8449855,0.0028131508,4.4763866e-8,1.2435373e-8,2.5011981e-9,0.0033152182,0.00019503231,0.0010510054,0.010422207,11.330455,22.036232,0.85228068,24.994313,0.0000046331054,"PACK AGB"
"13107","13107","fruits, légumes, légumineuses et oléagineux","fruits","Poire, pulpe, crue","Pear, peeled, raw","2",0,"Ambiant (moyen)","Pas de préparation",5,0.06546477299999999,0.49801849,2.6262739e-8,0.034000627,0.0027678969,2.9873947e-8,1.3966659e-8,3.4537407e-10,0.0033632343,0.000077709493,0.0010965319,0.013387635,16.78041,30.451497,1.2467129,6.3933637,0.0000045039881,"PACK AGB"
"13037","13037","fruits, légumes, légumineuses et oléagineux","fruits","Poire, pulpe et peau, crue","Pear, pulp and peel, raw","2",0,"Ambiant (moyen)","Pas de préparation",5,0.06546477299999999,0.49801849,2.6262739e-8,0.034000627,0.0027678969,2.9873947e-8,1.3966659e-8,3.4537407e-10,0.0033632343,0.000077709493,0.0010965319,0.013387635,16.78041,30.451497,1.2467129,6.3933637,0.0000045039881,"PACK AGB"
"9322","9322","produits céréaliers","pâtes, riz et céréales","Orge perlée, bouilli/cuite à l'eau, non salée","Pearled barley, boiled/cooked in water, unsalted","2",0,"Ambiant (long)","Pas de préparation",5,0.052788766,0.42856655,1.0340392e-8,0.18274279,0.0012838336,2.7852729e-8,6.0330862e-9,3.8849024e-10,0.0035685353,0.000093679431,0.002390371,0.01436876,4.0544412,37.351415,0.080744552,8.1216791,0.0000028534815,"PACK AGB"
"9321","9321","produits céréaliers","pâtes, riz et céréales","Orge perlée, crue","Pearled barley, raw","2",0,"Ambiant (long)","Pas de préparation",5,0.083542919,0.65101485,1.1565498e-8,0.080369923,0.0022397348,5.7877838e-8,1.0694552e-8,7.8396663e-10,0.0073838017,0.00017025392,0.0052117086,0.030963759,8.5826841,83.869201,0.14259189,6.8611329,0.0000034783986,"PACK AGB"
"15026","15026","fruits, légumes, légumineuses et oléagineux","fruits à coque et graines oléagineuses","Noix de pécan","Pecan nut","2",0,"Ambiant (long)","Pas de préparation",5,0.37545291999999997,2.3739067,1.0594531e-7,0.37131913,0.0095466873,8.4787913e-8,5.6188347e-8,1.4358274e-9,0.013259362,0.00058706318,0.0071717134,0.042227556,119.95505,418.09291,7.3779516,32.429773,0.000041187573,"PACK PROXY"
"15046","15046","fruits, légumes, légumineuses et oléagineux","fruits à coque et graines oléagineuses","Noix de pécan, salées","Pecan nut, salted","2",0,"Ambiant (long)","Pas de préparation",5,0.37545291999999997,2.3739067,1.0594531e-7,0.37131913,0.0095466873,8.4787913e-8,5.6188347e-8,1.4358274e-9,0.013259362,0.00058706318,0.0071717134,0.042227556,119.95505,418.09291,7.3779516,32.429773,0.000041187573,"PACK PROXY"
"24663","24663","produits céréaliers","gâteaux et pâtisseries","Tarte aux poires amandine","Peer tart with almonds","2",0,"Ambiant (long)","Pas de préparation",5,0.63765156,2.7471919,0.0000017953118,0.65347961,0.010267907,3.4819673e-7,1.7625267e-7,1.496838e-9,0.04280697,0.00050367839,0.01390849,0.17649243,46.78191,157.82607,26.504009,36.845666,0.000059054168,"PACK PROXY"
"12831","12831","lait et produits laitiers","fromages","Pélardon (fromage de chèvre)","Pélardon cheese, from goat's milk","2",0,"Glacé","Pas de préparation",5,1.0093101,7.7252018,6.5179651e-8,0.74845837,0.015106009,0.0000011843192,8.7257954e-8,3.3591523e-9,0.16826558,0.00079784167,0.032577169,0.73180943,52.452726,532.05462,2.4068935,46.597944,0.000017725595,"PACK AGB"
"13066","13066","fruits, légumes, légumineuses et oléagineux","fruits","Kaki, pulpe, cru","Persimmon, pulp, raw","2",0,"Ambiant (moyen)","Pas de préparation",5,0.19053268,0.92260861,2.7981336e-8,0.031024396,0.0059401558,1.1551343e-7,2.2361896e-8,1.6857846e-9,0.012211561,0.00017783515,0.0047264486,0.046230403,53.316212,51.799071,8.1252636,9.9527826,0.000004308386,"PACK AGB"
"10049","10049","viandes, œufs, poissons","mollusques et crustacés crus","Pétoncle ou Peigne du Pérou, noix, crue","Peru sea scallop, without coral, raw","2",0,"Glacé","Pas de préparation",5,1.3804653999999998,12.229685,2.9222873e-7,0.4927254,0.13936833,0.0000013887729,5.90849e-8,3.4175569e-9,0.17735753,0.0011691214,0.051241339,0.48385965,41.613058,29.820754,0.42927248,123.34808,0.000061603912,"PACK PROXY"
"19666","19666","lait et produits laitiers","produits laitiers frais et assimilés","Fromage frais type petit suisse, nature, 10% MG environ","Petit-Suisse like fresh cream cheese, plain, around 9% fat","2",0,"Glacé","Pas de préparation",5,0.21747761,2.0332201,1.7034906e-7,0.40894223,0.0047742256,1.8906179e-7,3.2952968e-8,8.8702524e-10,0.026248342,0.00019381047,0.0061739107,0.11073839,16.480123,62.941151,0.24290249,20.279671,0.0000094299674,"PACK AGB"
"19667","19667","lait et produits laitiers","produits laitiers frais et assimilés","Fromage frais type petit suisse, aromatisé aux fruits, 2-3% MG, enrichi en calcium et vitamine D","Petit-Suisse, fresh cream cheese type, fruits flavoured, 2-3% fat, fortified with calcium and vitamin D","2",0,"Glacé","Pas de préparation",5,0.18580253,1.7439001,1.687668e-7,0.39832873,0.0042234915,1.5449738e-7,2.7206339e-8,7.4453909e-10,0.021132681,0.00017841947,0.0050023032,0.088595743,13.425648,50.743312,0.21129658,19.411036,0.0000088595694,"PACK AGB"
"19664","19664","lait et produits laitiers","produits laitiers frais et assimilés","Fromage frais type petit suisse, nature, 4% MG environ","Petit-Suisse, fresh cream cheese type, plain, around 4% fat","2",0,"Glacé","Pas de préparation",5,0.18580253,1.7439001,1.687668e-7,0.39832873,0.0042234915,1.5449738e-7,2.7206339e-8,7.4453909e-10,0.021132681,0.00017841947,0.0050023032,0.088595743,13.425648,50.743312,0.21129658,19.411036,0.0000088595694,"PACK AGB"
"19663","19663","lait et produits laitiers","produits laitiers frais et assimilés","Fromage frais type petit suisse, nature, 0% MG","Petit-Suisse, fresh cream cheese type, plain, fat free","2",0,"Glacé","Pas de préparation",5,0.16695317,1.5718523,1.6783977e-7,0.39215615,0.0038959988,1.339042e-7,2.3782448e-8,6.59699e-10,0.018084601,0.00016926418,0.0043042582,0.075401527,11.605616,43.47445,0.1924419,18.902208,0.000008520003,"PACK AGB"
"19661","19661","lait et produits laitiers","produits laitiers frais et assimilés","Fromage frais type petit suisse, aux fruits, 2-3% MG","Petit-Suisse, fresh cream cheese type, with fruits, 2-3% fat","2",0,"Glacé","Pas de préparation",5,0.18580253,1.7439001,1.687668e-7,0.39832873,0.0042234915,1.5449738e-7,2.7206339e-8,7.4453909e-10,0.021132681,0.00017841947,0.0050023032,0.088595743,13.425648,50.743312,0.21129658,19.411036,0.0000088595694,"PACK AGB"
"19662","19662","lait et produits laitiers","produits laitiers frais et assimilés","Fromage frais type petit suisse, aux fruits, 2-3% MG, enrichi en calcium et vitamine D","Petit-Suisse, fresh cream cheese type, with fruits, 2-3% fat, fortified with calcium and vitamin D","2",0,"Glacé","Pas de préparation",5,0.18580253,1.7439001,1.687668e-7,0.39832873,0.0042234915,1.5449738e-7,2.7206339e-8,7.4453909e-10,0.021132681,0.00017841947,0.0050023032,0.088595743,13.425648,50.743312,0.21129658,19.411036,0.0000088595694,"PACK AGB"
"36402","36402","viandes, œufs, poissons","viandes cuites","Faisan, viande, rôtie/cuite au four","Pheasant, meat, roasted/baked","2",0,"Glacé","Four",5,0.99387483,7.0007814,1.2305719e-7,1.2478598,0.029050493,9.4412658e-7,1.0367957e-7,5.066291e-9,0.12851504,0.0011162201,0.034897283,0.53406334,189.32327,285.30159,1.951294,85.416682,0.00003644087,"PACK AGB"
"23445","23445","produits céréaliers","farines et pâtes à tarte","Pâte phyllo ou Pâte filo, crue","Phyllo or filo dough, raw","2",0,"Glacé","Four",5,0.28386545,2.0283789,5.6087274e-8,1.1605912,0.0075316107,1.4563934e-7,4.0603941e-8,1.4224805e-9,0.019026363,0.00044551963,0.010587056,0.076099902,32.388366,182.88828,2.0717487,42.822851,0.000012901613,"PACK PROXY"
"12836","12836","lait et produits laitiers","fromages","Picodon (fromage de chèvre)","Picodon cheese, from goat's milk","2",0,"Glacé","Pas de préparation",5,0.93059023,7.1673948,6.2235699e-8,0.71729376,0.014195158,0.0000010846975,8.0362921e-8,3.1184075e-9,0.15372018,0.00075900105,0.029882301,0.66770502,48.340986,485.60597,2.222607,44.774158,0.000016531961,"PACK AGB"
"36602","36602","viandes, œufs, poissons","viandes cuites","Pigeon, viande, rôtie/cuite au four","Pigeon, meat, roasted/baked","2",0,"Glacé","Four",5,0.99387483,7.0007814,1.2305719e-7,1.2478598,0.029050493,9.4412658e-7,1.0367957e-7,5.066291e-9,0.12851504,0.0011162201,0.034897283,0.53406334,189.32327,285.30159,1.951294,85.416682,0.00003644087,"PACK AGB"
"26027_2","26027_2","viandes, œufs, poissons","produits à base de poissons et produits de la mer","Pilchard, sauce tomate, appertisé","Pilchard, in tomato sauce, canned","2",0,"Ambiant (long)","Pas de préparation",5,0.34567992000000003,1.8553753,5.3426808e-8,0.40386672,0.017199239,2.5143566e-7,8.0313029e-8,2.0691676e-9,0.029975499,0.00066234494,0.0099382087,0.090440707,16.307936,183.54831,7.0361167,34.988141,0.000014981659,"PACK AGB"
"26027_1","26027","viandes, œufs, poissons","produits à base de poissons et produits de la mer","Pilchard, sauce tomate, appertisé, égoutté","Pilchard, in tomato sauce, canned, drained","2",0,"Ambiant (long)","Pas de préparation",5,0.49122152999999996,2.6365715,7.5920749e-8,0.57396461,0.024440467,3.5729403e-7,1.1413068e-7,2.9403519e-9,0.042595575,0.00094151202,0.01412929,0.1285176,23.192771,260.82254,9.9953962,49.720228,0.000021289575,"PACK AGB"
"15025","15025","fruits, légumes, légumineuses et oléagineux","fruits à coque et graines oléagineuses","Pignon de pin","Pine nuts","2",0,"Ambiant (long)","Pas de préparation",5,0.36828703,2.1095559,1.0573492e-7,0.37252098,0.010273663,8.2617485e-8,5.5334902e-8,1.4360818e-9,0.01430361,0.00054718753,0.0069091559,0.045610962,117.70034,417.38757,7.3780706,32.402432,0.000041079453,"PACK PROXY"
"2073","2073","boissons","boissons sans alcool","Jus d'ananas, pur jus","Pineapple juice, pure juice","2",0,"Ambiant (long)","Pas de préparation",5,0.15014766,0.74618577,5.2254127e-7,0.11943224,0.0029342701,4.9308875e-8,2.6389162e-7,1.5472706e-9,0.0046846828,0.00027415612,0.0090009134,0.016962171,39.539023,19.1348,0.15288417,10.199616,0.000017013207,"PACK PROXY"
"2000","2000","boissons","boissons sans alcool","Jus d'ananas, à base de concentré","Pineapple juice, reconstituted from a concentrate","2",0,"Ambiant (long)","Pas de préparation",5,0.18151967,1.0312897,5.2764679e-7,0.13047126,0.0054038721,6.2435457e-8,2.3951761e-7,2.0546553e-9,0.0070111673,0.0003461836,0.01119809,0.025892585,53.831176,37.059246,0.15624674,13.832137,0.000017835774,"PACK PROXY"
"13718","13718","fruits, légumes, légumineuses et oléagineux","fruits","Ananas au sirop léger, appertisé, égoutté","Pineapple, in light syrup, canned, drained","2",0,"Ambiant (long)","Pas de préparation",5,0.21364260000000002,1.8806607,2.5466643e-8,1.3918031,0.0083421306,8.3280267e-8,2.4885916e-8,4.0172185e-9,0.010393425,0.00042934229,0.0054349455,0.027774706,15.04938,35.983135,1.0493101,43.607274,0.0000071824135,"PACK AGB"
"13719","13719","fruits, légumes, légumineuses et oléagineux","fruits","Ananas au sirop léger, appertisé, non égoutté","Pineapple, in light syrup, canned, not drained","2",0,"Ambiant (long)","Pas de préparation",5,0.12855386000000002,1.1316461,1.5323869e-8,0.83747882,0.0050197131,5.0111805e-8,1.4970031e-8,2.4173798e-9,0.0062540798,0.00025806179,0.0032638547,0.016712691,9.0380531,21.653188,0.63421895,26.239572,0.0000043215552,"PACK AGB"
"13716","13716","fruits, légumes, légumineuses et oléagineux","fruits","Ananas au sirop et jus d'ananas, appertisé, égoutté","Pineapple, in pineapple juice and syrup, canned, drained","2",0,"Ambiant (long)","Pas de préparation",5,0.21175174000000002,1.8640159,2.5241248e-8,1.3794848,0.0082682991,8.254319e-8,2.4665563e-8,3.9816666e-9,0.01030144,0.00042553606,0.005386699,0.027528883,14.915795,35.664692,1.0400859,43.221325,0.0000071188389,"PACK AGB"
"13717","13717","fruits, légumes, légumineuses et oléagineux","fruits","Ananas au sirop et jus d'ananas, appertisé, non égoutté","Pineapple, in pineapple juice and syrup, canned, not drained","2",0,"Ambiant (long)","Pas de préparation",5,0.12855386000000002,1.1316461,1.5323869e-8,0.83747882,0.0050197131,5.0111805e-8,1.4970031e-8,2.4173798e-9,0.0062540798,0.00025806179,0.0032638547,0.016712691,9.0380531,21.653188,0.63421895,26.239572,0.0000043215552,"PACK AGB"
"13002","13002","fruits, légumes, légumineuses et oléagineux","fruits","Ananas, pulpe, cru","Pineapple, pulp, raw","2",0,"Ambiant (moyen)","Pas de préparation",5,0.11363615,1.2443679,3.222458e-8,0.029741048,0.0074983172,5.1900789e-8,2.1516805e-8,2.8023673e-10,0.0092372887,0.0001770129,0.00440671,0.027337021,10.154082,30.008962,0.8860966,11.175525,0.0000046496803,"PACK AGB"
"20240","20240","entrées et plats composés","plats composés","Piperade basquaise","Piperade, Basque-style (fondue of sweet peppers and tomatoes flavoured with onions and garlics)","2",0,"Glacé","Micro-onde",5,0.38208427,2.7109897,6.780694e-8,0.76633803,0.011378649,2.1201483e-7,3.877794e-7,8.4367542e-9,0.021647092,0.0006336208,0.010075872,0.076939784,49.292066,67.188384,3.7675133,43.843725,0.000010437377,"PACK AGB"
"15044","15044","fruits, légumes, légumineuses et oléagineux","fruits à coque et graines oléagineuses","Pistache, grillée","Pistachio nut, grilled","2",0,"Ambiant (long)","Pas de préparation",5,0.70290285,5.0006194,6.5133675e-8,0.24752792,0.01777247,4.6531558e-7,1.0836256e-7,1.0361721e-9,0.070338937,0.0013345317,0.042288442,0.2966163,14.753044,537.60237,14.680186,32.197133,0.000014841807,"PACK PROXY"
"15009","15009","fruits, légumes, légumineuses et oléagineux","fruits à coque et graines oléagineuses","Pistache, grillée, salée","Pistachio nut, grilled, salted","2",0,"Ambiant (long)","Pas de préparation",5,0.70290285,5.0006194,6.5133675e-8,0.24752792,0.01777247,4.6531558e-7,1.0836256e-7,1.0361721e-9,0.070338937,0.0013345317,0.042288442,0.2966163,14.753044,537.60237,14.680186,32.197133,0.000014841807,"PACK PROXY"
"7180","7180","produits céréaliers","pains et viennoiseries","Pain pita","Pita bread","2",0,"Ambiant (court)","Pas de préparation",5,0.14180886,1.0983834,2.2030249e-8,0.465843,0.0040346412,7.9462442e-8,2.0825228e-8,7.063389e-10,0.0099018702,0.00020187629,0.0059559538,0.040685221,10.137638,78.114769,1.2228349,21.377054,0.0000046676755,"PACK PROXY"
"96778","96778","produits céréaliers","farines et pâtes à tarte","Pâte à pizza cuite","Pizza base, cooked","2",0,"Glacé","Four",5,0.19681856,1.4285233,3.8570005e-8,1.1338364,0.0052619317,8.7921807e-8,2.6513262e-8,7.8694871e-10,0.010890021,0.00028426847,0.0059821668,0.04186237,10.748022,76.944987,1.4078126,39.059558,0.00001082779,"PACK PROXY"
"37001","37001","produits céréaliers","farines et pâtes à tarte","Pâte à pizza crue","Pizza base, raw","2",0,"Glacé","Four",5,0.19681856,1.4285233,3.8570005e-8,1.1338364,0.0052619317,8.7921807e-8,2.6513262e-8,7.8694871e-10,0.010890021,0.00028426847,0.0059821668,0.04186237,10.748022,76.944987,1.4078126,39.059558,0.00001082779,"PACK PROXY"
"26273","26273","entrées et plats composés","pizzas, tartes et crêpes salées","Pizza type raclette ou tartiflette","Pizza with raclette or tartiflette cheese and lardoons","2",0,"Glacé","Four",5,0.5543466699999999,4.0570635,6.9157309e-8,1.4909908,0.011020698,4.6869652e-7,5.8935161e-8,3.2103174e-9,0.064369577,0.00063758717,0.017808156,0.27117446,83.905109,229.08983,2.4728131,54.883561,0.000018213265,"PACK AGB"
"25457","25457","entrées et plats composés","pizzas, tartes et crêpes salées","Pizza à la viande, type bolognaise","Pizza, bolognese-style w meat","2",0,"Glacé","Four",5,1.2357691000000002,8.1635559,7.6780936e-8,1.4216805,0.015569059,7.143457e-7,0.0000024412475,1.3201142e-8,0.10064221,0.00077480759,0.034240514,0.43353285,75.684038,860.1437,3.3250238,57.341899,0.000020705339,"PACK AGB"
"25477","25477","entrées et plats composés","pizzas, tartes et crêpes salées","Pizza champignons fromage","Pizza, cheese and mushrooms","2",0,"Glacé","Four",5,0.33705454,2.3349438,6.3393731e-8,1.3712324,0.0079846497,2.598692e-7,4.4388203e-8,1.0156002e-9,0.030676253,0.00044441277,0.0085514811,0.12978119,31.315139,85.97286,2.1274738,51.83116,0.000013760064,"PACK AGB"
"25404","25404","entrées et plats composés","pizzas, tartes et crêpes salées","Pizza au fromage ou Pizza margherita","Pizza, cheese and tomato or Margherita pizza","2",0,"Glacé","Four",5,0.32546224,2.3295067,6.7282109e-8,1.2447982,0.0084282393,1.7760447e-7,5.4743839e-8,1.0001049e-9,0.0217441,0.0004431734,0.0093270016,0.084851792,52.228069,102.38995,4.1808001,47.607039,0.00001392838,"PACK AGB"
"26272","26272","entrées et plats composés","pizzas, tartes et crêpes salées","Pizza au poulet","Pizza, chicken","2",0,"Glacé","Four",5,0.43374107,3.0074858,7.1273254e-8,1.2839563,0.011293642,3.1260604e-7,6.4730617e-8,1.7200403e-9,0.040840352,0.00054393763,0.013945313,0.16674648,68.956208,146.24333,3.6313301,52.256465,0.000017205554,"PACK AGB"
"25462","25462","entrées et plats composés","pizzas, tartes et crêpes salées","Pizza au chorizo ou salami","Pizza, chorizo or salami","2",0,"Glacé","Four",5,0.46372049,3.4980254,9.4537692e-8,1.6152456,0.010671519,3.1892964e-7,5.8322172e-8,1.7936546e-9,0.041820021,0.00058387055,0.014246996,0.17056097,84.505826,154.8132,3.0790742,58.241816,0.000017406556,"PACK AGB"
"26274","26274","entrées et plats composés","pizzas, tartes et crêpes salées","Pizza au speck ou jambon cru","Pizza, cured ham","2",0,"Glacé","Four",5,0.46204576,3.3591331,7.1484885e-8,1.4965965,0.010545085,3.2319621e-7,6.55463e-8,1.7993059e-9,0.042722473,0.00057369814,0.014515156,0.17516929,77.8061,175.10107,3.6860533,55.167386,0.000017095671,"PACK AGB"
"25478","25478","entrées et plats composés","pizzas, tartes et crêpes salées","Pizza 4 fromages","Pizza, four cheeses","2",0,"Glacé","Four",5,0.45127875,3.3415219,5.7843877e-8,1.3620326,0.0086206487,3.9822618e-7,5.9333258e-8,1.5619867e-9,0.054871809,0.00050178037,0.013532132,0.23370775,34.30664,194.80455,1.8012786,47.483258,0.00001458064,"PACK AGB"
"25468","25468","entrées et plats composés","pizzas, tartes et crêpes salées","Pizza au chèvre et lardons","Pizza, goat cheese and lardoons","2",0,"Glacé","Four",5,0.5543466699999999,4.0570635,6.9157309e-8,1.4909908,0.011020698,4.6869652e-7,5.8935161e-8,3.2103174e-9,0.064369577,0.00063758717,0.017808156,0.27117446,83.905109,229.08983,2.4728131,54.883561,0.000018213265,"PACK AGB"
"25435","25435","entrées et plats composés","pizzas, tartes et crêpes salées","Pizza jambon fromage","Pizza, ham and cheese","2",0,"Glacé","Four",5,0.46204576,3.3591331,7.1484885e-8,1.4965965,0.010545085,3.2319621e-7,6.55463e-8,1.7993059e-9,0.042722473,0.00057369814,0.014515156,0.17516929,77.8061,175.10107,3.6860533,55.167386,0.000017095671,"PACK AGB"
"25548","25548","entrées et plats composés","pizzas, tartes et crêpes salées","Pizza jambon fromage champignons ou pizza royale, reine ou regina","Pizza, ham cheese and mushrooms","2",0,"Glacé","Four",5,0.42177300999999995,3.1281118,7.2392539e-8,1.4771316,0.0098027592,3.0793864e-7,5.2037958e-8,3.0061191e-9,0.038775875,0.00052466628,0.011859792,0.16039697,66.219208,122.44487,2.5833987,55.829336,0.000016036242,"PACK AGB"
"26271","26271","entrées et plats composés","pizzas, tartes et crêpes salées","Pizza kebab","Pizza, kebab","2",0,"Glacé","Four",5,0.46204576,3.3591331,7.1484885e-8,1.4965965,0.010545085,3.2319621e-7,6.55463e-8,1.7993059e-9,0.042722473,0.00057369814,0.014515156,0.17516929,77.8061,175.10107,3.6860533,55.167386,0.000017095671,"PACK AGB"
"25570","25570","entrées et plats composés","pizzas, tartes et crêpes salées","Pizza aux lardons, oignons et fromage","Pizza, lardoons onions and cheese","2",0,"Glacé","Four",5,0.5543466699999999,4.0570635,6.9157309e-8,1.4909908,0.011020698,4.6869652e-7,5.8935161e-8,3.2103174e-9,0.064369577,0.00063758717,0.017808156,0.27117446,83.905109,229.08983,2.4728131,54.883561,0.000018213265,"PACK AGB"
"25528","25528","entrées et plats composés","pizzas, tartes et crêpes salées","Pissaladière","Pizza, onion anchovy and black olives","2",0,"Glacé","Four",5,0.35184402,2.6396279,6.7357533e-8,1.2141117,0.010818037,2.0902152e-7,4.714748e-8,1.1100923e-8,0.027156775,0.00052374534,0.010750127,0.097895427,43.840031,109.76347,2.4808735,47.6605,0.000015213538,"PACK AGB"
"25464","25464","entrées et plats composés","pizzas, tartes et crêpes salées","Pizza au saumon","Pizza, salmon","2",0,"Glacé","Four",5,0.41667396999999995,2.9621858,7.6922112e-8,1.2528836,0.019959992,3.1572657e-7,5.5550467e-8,1.3039311e-9,0.04042269,0.0004538177,0.013174462,0.14018493,44.292048,100.3458,3.2989095,53.40607,0.000015811981,"PACK AGB"
"25463","25463","entrées et plats composés","pizzas, tartes et crêpes salées","Pizza aux fruits de mer","Pizza, seafood","2",0,"Glacé","Four",5,0.41667396999999995,2.9621858,7.6922112e-8,1.2528836,0.019959992,3.1572657e-7,5.5550467e-8,1.3039311e-9,0.04042269,0.0004538177,0.013174462,0.14018493,44.292048,100.3458,3.2989095,53.40607,0.000015811981,"PACK AGB"
"26270","26270","entrées et plats composés","pizzas, tartes et crêpes salées","Pizza au thon","Pizza, tuna","2",0,"Glacé","Four",5,0.41667396999999995,2.9621858,7.6922112e-8,1.2528836,0.019959992,3.1572657e-7,5.5550467e-8,1.3039311e-9,0.04042269,0.0004538177,0.013174462,0.14018493,44.292048,100.3458,3.2989095,53.40607,0.000015811981,"PACK AGB"
"25472","25472","entrées et plats composés","pizzas, tartes et crêpes salées","Pizza aux légumes ou Pizza 4 saisons","Pizza, vegetables or pizza 4 seasons","2",0,"Glacé","Four",5,0.40705149,3.0935805,6.543015e-8,1.4562828,0.0092333799,3.0254985e-7,5.1360385e-8,1.5362445e-9,0.039392257,0.00052281258,0.012059461,0.16315877,58.751472,124.59666,1.9493899,52.782173,0.000015423134,"PACK AGB"
"53101","53101","fruits, légumes, légumineuses et oléagineux","pommes de terre et autres tubercules","Banane plantain, cuite","Plantain banana, cooked","2",0,"Ambiant (moyen)","Cuisson à l'eau",5,0.18564187999999998,1.2359798,2.8932422e-8,0.19656837,0.0066531458,7.366383e-8,1.4003512e-8,3.1443831e-10,0.0084350571,0.00025153016,0.0082908302,0.026275788,5.5722966,30.77533,7.6652962,19.931545,0.0000071036959,"PACK PROXY"
"53100","53100","fruits, légumes, légumineuses et oléagineux","légumes","Banane plantain, crue","Plantain banana, raw","2",0,"Ambiant (moyen)","Pas de préparation",5,0.11113839,0.66584689,2.1773694e-8,0.042215822,0.0042202911,4.7828592e-8,7.898244e-9,1.5747624e-10,0.0056826188,0.00012569773,0.0057626911,0.018469535,3.3189669,18.82859,5.2657478,8.454641,0.0000038852361,"PACK AGB"
"25589_1","25589","entrées et plats composés","plats végétariens","Boulette végétale au soja et/ou blé, préemballée","Plant-based ball with wheat and/or soybean, prepacked","2",0,"Glacé","Poêle",5,0.32937302,2.2939647,7.4296116e-8,2.3468546,0.0077354592,1.2777987e-7,3.3953677e-8,5.1530744e-9,0.015435034,0.00056059133,0.011825148,0.052715874,48.770971,138.90805,0.80059286,71.821213,0.000011939773,"PACK PROXY"
"1029_2","1029","lait et produits laitiers","fromages","Spécialité végétale type fromage râpé, sans soja, préemballée","Plant-based cheese, without soybean, prepacked, shredded","2",0,"Glacé","Pas de préparation",5,0.25722342,2.2858397,5.8315132e-8,0.26486287,0.010354355,1.4836637e-7,3.1232567e-8,3.6779312e-9,0.013458653,0.00057517145,0.0084762714,0.046541966,51.683736,103.11987,2.220016,33.329005,0.00001058751,"PACK PROXY"
"1029_1","1029","lait et produits laitiers","fromages","Spécialité végétale type fromage en tranche, sans soja, préemballée","Plant-based cheese, without soybean, prepacked, sliced","2",0,"Glacé","Pas de préparation",5,0.31446676,2.5584617,7.0505683e-8,0.27347775,0.011924646,1.8718201e-7,4.7439217e-8,3.821641e-9,0.018515415,0.00074371552,0.011149848,0.06678124,62.224026,117.41102,3.5978624,36.289789,0.000013545589,"PACK PROXY"
"1030","1030","viandes, œufs, poissons","substituts de charcuterie","Spécialité végétale type jambon cuit, préemballée","Plant-based ham, prepacked","2",0,"Glacé","Pas de préparation",5,0.30943597,2.2019109,0.0000013555197,1.308256,0.007462385,1.2720925e-7,3.0090976e-8,1.7622467e-9,0.01507013,0.00057433266,0.010830259,0.057487528,29.949598,129.09458,0.54985918,51.324347,0.000041137638,"PACK PROXY"
"1031","1031","viandes, œufs, poissons","substituts de viande","Spécialité végétale type pâté, préemballée","Plant-based pate, prepacked","2",0,"Ambiant (long)","Pas de préparation",5,0.37622793,2.8451217,6.9674242e-8,0.89073704,0.011995702,2.5799539e-7,2.4274938e-7,5.4994373e-9,0.028662539,0.00054341235,0.011958291,0.11231168,31.161489,1.1245068,2.7540175,51.070675,0.000010367047,"PACK PROXY"
"25591","25591","entrées et plats composés","plats végétariens","Galette ou pavé aux lentilles, soja et légumes, préemballé","Plant-based patty or steak from lentil, soybean and vegetables","2",0,"Ambiant (long)","Poêle",5,0.17916668,1.7451682,4.636187e-8,0.89888954,0.0057752897,8.9808779e-8,2.8817144e-8,3.625101e-9,0.009016953,0.00052437992,0.0099347127,0.029397069,32.39088,-232.39104,0.72435735,37.395238,0.0000074263722,"PACK PROXY"
"25595","25595","entrées et plats composés","plats végétariens","Galette ou pavé au soja et fromage, préemballé","Plant-based patty or steak from soybean and cheese","2",0,"Ambiant (long)","Poêle",5,0.26644353,2.4060855,4.6349981e-8,0.9265096,0.0072019711,1.6269988e-7,4.6648088e-8,1.0279923e-9,0.018525353,0.00053124159,0.011761445,0.06806905,11.34151,123.73428,0.96860627,41.538298,0.0000077922151,"PACK PROXY"
"25597_1","25597","entrées et plats composés","plats végétariens","Galette ou pavé au soja, fromage et légumes, préemballé","Plant-based patty or steak from soybean, cheese and vegetables","2",0,"Ambiant (long)","Poêle",5,0.26890146,2.2758343,4.7766869e-8,0.88976205,0.0075489616,1.5128809e-7,1.109309e-7,1.3637971e-9,0.016381462,0.00058435696,0.011272688,0.057477038,15.828549,117.90908,1.2776366,41.115456,0.0000077557,"PACK PROXY"
"25592","25592","entrées et plats composés","plats végétariens","Galette ou pavé au blé (seitan) et légumes, préemballé","Plant-based patty or steak from wheat (seitan) and vegetables","2",0,"Ambiant (long)","Poêle",5,0.24809244000000003,1.772387,5.0620688e-8,1.1740133,0.0062626722,1.1908249e-7,1.1101828e-7,3.0919024e-9,0.013525424,0.00050495492,0.0089903395,0.050593327,23.281973,97.631633,1.2828293,42.072838,0.0000091926245,"PACK PROXY"
"25594","25594","entrées et plats composés","plats végétariens","Galette ou pavé au blé et soja (ne convient pas aux véganes ou végétaliens), préemballé","Plant-based patty or steak from wheat and soybean (not vegan)","2",0,"Glacé","Poêle",5,0.44766046000000004,3.0074728,8.2886757e-8,2.8046635,0.010693883,2.1342556e-7,4.3504219e-8,5.6543718e-9,0.027452533,0.00072432971,0.016177844,0.10376095,74.833152,211.4411,1.2684304,85.565684,0.000015422218,"PACK PROXY"
"25593","25593","entrées et plats composés","plats végétariens","Galette ou pavé au blé et soja (convient aux véganes ou végétaliens), préemballé","Plant-based patty or steak from wheat and soybean (vegan), prepacked","2",0,"Glacé","Poêle",5,0.29453261999999997,2.1290728,6.8852158e-8,2.0987567,0.0071625203,1.026416e-7,2.4277724e-8,3.1152203e-9,0.011666193,0.0005694907,0.010014003,0.037905778,47.689146,137.71709,0.73786377,66.253547,0.000011127397,"PACK PROXY"
"20338","20338","viandes, œufs, poissons","substituts de viande","Quenelle au tofu (ne convient pas aux véganes ou végétaliens), préemballée","Plant-based sausage with tofu (not vegan)","2",0,"Ambiant (long)","Poêle",5,0.29223908000000004,2.3255002,4.9602427e-8,1.1328432,0.008022771,1.5724631e-7,6.9941266e-8,1.2370177e-9,0.018345545,0.00056218576,0.012401042,0.067217811,29.76701,129.82816,1.8116749,46.364087,0.00000903385,"PACK PROXY"
"20337","20337","viandes, œufs, poissons","substituts de charcuterie","Saucisse végétale au tofu (convient aux véganes ou végétaliens), préemballée","Plant-based sausage with tofu (vegan)","2",0,"Glacé","Poêle",5,0.16097427,1.685653,6.162258e-8,1.2890587,0.0062390016,8.0233006e-8,4.5512659e-7,2.4829404e-9,0.0085722979,0.00043963447,0.0068260919,0.031106976,36.678616,-1128.0937,0.37935384,46.704072,0.0000095269545,"PACK PROXY"
"25232_1","25232","viandes, œufs, poissons","substituts de charcuterie","Saucisse végétale au blé ou seitan, préemballé","Plant-based sausage with wheat or seitan","2",0,"Glacé","Poêle",5,0.31847198,2.5147531,8.2811214e-8,1.4671367,0.0084565275,1.4372103e-7,3.2757962e-8,2.3978542e-9,0.01759501,0.00066262755,0.013805202,0.069702571,42.638483,182.2882,0.62801462,57.731335,0.000012058858,"PACK PROXY"
"1027","1027","lait et produits laitiers","fromages","Spécialité végétale type fromage à tartiner, au soja, préemballée","Plant-based spread-cheese type, with soybean, prepacked","2",0,"Glacé","Pas de préparation",5,0.1872855,1.9363164,6.0626874e-8,0.26349366,0.0072019619,7.257044e-8,2.5076249e-8,9.3203654e-10,0.0084688619,0.00030473965,0.0071142999,0.030164357,19.628077,83.882978,1.5707402,30.261489,0.0000075750231,"PACK PROXY"
"13100","13100","fruits, légumes, légumineuses et oléagineux","fruits","Prune, crue","Plum, raw","2",0,"Ambiant (moyen)","Pas de préparation",5,0.07062779200000001,0.65614923,2.6564432e-8,0.04043462,0.0034455205,3.3339065e-8,1.2884792e-8,2.3957803e-10,0.0034599649,0.00010038049,0.001491199,0.013316786,9.1676009,36.287479,0.81824772,8.1415785,0.0000057813327,"PACK AGB"
"9615","9615","produits céréaliers","pâtes, riz et céréales","Polenta ou semoule de maïs, cuite, non salée","Polenta or maize semolina, cooked, unsalted","2",0,"Ambiant (long)","Micro-onde",5,0.08032122,0.62145016,1.0552784e-8,0.12354156,0.0022039872,5.426508e-8,1.1207884e-8,5.7881564e-10,0.0077922676,0.00014956944,0.0047138302,0.030987653,3.672152,53.489325,0.21734463,7.9643879,0.0000044470787,"PACK AGB"
"9614","9614","produits céréaliers","pâtes, riz et céréales","Polenta ou semoule de maïs, précuite, sèche","Polenta or Maize/corn semolina, pre-cooked, dried","2",0,"Ambiant (long)","Pas de préparation",5,0.17199223,1.3784755,2.3109324e-8,0.12917458,0.0048792207,1.2093793e-7,2.4259248e-8,1.2886336e-9,0.017411844,0.0003243449,0.010612941,0.06970219,8.1434682,120.65507,0.48079746,14.661392,0.0000088205443,"PACK AGB"
"26129","26129","viandes, œufs, poissons","poissons crus","Lieu jaune ou colin, cru","Pollack, raw","2",0,"Glacé","Pas de préparation",5,1.9688571000000001,12.188752,0.0000017640754,0.28003355,0.23912983,0.0000024713049,4.7505226e-8,5.4092627e-9,0.31970158,0.00052943654,0.078563124,0.85806833,12.058341,16.31433,0.39493123,161.74181,0.000065558231,"PACK PROXY"
"13018","13018","fruits, légumes, légumineuses et oléagineux","fruits","Grenade, pulpe et pépins, crue","Pomegranate, pulp and pips, raw","2",0,"Ambiant (moyen)","Pas de préparation",5,0.19468884,0.57731718,1.9770379e-8,0.023582222,0.0023979592,3.486832e-8,2.8697212e-7,7.1981797e-10,0.0029566919,0.00012307389,0.0021080788,0.0098544572,20.387845,15.813187,12.876085,6.4893289,0.0000045022981,"PACK AGB"
"26083","26083","viandes, œufs, poissons","poissons crus","Éperlan, cru","Pond smelt, raw","2",0,"Glacé","Pas de préparation",5,0.30991817,2.3490317,0.0000015324279,0.21826016,0.024877856,2.4751945e-7,1.6154492e-8,6.8490864e-10,0.03031315,0.00022235482,0.0077477595,0.083424586,4.6019242,7.2586047,0.16472297,34.252572,0.000047367579,"PACK PROXY"
"12042","12042","lait et produits laitiers","fromages","Pont l'Évêque","Pont l'Evêque cheese, from cow's milk","2",0,"Glacé","Pas de préparation",5,0.46880897,4.3012258,4.3819699e-8,0.4899579,0.0092909611,4.7002915e-7,7.9364009e-8,2.0537195e-9,0.067261392,0.00047864378,0.016505067,0.28672964,41.548661,164.14219,0.48581293,25.608455,0.000010626212,"PACK AGB"
"9231","9231","produits céréaliers","céréales de petit-déjeuner et biscuits","Pop-corn ou Maïs éclaté, à l'air, non salé","Pop-corn or air-popped maize, unsalted","2",0,"Ambiant (long)","Four",5,0.15044599,0.93295046,1.6807856e-8,0.60947814,0.0031628183,9.8513697e-8,2.1760915e-8,9.5039456e-10,0.013511611,0.00021679366,0.0053449269,0.05106871,25.473062,78.48436,0.55231148,21.373743,0.0000075999148,"PACK PROXY"
"9230","9230","produits céréaliers","céréales de petit-déjeuner et biscuits","Pop-corn ou Maïs éclaté, à l'huile, salé","Pop-corn or oil popped maize, salted","2",0,"Ambiant (long)","Four",5,0.13864149,0.87649428,1.5716405e-8,0.61024371,0.0030278496,8.6167348e-8,1.987852e-8,8.0318856e-10,0.011352996,0.00022261763,0.0043643124,0.041695925,20.859972,62.618888,0.48336557,21.196303,0.000009138204,"PACK PROXY"
"9232","9232","produits céréaliers","céréales de petit-déjeuner et biscuits","Pop-corn ou Maïs éclaté, au caramel","Pop-corn or popped maize, with caramel","2",0,"Ambiant (long)","Pas de préparation",5,0.21358504,1.5588557,2.1607927e-8,0.53045564,0.0047552268,1.8449839e-7,1.8168344e-8,7.9423923e-10,0.02498179,0.00023170785,0.0081708383,0.10387497,21.200408,78.156433,1.3355698,22.850079,0.0000058120558,"PACK PROXY"
"11061","11061","aides culinaires et ingrédients divers","épices","Pavot, graine","Poppy, seed","2",0,"Ambiant (long)","Pas de préparation",5,0.49453187,2.9096105,8.6987008e-8,0.31838737,0.013204322,4.1986477e-7,1.6718749e-7,1.7641549e-9,0.055369224,0.0015159068,0.028994915,0.2255741,28.473292,289.36861,3.9644943,36.421658,0.0000098185887,"PACK PROXY"
"30791","30791","viandes, œufs, poissons","charcuteries","Mortadelle, porc et boeuf","Pork and beef mortadella","2",0,"Glacé","Four",5,0.7191871,5.4565379,0.0000014869244,1.7994983,0.014682498,5.420763e-7,6.4524501e-8,3.1034499e-9,0.074345766,0.00088597463,0.020632752,0.30723876,129.40496,246.93809,1.2930601,72.838548,0.000056798529,"PACK AGB"
"28550","28550","viandes, œufs, poissons","charcuteries","Poitrine de porc demi-sel","Pork belly salt-cured","2",0,"Glacé","Four",5,1.0517927,8.1389602,8.928575e-8,1.8184353,0.021027268,9.4719879e-7,9.9905813e-8,5.1786193e-9,0.13374464,0.001161151,0.036734491,0.56331029,235.81603,445.80782,1.9927263,75.585603,0.000031570597,"PACK AGB"
"28502","28502","viandes, œufs, poissons","charcuteries","Poitrine de porc, fumée, crue","Pork belly, smoked, raw","2",0,"Glacé","Pas de préparation",5,0.80674831,6.3731946,6.8681575e-8,1.0301222,0.016372148,7.4528008e-7,7.6187244e-8,4.0474626e-9,0.10534734,0.00088214091,0.028979355,0.44508557,186.25621,352.38949,1.5495241,50.737064,0.000021643195,"PACK AGB"
"28530","28530","viandes, œufs, poissons","charcuteries","Oreille de porc demi-sel","Pork ear sat-cured","2",0,"Glacé","Four",5,0.45345953,3.5260402,4.9746615e-8,1.1617834,0.0095972773,3.799006e-7,4.2922376e-8,2.0792503e-9,0.052406459,0.00051289763,0.014341606,0.2179361,90.838634,171.63936,0.87034604,43.646685,0.000016528792,"PACK AGB"
"16530","16530","matières grasses","autres matières grasses","Lard gras, cru","Pork fat, raw","2",0,"Glacé","Pas de préparation",5,0.26815833,2.5237919,4.4142048e-8,0.50338975,0.0080480344,2.1636927e-7,2.5518598e-8,2.0598626e-9,0.026270077,0.00034589454,0.0072279874,0.10149641,48.130689,79.503026,0.54173971,30.155706,0.0000079133433,"PACK PROXY"
"28203","28203","viandes, œufs, poissons","viandes cuites","Porc, filet mignon, cuit","Pork filet mignon, cooked","2",0,"Glacé","Four",5,1.0517927,8.1389602,8.928575e-8,1.8184353,0.021027268,9.4719879e-7,9.9905813e-8,5.1786193e-9,0.13374464,0.001161151,0.036734491,0.56331029,235.81603,445.80782,1.9927263,75.585603,0.000031570597,"PACK AGB"
"28204","28204","viandes, œufs, poissons","viandes crues","Porc, filet mignon, cru","Pork filet mignon, raw","2",0,"Glacé","Pas de préparation",5,0.80674831,6.3731946,6.8681575e-8,1.0301222,0.016372148,7.4528008e-7,7.6187244e-8,4.0474626e-9,0.10534734,0.00088214091,0.028979355,0.44508557,186.25621,352.38949,1.5495241,50.737064,0.000021643195,"PACK AGB"
"28700","28700","viandes, œufs, poissons","charcuteries","Jambon de porc à cuire ou Jambon à rôtir/cuire au four","Pork ham, intended to be cooked or pork ham, intended to be roast/bake","2",0,"Glacé","Pas de préparation",5,0.80674831,6.3731946,6.8681575e-8,1.0301222,0.016372148,7.4528008e-7,7.6187244e-8,4.0474626e-9,0.10534734,0.00088214091,0.028979355,0.44508557,186.25621,352.38949,1.5495241,50.737064,0.000021643195,"PACK AGB"
"8313","8313","viandes, œufs, poissons","charcuteries","Mousse de foie de porc","Pork liver mousse","2",0,"Glacé","Pas de préparation",5,0.33491046,3.0729943,6.4083004e-8,0.87856759,0.0096452053,2.5008873e-7,3.0737007e-8,3.0116529e-9,0.030604336,0.00042545436,0.0089896531,0.11852746,55.778895,97.828033,0.7672916,43.571025,0.0000099554459,"PACK AGB"
"8312","8312","viandes, œufs, poissons","charcuteries","Mousse de foie de porc supérieure ou Crème de foie","Pork liver mousse, superior quality","2",0,"Glacé","Pas de préparation",5,0.33491046,3.0729943,6.4083004e-8,0.87856759,0.0096452053,2.5008873e-7,3.0737007e-8,3.0116529e-9,0.030604336,0.00042545436,0.0089896531,0.11852746,55.778895,97.828033,0.7672916,43.571025,0.0000099554459,"PACK AGB"
"8305","8305","viandes, œufs, poissons","charcuteries","Pâté de foie de porc","Pork liver pâté","2",0,"Ambiant (long)","Pas de préparation",5,0.31551678,2.8725207,4.5555252e-8,0.80457706,0.0087030548,2.4208144e-7,2.9125518e-8,2.948337e-9,0.029497914,0.00039228484,0.0084646395,0.11426787,54.069562,94.35361,0.74534619,40.238285,0.0000087401976,"PACK AGB"
"8300","8300","viandes, œufs, poissons","charcuteries","Pâté de foie de porc, supérieur","Pork liver pâté, superior quality","2",0,"Ambiant (long)","Pas de préparation",5,0.31922802,2.8929632,4.5963315e-8,0.80580024,0.0088395038,2.4458593e-7,2.9620132e-8,2.985221e-9,0.029867452,0.00039991246,0.0087388255,0.11579717,55.256361,97.500565,0.75555163,40.440486,0.0000088673004,"PACK AGB"
"28007","28007","viandes, œufs, poissons","viandes cuites","Porc, longe, cuite","Pork loin, cooked","2",0,"Glacé","Four",5,1.0517927,8.1389602,8.928575e-8,1.8184353,0.021027268,9.4719879e-7,9.9905813e-8,5.1786193e-9,0.13374464,0.001161151,0.036734491,0.56331029,235.81603,445.80782,1.9927263,75.585603,0.000031570597,"PACK AGB"
"28003","28003","viandes, œufs, poissons","viandes crues","Porc, longe, crue","Pork loin, raw","2",0,"Glacé","Pas de préparation",5,0.80674831,6.3731946,6.8681575e-8,1.0301222,0.016372148,7.4528008e-7,7.6187244e-8,4.0474626e-9,0.10534734,0.00088214091,0.028979355,0.44508557,186.25621,352.38949,1.5495241,50.737064,0.000021643195,"PACK AGB"
"25566","25566","viandes, œufs, poissons","autres produits à base de viande","Brochette de porc, crue","Pork on skewer, raw","2",0,"Glacé","Pas de préparation",5,0.74523463,5.3485852,6.6919781e-8,0.74854079,0.017394148,6.0978594e-7,4.7368892e-7,4.7874064e-9,0.081928169,0.0010537818,0.023917178,0.33609453,127.9222,279.46941,3.9403507,49.551336,0.000018389739,"PACK AGB"
"25071","25071","entrées et plats composés","plats composés","Potée auvergnate (chou et porc)","Pork sausage stew with cabbage, carrots and potatoes","2",0,"Glacé","Micro-onde",5,0.39369662,3.2325995,5.3469059e-8,0.98258716,0.008911679,3.1131141e-7,4.073968e-8,1.7989827e-9,0.042255379,0.00050591502,0.012766588,0.17482261,72.890064,147.69023,0.91183489,41.810673,0.000012858728,"PACK AGB"
"8406","8406","viandes, œufs, poissons","charcuteries","Museau de porc vinaigrette","Pork snout in salad dressing sauce","2",0,"Glacé","Four",5,0.36919164,2.8382777,4.0261182e-8,1.0309578,0.0077471344,3.0508552e-7,3.5063641e-8,1.6763742e-9,0.042055192,0.00041960866,0.011498522,0.17457176,72.770708,137.42643,0.70320377,37.170595,0.000014051624,"PACK AGB"
"28202","28202","viandes, œufs, poissons","viandes cuites","Porc, filet, maigre, en rôti, cuit","Pork tenderloin roast, cooked","2",0,"Glacé","Four",5,1.0517927,8.1389602,8.928575e-8,1.8184353,0.021027268,9.4719879e-7,9.9905813e-8,5.1786193e-9,0.13374464,0.001161151,0.036734491,0.56331029,235.81603,445.80782,1.9927263,75.585603,0.000031570597,"PACK AGB"
"28201","28201","viandes, œufs, poissons","viandes crues","Porc, filet, maigre, cru","Pork tenderloin, lean, raw","2",0,"Glacé","Pas de préparation",5,0.80674831,6.3731946,6.8681575e-8,1.0301222,0.016372148,7.4528008e-7,7.6187244e-8,4.0474626e-9,0.10534734,0.00088214091,0.028979355,0.44508557,186.25621,352.38949,1.5495241,50.737064,0.000021643195,"PACK AGB"
"28540","28540","viandes, œufs, poissons","charcuteries","Pied de porc demi-sel","Pork trotters salt-cured","2",0,"Glacé","Four",5,0.56284039,4.4876119,6.1650711e-8,1.3230477,0.012017569,4.7421407e-7,5.3735131e-8,2.6031096e-9,0.065406743,0.00064717153,0.018013696,0.27243286,113.87924,214.46569,1.0842029,51.75304,0.000019619571,"PACK AGB"
"25207","25207","entrées et plats composés","plats composés","Porc au caramel","Pork with caramel sauce","2",0,"Glacé","Micro-onde",5,0.88309639,6.8341204,1.1283084e-7,1.5249914,0.018051709,7.7254221e-7,8.6505552e-8,8.2587866e-9,0.1084624,0.001026724,0.031334611,0.45669848,191.00053,386.65989,2.0104158,66.579855,0.000025185264,"PACK AGB"
"28476","28476","viandes, œufs, poissons","viandes crues","Porc, maigre 80/20, cru","Pork, 80/20 trimming, raw","2",0,"Glacé","Pas de préparation",5,0.80674831,6.3731946,6.8681575e-8,1.0301222,0.016372148,7.4528008e-7,7.6187244e-8,4.0474626e-9,0.10534734,0.00088214091,0.028979355,0.44508557,186.25621,352.38949,1.5495241,50.737064,0.000021643195,"PACK AGB"
"28475","28475","viandes, œufs, poissons","viandes crues","Porc, maigre 90/10, cru","Pork, 90/10 trimming, raw","2",0,"Glacé","Pas de préparation",5,0.80674831,6.3731946,6.8681575e-8,1.0301222,0.016372148,7.4528008e-7,7.6187244e-8,4.0474626e-9,0.10534734,0.00088214091,0.028979355,0.44508557,186.25621,352.38949,1.5495241,50.737064,0.000021643195,"PACK AGB"
"28470","28470","viandes, œufs, poissons","viandes crues","Porc, bardière découennée, crue","Pork, back fat, rindless, raw","2",0,"Glacé","Pas de préparation",5,0.19992756,1.6948389,2.8581565e-8,0.36415553,0.0047800193,1.6993459e-7,1.8395479e-8,9.0412804e-10,0.022855346,0.00022469191,0.00626882,0.094812145,39.222266,74.331869,0.41122256,18.345083,0.0000063880177,"PACK AGB"
"28479","28479","viandes, œufs, poissons","viandes crues","Porc, poitrine cutter, sans mouille, crue","Pork, belly, flank removed, raw","2",0,"Glacé","Pas de préparation",5,0.80674831,6.3731946,6.8681575e-8,1.0301222,0.016372148,7.4528008e-7,7.6187244e-8,4.0474626e-9,0.10534734,0.00088214091,0.028979355,0.44508557,186.25621,352.38949,1.5495241,50.737064,0.000021643195,"PACK AGB"
"28002","28002","viandes, œufs, poissons","viandes crues","Porc, poitrine, crue","Pork, belly, raw","2",0,"Glacé","Pas de préparation",5,0.80674831,6.3731946,6.8681575e-8,1.0301222,0.016372148,7.4528008e-7,7.6187244e-8,4.0474626e-9,0.10534734,0.00088214091,0.028979355,0.44508557,186.25621,352.38949,1.5495241,50.737064,0.000021643195,"PACK AGB"
"28101","28101","viandes, œufs, poissons","viandes cuites","Porc, côte, grillée","Pork, chop, grilled","2",0,"Glacé","Four",5,1.0703531,8.4003409,9.5188236e-8,1.8800269,0.021712612,9.5540258e-7,1.020691e-7,5.2320282e-9,0.13439868,0.0011970271,0.037007585,0.56538301,236.85065,447.01836,2.036218,78.843978,0.000032378194,"PACK AGB"
"28100","28100","viandes, œufs, poissons","viandes crues","Porc, côte, crue","Pork, chop, raw","2",0,"Glacé","Pas de préparation",5,0.8214408000000001,6.5801047,7.335401e-8,1.0788784,0.016914669,7.5177424e-7,7.7899715e-8,4.0897413e-9,0.10586507,0.0009105406,0.029195537,0.44672635,187.07522,353.34776,1.5839524,53.316409,0.000022282493,"PACK AGB"
"28461","28461","viandes, œufs, poissons","viandes cuites","Porc, escalope de jambon, cuite","Pork, ham escalope, cooked","2",0,"Glacé","Four",5,1.0517927,8.1389602,8.928575e-8,1.8184353,0.021027268,9.4719879e-7,9.9905813e-8,5.1786193e-9,0.13374464,0.001161151,0.036734491,0.56331029,235.81603,445.80782,1.9927263,75.585603,0.000031570597,"PACK AGB"
"28460","28460","viandes, œufs, poissons","viandes crues","Porc, escalope de jambon, crue","Pork, ham escalope, raw","2",0,"Glacé","Pas de préparation",5,0.80674831,6.3731946,6.8681575e-8,1.0301222,0.016372148,7.4528008e-7,7.6187244e-8,4.0474626e-9,0.10534734,0.00088214091,0.028979355,0.44508557,186.25621,352.38949,1.5495241,50.737064,0.000021643195,"PACK AGB"
"28471","28471","viandes, œufs, poissons","viandes crues","Porc, gorge, découennée, crue","Pork, jowl, rindless, raw","2",0,"Glacé","Pas de préparation",5,0.80674831,6.3731946,6.8681575e-8,1.0301222,0.016372148,7.4528008e-7,7.6187244e-8,4.0474626e-9,0.10534734,0.00088214091,0.028979355,0.44508557,186.25621,352.38949,1.5495241,50.737064,0.000021643195,"PACK AGB"
"28474","28474","viandes, œufs, poissons","viandes crues","Porc, jambonneau arrière, découenné, dégraisssé, désossé, cru","Pork, knuckle oh ham, without rind, fat and bone, raw","2",0,"Glacé","Pas de préparation",5,0.8214408000000001,6.5801047,7.335401e-8,1.0788784,0.016914669,7.5177424e-7,7.7899715e-8,4.0897413e-9,0.10586507,0.0009105406,0.029195537,0.44672635,187.07522,353.34776,1.5839524,53.316409,0.000022282493,"PACK AGB"
"28004","28004","viandes, œufs, poissons","viandes crues","Porc, jarret, cru","Pork, knuckle or shank, raw","2",0,"Glacé","Pas de préparation",5,0.8214408000000001,6.5801047,7.335401e-8,1.0788784,0.016914669,7.5177424e-7,7.7899715e-8,4.0897413e-9,0.10586507,0.0009105406,0.029195537,0.44672635,187.07522,353.34776,1.5839524,53.316409,0.000022282493,"PACK AGB"
"28302","28302","viandes, œufs, poissons","viandes crues","Porc, échine, crue","Pork, loin, raw","2",0,"Glacé","Pas de préparation",5,0.80674831,6.3731946,6.8681575e-8,1.0301222,0.016372148,7.4528008e-7,7.6187244e-8,4.0474626e-9,0.10534734,0.00088214091,0.028979355,0.44508557,186.25621,352.38949,1.5495241,50.737064,0.000021643195,"PACK AGB"
"28451","28451","viandes, œufs, poissons","viandes cuites","Porc, échine, rôtie/cuite au four","Pork, loin, roasted/baked","2",0,"Glacé","Four",5,1.0517927,8.1389602,8.928575e-8,1.8184353,0.021027268,9.4719879e-7,9.9905813e-8,5.1786193e-9,0.13374464,0.001161151,0.036734491,0.56331029,235.81603,445.80782,1.9927263,75.585603,0.000031570597,"PACK AGB"
"28105","28105","viandes, œufs, poissons","viandes cuites","Porc, carré, cuit","Pork, rack, cooked","2",0,"Glacé","Four",5,1.0703531,8.4003409,9.5188236e-8,1.8800269,0.021712612,9.5540258e-7,1.020691e-7,5.2320282e-9,0.13439868,0.0011970271,0.037007585,0.56538301,236.85065,447.01836,2.036218,78.843978,0.000032378194,"PACK AGB"
"28104","28104","viandes, œufs, poissons","viandes crues","Porc, carré, cru","Pork, rack, raw","2",0,"Glacé","Pas de préparation",5,0.8214408000000001,6.5801047,7.335401e-8,1.0788784,0.016914669,7.5177424e-7,7.7899715e-8,4.0897413e-9,0.10586507,0.0009105406,0.029195537,0.44672635,187.07522,353.34776,1.5839524,53.316409,0.000022282493,"PACK AGB"
"28301","28301","viandes, œufs, poissons","viandes cuites","Porc, rôti, cuit","Pork, roast, cooked","2",0,"Glacé","Four",5,1.0517927,8.1389602,8.928575e-8,1.8184353,0.021027268,9.4719879e-7,9.9905813e-8,5.1786193e-9,0.13374464,0.001161151,0.036734491,0.56331029,235.81603,445.80782,1.9927263,75.585603,0.000031570597,"PACK AGB"
"28300","28300","viandes, œufs, poissons","viandes crues","Porc, rôti, cru","Pork, roast, raw","2",0,"Glacé","Pas de préparation",5,0.80674831,6.3731946,6.8681575e-8,1.0301222,0.016372148,7.4528008e-7,7.6187244e-8,4.0474626e-9,0.10534734,0.00088214091,0.028979355,0.44508557,186.25621,352.38949,1.5495241,50.737064,0.000021643195,"PACK AGB"
"28103","28103","viandes, œufs, poissons","viandes cuites","Porc, rouelle de jambon, cuite","Pork, round steak, cooked","2",0,"Glacé","Four",5,1.0517927,8.1389602,8.928575e-8,1.8184353,0.021027268,9.4719879e-7,9.9905813e-8,5.1786193e-9,0.13374464,0.001161151,0.036734491,0.56331029,235.81603,445.80782,1.9927263,75.585603,0.000031570597,"PACK AGB"
"28102","28102","viandes, œufs, poissons","viandes crues","Porc, rouelle de jambon, crue","Pork, round steak, raw","2",0,"Glacé","Pas de préparation",5,0.80674831,6.3731946,6.8681575e-8,1.0301222,0.016372148,7.4528008e-7,7.6187244e-8,4.0474626e-9,0.10534734,0.00088214091,0.028979355,0.44508557,186.25621,352.38949,1.5495241,50.737064,0.000021643195,"PACK AGB"
"28472","28472","viandes, œufs, poissons","viandes crues","Porc, hachage sans jarret, sans bateau, découenné, dégraisssé, désossé, cru","Pork, shoulder lower half, without rind, fat and bone, raw","2",0,"Glacé","Pas de préparation",5,0.80674831,6.3731946,6.8681575e-8,1.0301222,0.016372148,7.4528008e-7,7.6187244e-8,4.0474626e-9,0.10534734,0.00088214091,0.028979355,0.44508557,186.25621,352.38949,1.5495241,50.737064,0.000021643195,"PACK AGB"
"28477","28477","viandes, œufs, poissons","viandes crues","Porc, palette, découennée, dégraisssée, désossée, crue","Pork, shoulder upper half, without rind, fat and bone, raw","2",0,"Glacé","Pas de préparation",5,0.80674831,6.3731946,6.8681575e-8,1.0301222,0.016372148,7.4528008e-7,7.6187244e-8,4.0474626e-9,0.10534734,0.00088214091,0.028979355,0.44508557,186.25621,352.38949,1.5495241,50.737064,0.000021643195,"PACK AGB"
"28010","28010","viandes, œufs, poissons","viandes cuites","Porc, épaule, cuite","Pork, shoulder, cooked","2",0,"Glacé","Four",5,1.0695516,8.398182,9.5126317e-8,1.8673373,0.021704145,9.5526225e-7,1.0197925e-7,5.2304176e-9,0.13438238,0.0011958791,0.03700449,0.56535718,236.83773,447.00243,2.0353523,78.561987,0.000032274403,"PACK AGB"
"28001","28001","viandes, œufs, poissons","viandes crues","Porc, épaule, crue","Pork, shoulder, raw","2",0,"Glacé","Pas de préparation",5,0.8208063299999999,6.5783958,7.3304995e-8,1.0688332,0.016907967,7.5166316e-7,7.7828585e-8,4.0884663e-9,0.10585218,0.00090963189,0.029193087,0.4467059,187.06499,353.33515,1.5832671,53.093184,0.000022200331,"PACK AGB"
"28401","28401","viandes, œufs, poissons","viandes cuites","Porc, travers, braisé","Pork, spare-ribs, braised","2",0,"Glacé","Four",5,1.0703531,8.4003409,9.5188236e-8,1.8800269,0.021712612,9.5540258e-7,1.020691e-7,5.2320282e-9,0.13439868,0.0011970271,0.037007585,0.56538301,236.85065,447.01836,2.036218,78.843978,0.000032378194,"PACK AGB"
"28400","28400","viandes, œufs, poissons","viandes crues","Porc, travers, cru","Pork, spare-ribs, raw","2",0,"Glacé","Pas de préparation",5,0.8214408000000001,6.5801047,7.335401e-8,1.0788784,0.016914669,7.5177424e-7,7.7899715e-8,4.0897413e-9,0.10586507,0.0009105406,0.029195537,0.44672635,187.07522,353.34776,1.5839524,53.316409,0.000022282493,"PACK AGB"
"28473","28473","viandes, œufs, poissons","viandes crues","Porc, jambon sans jarret, sans bateau, découenné, dégraisssé, désossé, cru","Pork, way leg, without rind, fat and bone, raw","2",0,"Glacé","Pas de préparation",5,1.0117455,8.0472814,8.5929752e-8,1.2877319,0.020550071,9.3220804e-7,9.6023759e-8,5.0755208e-9,0.13173534,0.0011167228,0.036317776,0.55657541,233.18646,440.54926,1.9409345,63.474841,0.000027066661,"PACK AGB"
"4004","4004","fruits, légumes, légumineuses et oléagineux","pommes de terre et autres tubercules","Chips de pommes de terre, standard","Potato crisps","2",0,"Ambiant (long)","Pas de préparation",5,0.20604274,1.3586391,4.8715609e-8,0.53554319,0.0050716908,9.6985134e-8,2.3192982e-8,2.9239358e-9,0.011436928,0.00059782128,0.012072362,0.046401315,58.153798,227.39248,0.36591045,23.889484,0.0000068090176,"PACK PROXY"
"4038","4038","fruits, légumes, légumineuses et oléagineux","pommes de terre et autres tubercules","Chips de pommes de terre et assimilés, allégées en matière grasse","Potato crisps and related, reduced fat","2",0,"Ambiant (long)","Pas de préparation",5,0.20604274,1.3586391,4.8715609e-8,0.53554319,0.0050716908,9.6985134e-8,2.3192982e-8,2.9239358e-9,0.011436928,0.00059782128,0.012072362,0.046401315,58.153798,227.39248,0.36591045,23.889484,0.0000068090176,"PACK PROXY"
"4037","4037","fruits, légumes, légumineuses et oléagineux","pommes de terre et autres tubercules","Chips de pommes de terre, à l'ancienne","Potato crisps, ""à l'ancienne"" (old-fashioned style)","2",0,"Ambiant (long)","Pas de préparation",5,0.20604274,1.3586391,4.8715609e-8,0.53554319,0.0050716908,9.6985134e-8,2.3192982e-8,2.9239358e-9,0.011436928,0.00059782128,0.012072362,0.046401315,58.153798,227.39248,0.36591045,23.889484,0.0000068090176,"PACK PROXY"
"4022","4022","fruits, légumes, légumineuses et oléagineux","pommes de terre et autres tubercules","Pomme de terre, flocons déshydratés, nature","Potato flakes, dehydrated, plain","2",0,"Ambiant (moyen)","Pas de préparation",5,0.37248918,2.8385452,6.2482713e-8,3.653667,0.0084188936,1.2748613e-7,2.9283054e-8,1.0797803e-9,0.013034755,0.00050663631,0.0054203483,0.044507313,19.332758,72.021503,1.1635801,107.86735,0.000011965603,"PACK PROXY"
"4016","4016","fruits, légumes, légumineuses et oléagineux","pommes de terre et autres tubercules","Pomme de terre, flocons déshydratés, au lait ou à la crème","Potato flakes, dehydrated, with milk or cream","2",0,"Ambiant (long)","Pas de préparation",5,0.37523931,2.8484588,6.2793755e-8,3.6941642,0.0084514582,1.2796277e-7,2.9590221e-8,1.0857369e-9,0.0130902,0.00051069134,0.0054369961,0.04460105,19.39184,72.073963,1.1664339,108.8137,0.000012299781,"PACK PROXY"
"4019","4019","fruits, légumes, légumineuses et oléagineux","pommes de terre et autres tubercules","Pomme de terre, purée à base de flocons, reconstituée avec lait demi-écrémé et eau, non salée","Potato puree, made from flakes, reconstituted with semi-skimmed milk and water, unsalted","2",0,"Ambiant (long)","Micro-onde",5,0.18279858999999998,4.056771,1.4800729e-8,0.63765566,0.0020124654,4.9560053e-8,9.8729472e-9,2.9606773e-10,0.0060697285,0.00010664534,0.0017488317,0.023867013,5.3635261,20.590203,0.2105901,19.487619,0.0000032893358,"PACK PROXY"
"4017","4017","fruits, légumes, légumineuses et oléagineux","pommes de terre et autres tubercules","Pomme de terre, purée à base de flocons, reconstituée avec lait entier, matière grasse","Potato puree, made from flakes, reconstituted with whole milk, with added fat","2",0,"Ambiant (long)","Micro-onde",5,0.45088446,11.153284,2.7503761e-8,0.75589181,0.0040767543,1.4296255e-7,2.5593541e-8,6.9529211e-10,0.019052853,0.00017883138,0.0047645016,0.079110431,13.321628,52.540627,0.31292102,25.821057,0.0000058383577,"PACK PROXY"
"4018","4018","fruits, légumes, légumineuses et oléagineux","pommes de terre et autres tubercules","Pomme de terre, purée, avec lait et beurre, non salée","Potato puree, with milk and butter, unsalted","2",0,"Ambiant (long)","Micro-onde",5,0.17728611,1.623036,5.6383135e-8,0.61762635,0.0044116232,1.2236632e-7,2.590964e-8,7.1042584e-10,0.015441497,0.00023062806,0.0049090975,0.063245693,13.451919,52.493705,0.381852,26.799553,0.0000065252318,"PACK PROXY"
"25609","25609","entrées et plats composés","salades composées et crudités","Salade de pomme de terre à la piémontaise, préemballée","Potato salad, piémontaise-style, prepacked","2",0,"Glacé","Pas de préparation",5,0.54454073,4.2475291,0.0000020433703,1.0223455,0.013337887,3.3667722e-7,5.9701976e-8,2.3006807e-9,0.043573119,0.0008305597,0.015313175,0.17436705,80.671931,200.23863,1.8855617,59.426836,0.000062545845,"PACK AGB"
"4003","4003","fruits, légumes, légumineuses et oléagineux","pommes de terre et autres tubercules","Pomme de terre, bouillie/cuite à l'eau","Potato, boiled/cooked in water","2",0,"Ambiant (moyen)","Cuisson à l'eau",5,0.11712030999999999,1.2780332,3.4753831e-8,0.21957177,0.0040776467,5.6362151e-8,2.0829551e-8,5.5952535e-10,0.0046640057,0.00026136704,0.002380027,0.015198131,8.8514327,39.038648,0.58249959,21.411684,0.0000057787134,"PACK PROXY"
"4002","4002","fruits, légumes, légumineuses et oléagineux","pommes de terre et autres tubercules","Pomme de terre, sans peau, cuite au four","Potato, peeled, baked","2",0,"Ambiant (moyen)","Four",5,0.13879476,1.2682418,3.3639128e-8,0.63419317,0.0042193021,6.0535864e-8,2.3596172e-8,5.964774e-10,0.0051191675,0.0002953524,0.0024467475,0.015790157,9.1969311,39.529381,0.60849534,29.361783,0.0000090934043,"PACK PROXY"
"4008","4008","fruits, légumes, légumineuses et oléagineux","pommes de terre et autres tubercules","Pomme de terre, sans peau, crue","Potato, peeled, raw","2",0,"Ambiant (moyen)","Pas de préparation",5,0.072690853,0.81226392,2.1866805e-8,0.074514828,0.0027050757,4.1723612e-8,9.3259434e-9,3.1514949e-10,0.003651192,0.00016465906,0.0014595281,0.01307294,5.708213,23.653225,0.31676397,12.21964,0.0000032477553,"PACK PROXY"
"4027","4027","fruits, légumes, légumineuses et oléagineux","pommes de terre et autres tubercules","Pomme de terre rissolée, surgelée, cuite","Potato, pre-fried into cubes, frozen, cooked","2",0,"Congelé","Four",5,0.20101017999999998,1.4919994,5.0901004e-8,1.6506179,0.0048621719,7.7988812e-8,2.365935e-8,6.4042006e-10,0.0078831612,0.00035612983,0.0032945298,0.02690902,12.671053,38.791683,0.47149595,49.077242,0.00001529922,"PACK PROXY"
"4043","4043","fruits, légumes, légumineuses et oléagineux","pommes de terre et autres tubercules","Pomme de terre rissolée, surgelée, crue","Potato, pre-fried into cubes, frozen, raw","2",0,"Congelé","Pas de préparation",5,0.11755535,0.98635141,3.3655008e-8,0.78967103,0.003152222,5.0341982e-8,1.4011776e-8,4.0182755e-10,0.005027903,0.00021694691,0.0022148406,0.018008064,8.4904914,26.530712,0.30390591,26.174382,0.000007710868,"PACK PROXY"
"4026","4026","fruits, légumes, légumineuses et oléagineux","pommes de terre et autres tubercules","Pomme de terre, rôtie/cuite au four","Potato, roasted/baked","2",0,"Ambiant (moyen)","Four",5,0.1100802,0.87153601,2.3794303e-8,0.65077883,0.0030319761,5.4229249e-8,1.4853159e-8,4.3674398e-10,0.0049642213,0.00020877884,0.0019067483,0.01720601,7.4986604,30.403286,0.41288832,23.537052,0.0000078414935,"PACK PROXY"
"4015","4015","fruits, légumes, légumineuses et oléagineux","pommes de terre et autres tubercules","Pomme de terre, sautée/poêlée","Potato, sautéed/pan-fried","2",0,"Ambiant (moyen)","Poêle",5,0.090035986,0.91149313,2.6246695e-8,0.20639008,0.0029611507,5.0869218e-8,1.2110108e-8,4.4927223e-10,0.0046298682,0.00018155023,0.0020176726,0.017201569,8.1068921,33.768837,0.38762365,15.366309,0.0000043639418,"PACK PROXY"
"4036","4036","fruits, légumes, légumineuses et oléagineux","pommes de terre et autres tubercules","Pomme de terre sautée/poêlée à la graisse de canard","Potato, sautéed/pan-fried, with goose fat","2",0,"Ambiant (moyen)","Micro-onde",5,0.073765754,0.74046991,2.0221922e-8,0.13907622,0.0025293564,4.5528116e-8,1.0628099e-8,3.5162024e-10,0.0040603642,0.00015361829,0.001678292,0.015066316,6.6036929,28.216109,0.35818759,11.683889,0.0000035286962,"PACK PROXY"
"4014","4014","fruits, légumes, légumineuses et oléagineux","pommes de terre et autres tubercules","Pomme de terre vapeur, sous vide","Potato, steamed, vacuum-packed","2",0,"Ambiant (moyen)","Cuisson à l'eau",5,0.11712030999999999,1.2780332,3.4753831e-8,0.21957177,0.0040776467,5.6362151e-8,2.0829551e-8,5.5952535e-10,0.0046640057,0.00026136704,0.002380027,0.015198131,8.8514327,39.038648,0.58249959,21.411684,0.0000057787134,"PACK PROXY"
"12839","12839","lait et produits laitiers","fromages","Pouligny Saint-Pierre (fromage de chèvre)","Pouligny Saint-Pierre cheese, from goat's milk","2",0,"Glacé","Pas de préparation",5,0.90980881,6.636636,0.0000012646286,0.75329338,0.012989787,0.0000010127964,7.7911804e-8,2.7507285e-9,0.14429278,0.00079377028,0.028176432,0.627403,44.207457,459.11831,1.9515839,42.845958,0.000045668355,"PACK AGB"
"28929","28929","viandes, œufs, poissons","charcuteries","Dés, allumettes, râpé ou haché de jambon de volaille","Poultry ham in cube, grated or minced","2",0,"Glacé","Pas de préparation",5,0.83264993,5.7701136,0.0000015935124,1.1525749,0.022878359,7.1877856e-7,8.0971376e-8,3.9244129e-9,0.097883558,0.00098074851,0.027114392,0.40588926,145.8858,219.55811,1.4873157,75.660824,0.000062116174,"PACK AGB"
"8316","8316","viandes, œufs, poissons","charcuteries","Pâté de foie de volaille","Poultry liver pâté","2",0,"Ambiant (moyen)","Pas de préparation",5,0.26676009,2.4453986,4.3734487e-8,0.72292883,0.0081827257,1.9951024e-7,2.4973178e-8,2.7100261e-9,0.02325313,0.00033888663,0.0067204899,0.087547169,41.094318,66.057041,0.65479078,37.968821,0.0000078013423,"PACK AGB"
"25512","25512","viandes, œufs, poissons","autres produits à base de viande","Volaille, croquette panée ou nuggets","Poultry nuggets","2",0,"Glacé","Four",5,0.50327458,3.5808402,7.7589874e-8,1.3227261,0.013856966,4.192186e-7,5.6492495e-8,2.5572558e-9,0.056312982,0.00069817345,0.017457558,0.2321155,79.625914,157.54621,0.97131399,57.235801,0.000020446974,"PACK AGB"
"25504","25504","viandes, œufs, poissons","autres produits à base de viande","Brochette de volaille","Poultry on skewer","2",0,"Glacé","Four",5,1.0485570000000002,7.4089347,1.5152199e-7,1.9787258,0.029559915,9.4053583e-7,1.0611482e-7,5.1278996e-9,0.12869233,0.0012282916,0.035576652,0.53519061,191.84544,288.18406,1.9785219,106.87554,0.000038037274,"PACK AGB"
"25126","25126","entrées et plats composés","plats composés","Paupiette de volaille","Poultry paupiette","2",0,"Glacé","Micro-onde",5,0.7241788499999999,5.3270898,1.1222562e-7,1.0967271,0.018604007,6.6353304e-7,7.7519817e-8,3.6821144e-9,0.091859549,0.0008524415,0.026175593,0.38478651,141.9416,249.88126,1.3553769,60.394489,0.000023488507,"PACK AGB"
"8912","8912","viandes, œufs, poissons","charcuteries","Quenelle de volaille, en sauce","Poultry quenelle, in sauce","2",0,"Glacé","Four",5,0.6570855999999999,4.7905811,5.9480502e-7,1.3850928,0.01569565,5.7277326e-7,8.3184227e-8,3.1566787e-9,0.080049021,0.00069931086,0.023349306,0.33578166,98.040606,218.95123,1.0365371,58.832791,0.000034777238,"PACK AGB"
"8910","8910","viandes, œufs, poissons","charcuteries","Quenelle de volaille, crue","Poultry quenelle, raw","2",0,"Glacé","Pas de préparation",5,0.6244232,4.7026027,5.9228174e-7,0.86796648,0.01535061,5.6705465e-7,7.9522472e-8,3.0910443e-9,0.079385124,0.00065253046,0.023223185,0.33472877,97.514015,218.30185,1.0012578,47.341133,0.000030547556,"PACK AGB"
"30131","30131","viandes, œufs, poissons","charcuteries","Saucisse de volaille, type Knack","Poultry sausage","2",0,"Glacé","Four",5,2.2644219,14.888484,8.8722561e-8,1.8518481,0.024161682,0.0000013892365,0.0000047664983,2.5885098e-8,0.20117541,0.0012135928,0.063047115,0.87500252,131.89229,1673.9825,1.8541153,74.252384,0.00003055509,"PACK AGB"
"30130","30130","viandes, œufs, poissons","charcuteries","Saucisse de volaille, façon charcutière","Poultry sausage, delicatessen style","2",0,"Glacé","Four",5,1.7978113,11.89795,1.2053818e-7,1.5788355,0.030815231,0.0000013132893,0.0000026251828,1.6922342e-8,0.18606818,0.0013105409,0.055250822,0.7951983,181.93551,1053.1549,2.1328709,88.014136,0.000037291289,"PACK AGB"
"28927","28927","viandes, œufs, poissons","charcuteries","Haché de volaille","Poultry, minced meat","2",0,"Glacé","Four",5,1.0389156000000002,7.2600079,1.4761177e-7,1.9737523,0.029130498,9.3837884e-7,1.0574963e-7,5.104594e-9,0.12849122,0.0012222164,0.035551548,0.53484174,191.80144,288.55717,1.9431313,104.26912,0.000037617314,"PACK AGB"
"23081","23081","produits céréaliers","gâteaux et pâtisseries","Quatre-quarts ou barre pâtissière, préemballé","Pound cake, prepacked","2",0,"Ambiant (long)","Pas de préparation",5,0.43477116,4.0837333,5.7211736e-8,0.62511697,0.011094081,3.496713e-7,5.0595886e-8,1.8298334e-9,0.048317755,0.00043547798,0.014881316,0.20293715,42.096205,146.84752,1.3634006,45.786667,0.000012214258,"PACK PROXY"
"26133","26133","viandes, œufs, poissons","poissons crus","Tacaud, cru","Pouting, raw","2",0,"Glacé","Pas de préparation",5,1.9688571000000001,12.188752,0.0000017640754,0.28003355,0.23912983,0.0000024713049,4.7505226e-8,5.4092627e-9,0.31970158,0.00052943654,0.078563124,0.85806833,12.058341,16.31433,0.39493123,161.74181,0.000065558231,"PACK PROXY"
"38104","38104","produits céréaliers","céréales de petit-déjeuner et biscuits","Chips de crevette","Prawn crackers","2",0,"Ambiant (long)","Pas de préparation",5,0.5263084299999999,4.2628014,3.7549828e-7,0.65908354,0.017700151,2.6717992e-7,1.0301726e-7,4.5045716e-9,0.030592368,0.0024728749,0.032437298,0.10179949,106.27111,291.32799,2.5571801,51.881664,0.000017423403,"PACK PROXY"
"25057","25057","entrées et plats composés","plats composés","Poêlée de pommes de terre préfrites, lardons ou poulet, et autres, sans légumes verts","Pre-fried potatoes, pan-fried, lardoons or chicken, and other, without green vegetables","2",0,"Glacé","Micro-onde",5,0.27515598,2.1923785,5.0655558e-8,0.90279322,0.0065656676,1.9988616e-7,3.0508119e-8,5.7142164e-9,0.024876489,0.00035855971,0.0074367041,0.10254421,37.860344,87.67874,0.71504922,38.342216,0.000009765361,"PACK AGB"
"25602","25602","entrées et plats composés","salades composées et crudités","Salade composée avec viande ou poisson, appertisée, égouttée","Prepared mixed meat/fish canned, drained salad","2",0,"Ambiant (long)","Pas de préparation",5,1.8636587,11.732593,0.0000021222759,1.024113,0.21075066,0.0000021909546,5.6712249e-8,1.1209397e-8,0.28147489,0.00079098174,0.070592021,0.75769585,22.924493,64.936446,1.0051545,171.53247,0.000074788669,"PACK AGB"
"25601","25601","entrées et plats composés","salades composées et crudités","Salade de thon et légumes, appertisée, égouttée","Prepared mixed tuna and vegetable salad, canned, drained","2",0,"Ambiant (long)","Pas de préparation",5,0.6415754,4.5980314,0.000001939399,0.32202279,0.055595172,5.951848e-7,3.4071377e-8,1.8806246e-9,0.074506121,0.00066779736,0.019741199,0.20435846,19.349505,61.150118,0.91159509,67.436344,0.000060924991,"PACK AGB"
"25615","25615","entrées et plats composés","salades composées et crudités","Salade de pâtes, végétarienne","Prepared pasta salad, vegetarian","2",0,"Glacé","Pas de préparation",5,0.44282780000000005,3.37721,0.0000020373423,0.77014322,0.01235712,2.0006821e-7,2.0197849e-7,2.3842979e-9,0.023114057,0.00083723381,0.012650737,0.082453457,31.458218,134.98084,2.2936933,54.917048,0.000061352711,"PACK AGB"
"25619","25619","entrées et plats composés","salades composées et crudités","Salade de pâtes aux légumes, avec poisson ou viande","Prepared pasta salad, with vegetable, meat or fish","2",0,"Glacé","Pas de préparation",5,0.53547337,4.158999,0.0000020644048,0.71121602,0.030143932,3.6038311e-7,4.6430092e-8,1.9120621e-9,0.044948998,0.00074868279,0.01647455,0.13770427,25.710059,116.66212,1.6814918,65.592584,0.000064544562,"PACK AGB"
"25606","25606","entrées et plats composés","salades composées et crudités","Salade de pommes de terre maison","Prepared potatoes salad, home-made","2",0,"Glacé","Pas de préparation",5,0.679842,5.4597135,0.0000020511573,1.2825306,0.015427803,4.7802456e-7,7.2597367e-8,2.7753136e-9,0.063403829,0.00092982598,0.018866139,0.25895431,104.41786,220.7292,1.8034321,69.026613,0.000065550993,"PACK AGB"
"25614","25614","entrées et plats composés","salades composées et crudités","Salade de riz","Prepared rice salad","2",0,"Glacé","Pas de préparation",5,0.39932097,2.8478773,0.0000019931851,0.76223097,0.010265065,1.4643294e-7,1.4972526e-7,1.0543308e-9,0.016477376,0.00061834803,0.010496217,0.05762898,41.148857,100.56788,5.4120128,49.100513,0.000057207851,"PACK AGB"
"8110","8110","viandes, œufs, poissons","charcuteries","Confit de canard","Preserved duck","2",0,"Glacé","Four",5,0.69618122,5.4435138,3.1215432e-7,2.3043332,0.012777392,6.463105e-7,4.5966145e-8,4.9556315e-9,0.082231048,0.00086101951,0.017428363,0.34824252,60.609322,194.23904,1.0196029,82.373888,0.000027971227,"PACK AGB"
"8120","8120","viandes, œufs, poissons","charcuteries","Confit de foie de porc","Preserved pork liver","2",0,"Glacé","Pas de préparation",5,0.41275278,3.6632108,5.459003e-8,0.65212026,0.010947326,3.5301074e-7,3.9288768e-8,2.8414477e-9,0.045652782,0.00050473509,0.01256783,0.1835154,82.752891,144.44868,0.81555728,38.137291,0.000011453534,"PACK AGB"
"8125","8125","viandes, œufs, poissons","charcuteries","Confit de foie de volaille","Preserved poultry liver","2",0,"Glacé","Pas de préparation",5,0.25882905,2.3164416,4.8933448e-8,0.39384768,0.0093185695,2.1865736e-7,2.6191525e-8,2.0881313e-9,0.025902409,0.0003361365,0.0070514001,0.098988956,41.701522,54.944306,0.52927541,31.024782,0.0000084990797,"PACK AGB"
"13063","13063","fruits, légumes, légumineuses et oléagineux","fruits","Figue de Barbarie, pulpe et graines, crue","Prickly pear, pulp and seeds, raw","2",0,"Ambiant (moyen)","Pas de préparation",5,0.06546477299999999,0.49801849,2.6262739e-8,0.034000627,0.0027678969,2.9873947e-8,1.3966659e-8,3.4537407e-10,0.0033632343,0.000077709493,0.0010965319,0.013387635,16.78041,30.451497,1.2467129,6.3933637,0.0000045039881,"PACK AGB"
"12356","12356","lait et produits laitiers","fromages","Snack pour enfants à base de fromage fondu et de gressins","Processed cheese snack w breadsticks, for children","2",0,"Glacé","Pas de préparation",5,0.53532595,4.7610957,1.159961e-7,0.9792479,0.011834808,4.9951864e-7,8.5062273e-8,2.6802095e-9,0.067018456,0.0007107442,0.018253339,0.28090521,48.8758,187.25023,0.72118131,43.802196,0.000013867383,"PACK AGB"
"12355","12355","lait et produits laitiers","fromages","Spécialité fromagère fondante au fromage blanc et aux noix","Processed cheese with fresh cream cheese and walnuts","2",0,"Glacé","Pas de préparation",5,0.5532232899999999,4.8657325,1.2107368e-7,0.99321028,0.012270608,5.0322965e-7,8.7829683e-8,2.7508003e-9,0.067666843,0.00073888198,0.018614205,0.28300059,55.030292,208.73869,1.0962789,45.123818,0.000015903769,"PACK AGB"
"12310","12310","lait et produits laitiers","fromages","Fromage fondu en portions ou en cubes environ 20% MG","Processed cheese, around 20% fat, in wedges or cubes","2",0,"Glacé","Pas de préparation",5,0.50997348,4.7032548,3.3454968e-7,0.57867252,0.010842329,4.840547e-7,8.3232097e-8,2.5881976e-9,0.067188426,0.00066894103,0.016369974,0.28002308,42.82358,160.60654,0.54615949,33.59495,0.000019922417,"PACK AGB"
"12320","12320","lait et produits laitiers","fromages","Fromage fondu double crème, environ 31% MG","Processed cheese, double cream, around 31% fat","2",0,"Glacé","Pas de préparation",5,0.49939174000000003,4.666712,1.0811265e-7,0.56162398,0.010798923,4.8194341e-7,8.3021454e-8,2.4350671e-9,0.066853308,0.00066404777,0.016477178,0.28068292,43.794974,166.79373,0.58266894,32.749213,0.00001279479,"PACK AGB"
"12300","12300","lait et produits laitiers","fromages","Fromage fondu en tranchettes","Processed cheese, in slices","2",0,"Glacé","Pas de préparation",5,0.45992973,4.27747,7.338526e-8,0.48444093,0.0092904458,4.5323481e-7,7.6204323e-8,1.9486642e-9,0.064735445,0.0004506855,0.0158632,0.27565439,39.70262,153.40838,0.48525242,27.496735,0.000011280762,"PACK AGB"
"23474","23474","lait et produits laitiers","produits laitiers frais et assimilés","Profiteroles (crème pâtissière et sauce chocolat), rayon frais","Profiteroles (chou pastry), with custard and chocolate sauce, refrigerated","2",0,"Glacé","Pas de préparation",5,0.34365507,4.3810107,5.9151584e-8,0.70090253,0.0092351465,2.0828521e-7,3.348481e-8,1.8923255e-9,0.026598615,0.00052731382,0.013021749,0.10904632,24.710124,163.14827,0.61234771,34.459459,0.0000080403525,"PACK AGB"
"23472","23472","glaces et sorbets","desserts glacés","Profiterole avec glace vanille et sauce chocolat","Profiteroles (chou pastry), with vanilla ice cream and chocolate sauce","2",0,"Congelé","Pas de préparation",5,0.41390576,4.4213779,0.0000020220418,0.90405069,0.0097451675,2.0307587e-7,3.570951e-8,1.8602174e-9,0.026139726,0.00054181016,0.012521115,0.10465883,23.828622,150.81788,0.5109067,41.440295,0.000058184917,"PACK PROXY"
"28480","28480","viandes, œufs, poissons","viandes crues","Porc, rôti filet avec chaînette, cru","Prok, eye of shortloin, raw","2",0,"Glacé","Pas de préparation",5,0.80674831,6.3731946,6.8681575e-8,1.0301222,0.016372148,7.4528008e-7,7.6187244e-8,4.0474626e-9,0.10534734,0.00088214091,0.028979355,0.44508557,186.25621,352.38949,1.5495241,50.737064,0.000021643195,"PACK AGB"
"25454","25454","entrées et plats composés","pizzas, tartes et crêpes salées","Tarte à la provençale","Provencal-style tart","2",0,"Glacé","Four",5,0.41429232,3.1919696,1.8313914e-7,1.3262548,0.010847843,2.4617136e-7,6.7075575e-8,1.4756914e-9,0.029997379,0.00059051803,0.011235471,0.11593272,71.2651,106.59798,4.6724041,55.661566,0.000019133901,"PACK AGB"
"25524","25524","entrées et plats composés","plats composés","Tomate à la provençale","Provencal-style tomato (breaded tomatoes stuffed with garlic and parsley)","2",0,"Glacé","Micro-onde",5,0.33119878,2.5681308,9.726655e-8,0.81505589,0.01048203,1.2993967e-7,5.3107556e-8,2.4013675e-9,0.0132244,0.00046863341,0.0087762474,0.044767058,84.180742,80.964791,6.3406887,49.580372,0.000012613302,"PACK AGB"
"8612","8612","entrées et plats composés","plats composés","Tripes à la tomate ou à la provençale","Provencal-type tripe (with tomato)","2",0,"Glacé","Micro-onde",5,3.3153137,21.457058,1.27292e-7,1.0679876,0.032389572,0.0000019354607,0.0000079185287,4.2870348e-8,0.28123156,0.0015322977,0.091512678,1.231494,136.78874,2624.8154,3.51475,66.84698,0.000034138421,"PACK AGB"
"11060","11060","aides culinaires et ingrédients divers","herbes","Herbes de Provence, séchées","Provence herbs, dried","2",0,"Ambiant (long)","Pas de préparation",5,0.47524858000000003,2.7563441,8.8854867e-8,0.32212317,0.011979571,2.7566859e-7,4.2778169e-8,6.9680524e-10,0.032975609,0.00057048859,0.016396019,0.12694798,22.58932,144.29315,20.343184,37.902787,0.000010692094,"PACK PROXY"
"12716","12716","lait et produits laitiers","fromages","Provolone","Provolone cheese, from cow's milk","2",0,"Glacé","Pas de préparation",5,0.52460143,4.8797395,4.7809523e-8,0.58205252,0.010781737,5.3157066e-7,8.461943e-8,2.2244099e-9,0.072861989,0.00049411932,0.01775296,0.30977697,43.753425,173.37624,0.65290286,32.520415,0.000011993781,"PACK AGB"
"13042","13042","fruits, légumes, légumineuses et oléagineux","fruits","Pruneau, sec","Prune","2",0,"Ambiant (moyen)","Pas de préparation",5,0.10864804,0.98166444,2.9522352e-8,0.15110408,0.005678403,4.4267926e-8,1.6231577e-8,3.6714254e-10,0.0058308127,0.00021144227,0.0021066095,0.019254266,10.663882,43.90086,1.0306419,16.769335,0.0000075611908,"PACK AGB"
"23422","23422","produits céréaliers","farines et pâtes à tarte","Pâte feuilletée, cuite","Puff pastry, cooked","2",0,"Glacé","Four",5,0.39138204000000004,3.3660295,4.8078175e-8,1.2318527,0.0085601917,3.124916e-7,5.7029567e-8,1.6500248e-9,0.044006067,0.00036205264,0.012737703,0.1850856,31.741958,128.84426,0.64582932,44.888521,0.000013983531,"PACK PROXY"
"23421","23421","produits céréaliers","farines et pâtes à tarte","Pâte feuilletée, surgelée, crue","Puff pastry, frozen, raw","2",0,"Congelé","Four",5,0.39082652,3.3022742,4.7036737e-8,1.4289708,0.0082413749,3.0461637e-7,5.7095447e-8,1.5804523e-9,0.042897991,0.00035740189,0.012081061,0.17975283,28.306572,121.17616,0.6194502,48.354563,0.000015344009,"PACK PROXY"
"23426","23426","produits céréaliers","farines et pâtes à tarte","Pâte feuilletée pur beurre, cuite","Puff pastry, pure butter, cooked","2",0,"Glacé","Four",5,0.39189644,3.4004846,4.7736548e-8,1.2286226,0.008452308,3.1605762e-7,5.7886674e-8,1.6204261e-9,0.044553962,0.0003503137,0.012579927,0.18766179,29.350949,126.44518,0.63014337,44.641449,0.000013867233,"PACK PROXY"
"23425","23425","produits céréaliers","farines et pâtes à tarte","Pâte feuilletée pur beurre, surgelée crue","Puff pastry, pure butter, frozen, raw","2",0,"Congelé","Four",5,0.39082652,3.3022742,4.7036737e-8,1.4289708,0.0082413749,3.0461637e-7,5.7095447e-8,1.5804523e-9,0.042897991,0.00035740189,0.012081061,0.17975283,28.306572,121.17616,0.6194502,48.354563,0.000015344009,"PACK PROXY"
"23424","23424","produits céréaliers","farines et pâtes à tarte","Pâte feuilletée pur beurre, crue","Puff pastry, pure butter, raw","2",0,"Glacé","Four",5,0.39189644,3.4004846,4.7736548e-8,1.2286226,0.008452308,3.1605762e-7,5.7886674e-8,1.6204261e-9,0.044553962,0.0003503137,0.012579927,0.18766179,29.350949,126.44518,0.63014337,44.641449,0.000013867233,"PACK PROXY"
"23420","23420","produits céréaliers","farines et pâtes à tarte","Pâte feuilletée, matière grasse végétale, crue","Puff pastry, raw","2",0,"Glacé","Four",5,0.39189644,3.4004846,4.7736548e-8,1.2286226,0.008452308,3.1605762e-7,5.7886674e-8,1.6204261e-9,0.044553962,0.0003503137,0.012579927,0.18766179,29.350949,126.44518,0.63014337,44.641449,0.000013867233,"PACK PROXY"
"7353","7353","produits céréaliers","pains et viennoiseries","Galettes multicéréales soufflées","Puffed cereals textured bread","2",0,"Ambiant (court)","Pas de préparation",5,0.17523383,0.97994619,1.8604913e-8,0.42375142,0.0034367845,7.3942081e-8,1.7841468e-7,2.4396701e-10,0.009951762,0.00012497594,0.0076074383,0.039915609,16.378427,35.087113,4.8215393,16.076461,0.0000028899877,"PACK PROXY"
"7352","7352","produits céréaliers","pains et viennoiseries","Galette de riz soufflé complet","Puffed rice textured bread, wholemeal","2",0,"Ambiant (court)","Pas de préparation",5,0.17523383,0.97994619,1.8604913e-8,0.42375142,0.0034367845,7.3942081e-8,1.7841468e-7,2.4396701e-10,0.009951762,0.00012497594,0.0076074383,0.039915609,16.378427,35.087113,4.8215393,16.076461,0.0000028899877,"PACK PROXY"
"38404","38404","produits céréaliers","céréales de petit-déjeuner et biscuits","Biscuit apéritif soufflé, à base de maïs, à la cacahuète","Puffed salty snacks, made from maize/corn, with peanuts","2",0,"Ambiant (long)","Pas de préparation",5,0.21303093,1.5051478,3.9740095e-8,0.55461246,0.0055156617,1.1695498e-7,2.1141925e-8,2.2663821e-9,0.014656506,0.00050316539,0.011986209,0.060275043,42.690251,186.00586,0.62525509,25.128293,0.0000078861467,"PACK PROXY"
"38400","38400","produits céréaliers","céréales de petit-déjeuner et biscuits","Biscuit apéritif soufflé, à base de maïs, sans cacahuète","Puffed salty snacks, made from maize/corn, without peanuts","2",0,"Ambiant (long)","Pas de préparation",5,0.21303093,1.5051478,3.9740095e-8,0.55461246,0.0055156617,1.1695498e-7,2.1141925e-8,2.2663821e-9,0.014656506,0.00050316539,0.011986209,0.060275043,42.690251,186.00586,0.62525509,25.128293,0.0000078861467,"PACK PROXY"
"38106","38106","produits céréaliers","céréales de petit-déjeuner et biscuits","Biscuit apéritif soufflé, à base de pomme de terre","Puffed salty snacks, made from potato","2",0,"Ambiant (long)","Pas de préparation",5,0.21303093,1.5051478,3.9740095e-8,0.55461246,0.0055156617,1.1695498e-7,2.1141925e-8,2.2663821e-9,0.014656506,0.00050316539,0.011986209,0.060275043,42.690251,186.00586,0.62525509,25.128293,0.0000078861467,"PACK PROXY"
"38108","38108","produits céréaliers","céréales de petit-déjeuner et biscuits","Biscuit apéritif soufflé, à base de pomme de terre et de soja","Puffed salty snacks, made from potato and soy","2",0,"Ambiant (long)","Pas de préparation",5,0.21303093,1.5051478,3.9740095e-8,0.55461246,0.0055156617,1.1695498e-7,2.1141925e-8,2.2663821e-9,0.014656506,0.00050316539,0.011986209,0.060275043,42.690251,186.00586,0.62525509,25.128293,0.0000078861467,"PACK PROXY"
"13614","13614","fruits, légumes, légumineuses et oléagineux","fruits","Pamplemousse chinois, pulpe, cru","Pummelo, pulp, raw","2",0,"Ambiant (moyen)","Pas de préparation",5,0.5075854099999999,1.1472131,3.6733377e-8,0.1170711,0.004846746,6.6976001e-8,5.0956254e-8,4.8841845e-10,0.0071742949,0.00040448348,0.0041338298,0.018866774,276.63395,44.377931,37.432366,15.253599,0.000025304995,"PACK AGB"
"20128","20128","fruits, légumes, légumineuses et oléagineux","légumes","Courge musquée, pulpe, crue","Pumpkin (cucurbita moschata), pulp, raw","2",0,"Ambiant (moyen)","Pas de préparation",5,0.11312066999999999,0.69476409,2.1398994e-8,0.14548369,0.00278909,3.9901947e-8,1.3733457e-7,1.9103129e-9,0.0042036303,0.00022524293,0.0093421428,0.01622889,4.6261963,97.303088,0.79753016,9.9004734,0.0000042031148,"PACK AGB"
"20043","20043","fruits, légumes, légumineuses et oléagineux","légumes","Potiron, appertisé, égoutté","Pumpkin, canned, drained","2",0,"Ambiant (long)","Micro-onde",5,0.18200822,1.5060363,4.751499e-8,0.38727672,0.0051156593,7.8273155e-8,1.3086456e-7,5.7625575e-9,0.0061746399,0.00044859348,0.0095994587,0.020863979,8.5858121,95.963911,0.92084567,24.490134,0.0000065497297,"PACK AGB"
"20096","20096","fruits, légumes, légumineuses et oléagineux","légumes","Potiron, cuit","Pumpkin, cooked","2",0,"Ambiant (moyen)","Cuisson à l'eau",5,0.19665602,1.6031429,5.1124059e-8,0.33243069,0.0057350029,6.7426781e-8,1.6606992e-7,2.4149392e-9,0.0068226397,0.00042091107,0.011555092,0.024158315,7.8616998,121.19855,1.1543982,26.60172,0.0000082911762,"PACK AGB"
"20166","20166","fruits, légumes, légumineuses et oléagineux","légumes","Citrouille, pulpe, crue","Pumpkin, pulp, raw","2",0,"Ambiant (moyen)","Pas de préparation",5,0.11312066999999999,0.69476409,2.1398994e-8,0.14548369,0.00278909,3.9901947e-8,1.3733457e-7,1.9103129e-9,0.0042036303,0.00022524293,0.0093421428,0.01622889,4.6261963,97.303088,0.79753016,9.9004734,0.0000042031148,"PACK AGB"
"20044","20044","fruits, légumes, légumineuses et oléagineux","légumes","Potiron, cru","Pumpkin, raw","2",0,"Ambiant (moyen)","Pas de préparation",5,0.11312066999999999,0.69476409,2.1398994e-8,0.14548369,0.00278909,3.9901947e-8,1.3733457e-7,1.9103129e-9,0.0042036303,0.00022524293,0.0093421428,0.01622889,4.6261963,97.303088,0.79753016,9.9004734,0.0000042031148,"PACK AGB"
"1014","1014","boissons","boisson alcoolisées","Alcool pur","Pure alcohol","2",0,"Ambiant (long)","Réfrigéré chez le consommateur",5,1.9822462,11.747002,2.4240016e-7,3.3160507,0.054301861,8.0909461e-7,5.8591564e-7,1.2395639e-8,0.085534434,0.0028083439,0.11336036,0.33036108,985.24872,2094.3439,3.5445888,163.0977,0.00014647622,"PACK PROXY"
"11082","11082","aides culinaires et ingrédients divers","sels","Fleur de sel, non iodée, non fluorée","Pure sea salt, no enrichment","2",0,"Ambiant (long)","Pas de préparation",5,0.06970252,0.62215974,9.875192e-9,0.10588204,0.0024921706,4.3471095e-8,1.1124069e-8,2.30345e-10,0.0031331028,0.00025803298,0.0008393533,0.0075961457,4.2030725,14.306697,0.20604438,9.1593542,0.000010816264,"PACK PROXY"
"12747","12747","lait et produits laitiers","fromages","Fromage de brebis des Pyrénées","Pyrénées cheese, from ewe's milk","2",0,"Glacé","Pas de préparation",5,0.53735681,4.2489869,4.3774125e-8,0.66138364,0.0092955901,6.0496551e-7,8.5268493e-8,2.1095919e-9,0.083963778,0.00044554664,0.014877381,0.36773061,13.583976,315.20956,0.50528425,31.978712,0.00001119991,"PACK AGB"
"36102","36102","viandes, œufs, poissons","viandes cuites","Caille, viande et peau, cuite","Quail, meat and skin, cooked","2",0,"Glacé","Four",5,0.99387483,7.0007814,1.2305719e-7,1.2478598,0.029050493,9.4412658e-7,1.0367957e-7,5.066291e-9,0.12851504,0.0011162201,0.034897283,0.53406334,189.32327,285.30159,1.951294,85.416682,0.00003644087,"PACK AGB"
"8937","8937","viandes, œufs, poissons","charcuteries","Quenelle nature, crue","Quenelle, plain, raw","2",0,"Glacé","Pas de préparation",5,0.28491946,2.2433805,5.6305963e-7,0.71067215,0.0065925529,2.1422002e-7,3.7648752e-8,1.3324366e-9,0.029300028,0.00033056653,0.01024502,0.12245194,32.00356,107.10129,0.42946934,29.132405,0.000021001234,"PACK AGB"
"25405","25405","entrées et plats composés","pizzas, tartes et crêpes salées","Quiche lorraine","Quiche Lorraine (eggs and lardoons quiche)","2",0,"Glacé","Four",5,0.58556058,4.6813675,1.6522753e-7,1.5269629,0.012363355,4.983316e-7,7.6989732e-8,2.9232365e-9,0.068853103,0.00072203987,0.019587655,0.28697483,83.173506,218.18253,0.9112084,55.707789,0.000021886209,"PACK AGB"
"13010","13010","fruits, légumes, légumineuses et oléagineux","fruits","Coing, cru","Quince, raw","2",0,"Ambiant (moyen)","Pas de préparation",5,0.09220351,0.6485418,2.7105248e-8,0.028042912,0.0033932943,3.5211229e-8,1.0325766e-8,8.939712e-10,0.0036816373,0.00011431893,0.0022048656,0.013422135,18.829706,35.600874,3.5041585,7.2590832,0.0000038208963,"PACK AGB"
"9341","9341","produits céréaliers","pâtes, riz et céréales","Quinoa, cuit","Quinoa, boiled/cooked in water, unsalted","2",0,"Ambiant (long)","Micro-onde",5,0.19060253,1.2001352,1.9570959e-8,0.27994889,0.0049676693,6.5728092e-8,6.1688209e-8,1.3414913e-9,0.0093612568,0.00025314428,0.014660483,0.034063741,10.517225,123.06362,4.1269799,15.569495,0.000014640567,"PACK AGB"
"9340","9340","produits céréaliers","pâtes, riz et céréales","Quinoa, cru","Quinoa, raw","2",0,"Ambiant (long)","Pas de préparation",5,0.39493567,2.3944935,3.2424477e-8,0.30027051,0.010563726,1.4346255e-7,1.3645535e-7,2.9372613e-9,0.020472377,0.00053185248,0.032962013,0.075464432,23.263535,277.5123,9.2716576,23.695956,0.000030110499,"PACK AGB"
"8240","8240","viandes, œufs, poissons","charcuteries","Pâté de lapin","Rabbit pâté","2",0,"Ambiant (long)","Pas de préparation",5,0.6897207200000001,5.4441327,7.9232943e-8,1.0335843,0.018436376,6.1858237e-7,6.7392513e-8,6.331329e-9,0.082629483,0.00079050236,0.023072836,0.33876832,138.44879,226.78112,1.3420935,62.136185,0.000019469631,"PACK AGB"
"8242","8242","viandes, œufs, poissons","charcuteries","Terrine de lapin","Rabbit terrine","2",0,"Glacé","Pas de préparation",5,0.70354381,5.5063112,8.5200089e-8,1.1350727,0.019124747,6.2765398e-7,7.1452584e-8,6.3629986e-9,0.083921878,0.00081686094,0.02394475,0.3439902,138.77817,229.02351,1.3599172,63.716576,0.000020553218,"PACK AGB"
"25063","25063","entrées et plats composés","plats composés","Lapin à la moutarde","Rabbit with mustard sauce","2",0,"Glacé","Micro-onde",5,0.5921147999999999,4.1532928,1.0626001e-7,0.52983872,0.017424805,5.7112976e-7,6.2564393e-8,3.1190335e-9,0.078038482,0.00070667401,0.021228463,0.32572596,115.7426,178.73064,1.1493026,47.261771,0.000021356355,"PACK AGB"
"34000","34000","viandes, œufs, poissons","viandes cuites","Lapin, viande braisée","Rabbit, meat, braised","2",0,"Glacé","Four",5,0.99387483,7.0007814,1.2305719e-7,1.2478598,0.029050493,9.4412658e-7,1.0367957e-7,5.066291e-9,0.12851504,0.0011162201,0.034897283,0.53406334,189.32327,285.30159,1.951294,85.416682,0.00003644087,"PACK AGB"
"34002","34002","viandes, œufs, poissons","viandes cuites","Lapin, viande cuite","Rabbit, meat, cooked","2",0,"Glacé","Four",5,0.99387483,7.0007814,1.2305719e-7,1.2478598,0.029050493,9.4412658e-7,1.0367957e-7,5.066291e-9,0.12851504,0.0011162201,0.034897283,0.53406334,189.32327,285.30159,1.951294,85.416682,0.00003644087,"PACK AGB"
"34001","34001","viandes, œufs, poissons","viandes crues","Lapin, viande crue","Rabbit, meat, raw","2",0,"Glacé","Pas de préparation",5,0.7260626299999999,5.2216635,9.1046647e-8,0.55196777,0.021682987,7.0883702e-7,7.5549582e-8,3.7773022e-9,0.0965738,0.00080781334,0.026264788,0.40261544,142.6097,215.01525,1.4472833,55.840099,0.000024331083,"PACK AGB"
"34004","34004","viandes, œufs, poissons","viandes cuites","Lapin de garenne, viande, cuite","Rabbit, wild, meat, cooked","2",0,"Glacé","Four",5,0.99387483,7.0007814,1.2305719e-7,1.2478598,0.029050493,9.4412658e-7,1.0367957e-7,5.066291e-9,0.12851504,0.0011162201,0.034897283,0.53406334,189.32327,285.30159,1.951294,85.416682,0.00003644087,"PACK AGB"
"34003","34003","viandes, œufs, poissons","viandes crues","Lapin de garenne, viande, crue","Rabbit, wild, meat, raw","2",0,"Glacé","Pas de préparation",5,0.7260626299999999,5.2216635,9.1046647e-8,0.55196777,0.021682987,7.0883702e-7,7.5549582e-8,3.7773022e-9,0.0965738,0.00080781334,0.026264788,0.40261544,142.6097,215.01525,1.4472833,55.840099,0.000024331083,"PACK AGB"
"12749","12749","lait et produits laitiers","fromages","Raclette (fromage)","Raclette cheese, from cow's milk","2",0,"Glacé","Pas de préparation",5,0.5948492200000001,5.2264681,0.0000013981086,0.63075028,0.011918121,5.5290179e-7,8.9936926e-8,2.377638e-9,0.074431174,0.00060120643,0.01818567,0.31399309,45.569586,182.21706,0.69456854,37.874406,0.000044938666,"PACK AGB"
"20089","20089","fruits, légumes, légumineuses et oléagineux","légumes","Radis noir, cru","Radish, black, raw","2",0,"Ambiant (moyen)","Pas de préparation",5,0.05034704,0.4365906,1.7256686e-8,0.077695748,0.0015901942,2.5711706e-8,4.5266455e-8,4.196046e-10,0.0020368276,0.000065459058,0.0024670808,0.0077375278,1.372275,13.242589,0.36283525,6.3759034,0.0000026450357,"PACK AGB"
"20045","20045","fruits, légumes, légumineuses et oléagineux","légumes","Radis rouge, cru","Radish, raw","2",0,"Ambiant (moyen)","Pas de préparation",5,0.05034704,0.4365906,1.7256686e-8,0.077695748,0.0015901942,2.5711706e-8,4.5266455e-8,4.196046e-10,0.0020368276,0.000065459058,0.0024670808,0.0077375278,1.372275,13.242589,0.36283525,6.3759034,0.0000026450357,"PACK AGB"
"27014","27014","viandes, œufs, poissons","poissons cuits","Truite arc en ciel, élevage, rôtie/cuite au four","Rainbow trout, farmed, roasted/baked","2",0,"Glacé","Four",5,1.7314349999999998,7.614322,0.0000019119905,2.6740792,0.034363977,4.1170841e-7,8.4123462e-8,3.4929681e-9,0.046383628,0.025930352,0.12390278,0.15831992,123.53135,133.81027,44.477865,131.64526,0.000074827223,"PACK PROXY"
"27015","27015","viandes, œufs, poissons","poissons cuits","Truite arc en ciel, élevage, cuite à la vapeur","Rainbow trout, farmed, steamed","2",0,"Glacé","Four",5,1.7314349999999998,7.614322,0.0000019119905,2.6740792,0.034363977,4.1170841e-7,8.4123462e-8,3.4929681e-9,0.046383628,0.025930352,0.12390278,0.15831992,123.53135,133.81027,44.477865,131.64526,0.000074827223,"PACK PROXY"
"27009","27009","viandes, œufs, poissons","poissons crus","Truite arc en ciel, crue, élevage","Rainbow trout, raw, farmed","2",0,"Glacé","Pas de préparation",5,1.3912301,6.1637887,0.0000015637809,1.7664622,0.027860213,3.3249018e-7,6.5895073e-8,2.8068557e-9,0.037442718,0.021197659,0.10136837,0.12879571,100.73621,109.0537,36.396785,98.401224,0.000057816697,"PACK PROXY"
"13046","13046","fruits, légumes, légumineuses et oléagineux","fruits","Raisin, sec","Raisin","2",0,"Ambiant (moyen)","Pas de préparation",5,0.10357232,0.75787883,1.8319781e-8,0.11341395,0.0032174147,3.5897179e-8,1.2328194e-8,2.1502255e-10,0.0032499957,0.0001796026,0.0015502248,0.0092267863,3.1081735,27.036005,4.6422478,12.443199,0.0000040397688,"PACK AGB"
"7720","7720","produits céréaliers","pains et viennoiseries","Pain aux raisins (viennoiserie)","Raisin puff pastry (Viennese pastries)","2",0,"Ambiant (court)","Pas de préparation",5,0.25062377,2.1556104,2.2327352e-8,0.51748536,0.0052825195,2.2612123e-7,3.6963397e-8,1.0738212e-9,0.031593161,0.0002019196,0.0094013871,0.13502705,20.408628,93.620826,0.76891233,21.564456,0.0000058125564,"PACK PROXY"
"17130","17130","matières grasses","huiles et graisses végétales","Huile de colza","Rapeseed oil","2",0,"Ambiant (long)","Pas de préparation",5,0.37272684,3.1297872,2.780762e-7,0.23826571,0.010642237,2.6893959e-7,4.0613668e-8,1.8618696e-9,0.037020767,0.00052580585,0.017868663,0.15533648,82.979113,363.3988,0.53527003,21.846299,0.0000134013,"PACK AGB"
"0004","4","fruits, légumes, légumineuses et oléagineux","fruits","Coulis de framboise","Raspberry, coulis","2",0,"Ambiant (long)","Pas de préparation",5,0.422612,3.349765,8.767944e-8,0.53301432,0.01361635,2.2887647e-7,8.1596004e-8,5.0750215e-9,0.020142069,0.0014165335,0.0077032351,0.064885536,122.28708,62.3407,3.4489594,60.664258,0.00002642647,"PACK AGB"
"13136","13136","fruits, légumes, légumineuses et oléagineux","fruits","Framboise, surgelée, crue","Raspberry, frozen, raw","2",0,"Congelé","Pas de préparation",5,0.2710713,1.8133869,6.1526937e-8,0.87885053,0.0076722394,1.2703275e-7,2.550373e-8,8.0156681e-10,0.012380199,0.0013071692,0.0048589431,0.04154583,24.48681,32.077082,1.6799858,51.492616,0.00002935458,"PACK AGB"
"13015","13015","fruits, légumes, légumineuses et oléagineux","fruits","Framboise, crue","Raspberry, raw","2",0,"Ambiant (moyen)","Pas de préparation",5,0.21623725,1.5269305,5.399249e-8,0.16350282,0.0068258381,1.1651868e-7,1.9704717e-8,6.872957e-10,0.011219402,0.0012145746,0.0045564868,0.039401515,23.241253,29.600456,1.582498,34.024913,0.000023250056,"PACK AGB"
"25018","25018","entrées et plats composés","plats composés","Ratatouille cuisinée","Ratatouille cooked","2",0,"Glacé","Micro-onde",5,0.33518936,1.9042401,6.0951405e-8,0.8320764,0.0088917786,1.5406038e-7,2.4320045e-7,3.7247278e-9,0.017850488,0.00051651143,0.011191842,0.066125058,33.403083,163.94345,6.2432172,41.043558,0.000011292621,"PACK AGB"
"25019","25019","entrées et plats composés","plats composés","Ravioli à la viande, sauce tomate, appertisé","Ravioli filled with meat, in tomato sauce, canned","2",0,"Ambiant (long)","Micro-onde",5,0.57962823,4.059211,0.0000014257402,0.41616946,0.008324311,2.9945384e-7,0.0000010172068,6.4979525e-9,0.040300092,0.00051042685,0.013885341,0.16990826,21.84877,362.02222,0.90382129,32.3211,0.000042535559,"PACK AGB"
"25192","25192","entrées et plats composés","plats composés","Raviolis aux légumes, sauce tomate, appertisés","Ravioli filled with vegetables, in tomato sauce, canned","2",0,"Ambiant (long)","Micro-onde",5,0.33342669,2.6655698,0.0000014345262,0.46848422,0.0086503931,1.8905255e-7,3.6929015e-8,2.0595331e-9,0.023476749,0.00053170198,0.0097208449,0.092529947,42.907985,109.24888,1.7881583,36.107675,0.000043166488,"PACK AGB"
"26073","26073","viandes, œufs, poissons","poissons cuits","Raie, cuite au court-bouillon","Ray, cooked in an aromatic stock","2",0,"Glacé","Four",5,2.4367512000000002,14.971152,0.0000021565617,0.85906355,0.29233644,0.0000030233252,6.1668391e-8,6.670658e-9,0.39103808,0.00069325312,0.096056254,1.0488041,15.250525,20.57012,0.51751326,208.98779,0.000084280085,"PACK PROXY"
"26052","26052","viandes, œufs, poissons","poissons crus","Raie, crue","Ray, raw","2",0,"Glacé","Pas de préparation",5,1.9688571000000001,12.188752,0.0000017640754,0.28003355,0.23912983,0.0000024713049,4.7505226e-8,5.4092627e-9,0.31970158,0.00052943654,0.078563124,0.85806833,12.058341,16.31433,0.39493123,161.74181,0.000065558231,"PACK PROXY"
"26031","26031","viandes, œufs, poissons","poissons cuits","Raie, rôtie/cuite au four","Ray, roasted/baked","2",0,"Glacé","Four",5,2.4367512000000002,14.971152,0.0000021565617,0.85906355,0.29233644,0.0000030233252,6.1668391e-8,6.670658e-9,0.39103808,0.00069325312,0.096056254,1.0488041,15.250525,20.57012,0.51751326,208.98779,0.000084280085,"PACK PROXY"
"12045","12045","lait et produits laitiers","fromages","Reblochon","Reblochon cheese, from cow's milk","2",0,"Glacé","Pas de préparation",5,0.45649149,4.1740466,3.8747479e-8,0.47615252,0.0088591779,4.6031791e-7,7.7368708e-8,1.9592828e-9,0.066331987,0.00043348547,0.016247564,0.28341483,40.565726,157.94897,0.45444167,24.349521,0.000010165703,"PACK AGB"
"13997","13997","fruits, légumes, légumineuses et oléagineux","fruits","Fruits rouges, crus (framboises, fraises, groseilles, cassis)","Red berries (raspberries, strawberries, red currants, black currants) , raw","2",0,"Ambiant (moyen)","Pas de préparation",5,0.21623725,1.5269305,5.399249e-8,0.16350282,0.0068258381,1.1651868e-7,1.9704717e-8,6.872957e-10,0.011219402,0.0012145746,0.0045564868,0.039401515,23.241253,29.600456,1.582498,34.024913,0.000023250056,"PACK AGB"
"23495","23495","produits céréaliers","gâteaux et pâtisseries","Tarte aux fruits rouges","Red berries tart","2",0,"Ambiant (long)","Pas de préparation",5,0.38996754,2.7781296,0.0000018013165,0.66408459,0.0090631725,2.3060167e-7,3.9042444e-8,1.2769731e-9,0.028393159,0.00097945773,0.009809992,0.11211706,30.395411,83.900725,1.4308523,46.771994,0.000062317404,"PACK PROXY"
"20095","20095","fruits, légumes, légumineuses et oléagineux","légumes","Chou rouge, bouilli/cuit à l'eau","Red cabbage, boiled/cooked in water","2",0,"Ambiant (moyen)","Cuisson à l'eau",5,0.13756613,1.48321,5.1487805e-8,0.26148591,0.0052180704,6.351061e-8,1.3679861e-8,3.3210544e-10,0.0057702337,0.00026353166,0.0066041162,0.020198631,9.1572628,53.37249,0.35664044,23.985286,0.0000068496154,"PACK AGB"
"20014","20014","fruits, légumes, légumineuses et oléagineux","légumes","Chou rouge, cru","Red cabbage, raw","2",0,"Ambiant (moyen)","Pas de préparation",5,0.065463014,0.7120599,2.1134364e-8,0.067196754,0.0023964109,3.6710093e-8,7.3234057e-9,1.3254667e-10,0.0033002055,0.00010185031,0.0052318764,0.012891792,6.1566873,39.292603,0.11516932,7.0863816,0.0000028189577,"PACK AGB"
"13019","13019","fruits, légumes, légumineuses et oléagineux","fruits","Groseille, crue","Red currant, raw","2",0,"Ambiant (moyen)","Pas de préparation",5,0.11078631,0.86399497,2.8639529e-8,0.066135823,0.0032607177,5.8808408e-8,9.5104556e-9,3.5347144e-10,0.0063432498,0.00014124669,0.0017464163,0.023996619,8.4285029,132.82485,2.4529472,10.001423,0.0000062952661,"PACK AGB"
"20162","20162","fruits, légumes, légumineuses et oléagineux","légumes","Chicorée rouge, crue","Red endive, raw","2",0,"Ambiant (moyen)","Pas de préparation",5,0.10718336,0.90983138,1.1513297e-7,0.65006155,0.0026489293,3.8607995e-8,1.2077181e-8,4.7145234e-10,0.0030719826,0.0001757368,0.0029835272,0.0086956101,18.640601,48.942788,0.15713706,21.364114,0.0000087179885,"PACK AGB"
"26106","26106","viandes, œufs, poissons","poissons crus","Grondin, cru","Red gurnard, raw","2",0,"Glacé","Pas de préparation",5,1.3222520999999998,7.6024979,0.0000016586786,0.26451245,0.12815018,0.0000013205452,9.9289907e-8,3.6976405e-9,0.17118358,0.00059572919,0.041948434,0.45450738,25.481151,13.644315,0.64510774,102.87958,0.00019466858,"PACK PROXY"
"20524","20524","fruits, légumes, légumineuses et oléagineux","légumineuses","Haricot rouge, appertisé, égoutté","Red kidney bean, canned, drained","2",0,"Ambiant (long)","Micro-onde",5,-0.37440367,2.2832424,6.0596331e-8,0.33500402,0.013994223,1.3559617e-7,6.5076729e-7,6.9346971e-9,0.01710273,0.00047432842,0.0045176342,0.067877263,108.79676,-7490.439,0.4064129,31.914531,0.00001359976,"PACK AGB"
"20503","20503","fruits, légumes, légumineuses et oléagineux","légumineuses","Haricot rouge, cuit","Red kidney bean, cooked","2",0,"Ambiant (long)","Micro-onde",5,-0.16127431,0.94465947,2.5704802e-8,0.29452826,0.0058611458,5.296214e-8,2.8383668e-7,2.3730744e-9,0.0073548879,0.00018554351,0.0018304086,0.029085048,46.91011,-3265.1536,0.16140335,16.384792,0.0000071831326,"PACK AGB"
"20525","20525","fruits, légumes, légumineuses et oléagineux","légumineuses","Haricot rouge, sec","Red kidney bean, dried","2",0,"Ambiant (long)","Pas de préparation",5,-0.43080851,1.6902382,4.7649362e-8,0.32062179,0.012364767,1.0244329e-7,6.5689088e-7,2.877189e-9,0.015875115,0.00031992318,0.0039571637,0.064897957,108.074,-7607.388,0.26750485,23.828075,0.000013461975,"PACK AGB"
"20132","20132","fruits, légumes, légumineuses et oléagineux","légumes","Potimarron, pulpe, cru","Red kuri squash, pulp, raw","2",0,"Ambiant (moyen)","Pas de préparation",5,0.1308951,0.71411027,2.1792944e-8,0.17172636,0.0026598703,4.3253684e-8,1.7913363e-7,2.4913987e-9,0.0046008224,0.00027034978,0.011629437,0.017778879,5.2156761,125.69543,0.8877302,10.646756,0.0000044430145,"PACK AGB"
"11164","11164","aides culinaires et ingrédients divers","sauces","Sauce au vin rouge","Red wine sauce","2",0,"Glacé","Micro-onde",5,0.28770709,1.8929545,9.3405143e-7,1.0152819,0.0065748839,1.3258017e-7,4.6136065e-8,5.6619674e-9,0.015499166,0.00037511907,0.0096043436,0.059669451,66.542142,142.02354,0.50015521,39.054538,0.000033400253,"PACK PROXY"
"19678","19678","lait et produits laitiers","produits laitiers frais et assimilés","Lait emprésuré aromatisé, rayon frais","Renneted milk, flavoured, refrigerated","2",0,"Glacé","Pas de préparation",5,0.16201812999999998,1.5847726,2.6700174e-8,0.26942496,0.0042355446,1.3844393e-7,2.509543e-8,6.8386189e-10,0.018051062,0.00023275839,0.0043576141,0.074576162,12.254798,49.641367,0.27331425,16.072403,0.0000053699954,"PACK AGB"
"13048","13048","fruits, légumes, légumineuses et oléagineux","fruits","Rhubarbe, tige, cuite, sucrée","Rhubarb, stalk, cooked, with sugar","2",0,"Ambiant (moyen)","Cuisson à l'eau",5,0.16837247000000002,1.7632462,2.3287849e-7,0.2732823,0.0059785241,7.4415687e-8,2.1783727e-8,8.2633167e-10,0.0073537555,0.00032156482,0.0049439635,0.024285535,15.835838,67.299177,0.59473282,27.366944,0.000013181123,"PACK AGB"
"13047","13047","fruits, légumes, légumineuses et oléagineux","fruits","Rhubarbe, tige, crue","Rhubarb, stalk, raw","2",0,"Ambiant (moyen)","Pas de préparation",5,0.068906342,0.68437363,2.5396151e-8,0.030376102,0.002330762,3.742219e-8,1.2636137e-8,3.4839291e-10,0.0039468156,0.000089614852,0.0036898376,0.015628212,11.19709,49.020001,0.24862012,6.6819131,0.0000042704843,"PACK AGB"
"9643","9643","aides culinaires et ingrédients divers","ingrédients divers","Son de riz","Rice bran","2",0,"Ambiant (long)","Pas de préparation",5,0.19272738,0.96807543,1.7119977e-8,0.099049007,0.0036523479,8.0252228e-8,2.5342033e-7,1.4635936e-10,0.01102068,0.0001134198,0.008630261,0.044276953,21.25279,32.228988,6.9452293,7.6852714,0.0000029171824,"PACK PROXY"
"9520","9520","produits céréaliers","farines et pâtes à tarte","Farine de riz","Rice flour","2",0,"Ambiant (long)","Pas de préparation",5,0.44496205,2.1239915,3.6949399e-8,0.18482241,0.0080900192,1.7783884e-7,6.0646025e-7,3.0589989e-10,0.025932477,0.00024671687,0.020506934,0.10495399,50.385578,75.143735,16.657588,14.772137,0.0000059403262,"PACK PROXY"
"9901","9901","produits céréaliers","pâtes, riz et céréales","Vermicelle de riz, cuite, non salée","Rice noodle, cooked, unsalted","2",0,"Ambiant (long)","Micro-onde",5,0.21682027,1.4603983,4.1695006e-8,0.57908822,0.0056503032,8.4496241e-8,1.6579633e-7,3.5693665e-10,0.010764533,0.00032977587,0.0075660029,0.039754384,22.287999,36.414601,4.7878175,27.133837,0.000005750057,"PACK AGB"
"9900","9900","produits céréaliers","pâtes, riz et céréales","Vermicelle de riz, sèche","Rice noodle, dried","2",0,"Ambiant (long)","Pas de préparation",5,0.22131572,1.4511848,4.1225015e-8,0.35077362,0.0058245902,8.7217077e-8,1.9534539e-7,3.221235e-10,0.011438471,0.00033355317,0.0080253004,0.042570038,26.076035,38.579482,5.7505244,21.646466,0.0000048678223,"PACK AGB"
"23536","23536","lait et produits laitiers","produits laitiers frais et assimilés","Gâteau de riz au caramel, rayon frais","Rice pudding w caramel sauce, refrigerated","2",0,"Glacé","Pas de préparation",5,0.20775861999999998,1.6840864,5.1667829e-8,0.64164532,0.0050191916,1.3867157e-7,6.8545039e-8,6.0801858e-10,0.01763333,0.00025825702,0.0066127867,0.071200738,16.87894,51.361434,1.9132394,26.801496,0.0000063279689,"PACK AGB"
"39232","39232","lait et produits laitiers","produits laitiers frais et assimilés","Gâteau de riz, appertisé","Rice pudding, canned","2",0,"Ambiant (long)","Pas de préparation",5,0.2077224,1.6629417,4.4050767e-8,0.57226449,0.0047552769,1.3790928e-7,7.9070378e-8,6.3918696e-10,0.01751083,0.00024306397,0.0069297253,0.070357647,18.881513,54.457566,2.1839486,25.421771,0.0000056070673,"PACK AGB"
"39212","39212","lait et produits laitiers","produits laitiers frais et assimilés","Riz au lait, rayon frais","Rice pudding, refrigerated","2",0,"Glacé","Pas de préparation",5,0.21544712,1.7129795,5.2433518e-8,0.64483524,0.0051947406,1.3974019e-7,8.0040514e-8,6.495801e-10,0.017865596,0.00026696415,0.0070874647,0.072018642,19.307866,55.053596,2.1671035,27.018045,0.0000064470151,"PACK AGB"
"9103","9103","produits céréaliers","pâtes, riz et céréales","Riz complet, cuit, non salé","Rice, brown, cooked, unsalted","2",0,"Ambiant (long)","Cuisson à l'eau",5,0.18895092,1.0309619,6.0216273e-8,0.19649824,0.0035656582,6.9677752e-8,2.2735541e-7,1.8180877e-10,0.010184824,0.00013691399,0.0077708149,0.040228115,19.38008,29.549759,6.2523544,11.68855,0.0000047890357,"PACK AGB"
"9102","9102","produits céréaliers","pâtes, riz et céréales","Riz complet, cru","Rice, brown, raw","2",0,"Ambiant (long)","Pas de préparation",5,0.3655623,1.7200367,3.0383879e-8,0.092132465,0.0064374168,1.4223338e-7,5.085215e-7,2.4327389e-10,0.021478751,0.00020172365,0.017077142,0.08710146,42.108568,62.488952,13.991475,10.432286,0.0000045916151,"PACK AGB"
"9104","9104","produits céréaliers","pâtes, riz et céréales","Riz blanc, cuit, non salé","Rice, cooked, unsalted","2",0,"Ambiant (long)","Cuisson à l'eau",5,0.18895092,1.0309619,6.0216273e-8,0.19649824,0.0035656582,6.9677752e-8,2.2735541e-7,1.8180877e-10,0.010184824,0.00013691399,0.0077708149,0.040228115,19.38008,29.549759,6.2523544,11.68855,0.0000047890357,"PACK AGB"
"9121","9121","produits céréaliers","pâtes, riz et céréales","Riz, mélange de variétés (blanc, complet, rouge, sauvage, etc.), cru","Rice, mix of species (white, wholegrain, wild, red,etc.), raw","2",0,"Ambiant (long)","Pas de préparation",5,0.3655623,1.7200367,3.0383879e-8,0.092132465,0.0064374168,1.4223338e-7,5.085215e-7,2.4327389e-10,0.021478751,0.00020172365,0.017077142,0.08710146,42.108568,62.488952,13.991475,10.432286,0.0000045916151,"PACK AGB"
"9105","9105","produits céréaliers","pâtes, riz et céréales","Riz blanc étuvé, cuit, non salé","Rice, parboiled, cooked, unsalted","2",0,"Ambiant (long)","Cuisson à l'eau",5,0.18895092,1.0309619,6.0216273e-8,0.19649824,0.0035656582,6.9677752e-8,2.2735541e-7,1.8180877e-10,0.010184824,0.00013691399,0.0077708149,0.040228115,19.38008,29.549759,6.2523544,11.68855,0.0000047890357,"PACK AGB"
"9101","9101","produits céréaliers","pâtes, riz et céréales","Riz blanc étuvé, cru","Rice, parboiled, raw","2",0,"Ambiant (long)","Pas de préparation",5,0.3655623,1.7200367,3.0383879e-8,0.092132465,0.0064374168,1.4223338e-7,5.085215e-7,2.4327389e-10,0.021478751,0.00020172365,0.017077142,0.08710146,42.108568,62.488952,13.991475,10.432286,0.0000045916151,"PACK AGB"
"9100","9100","produits céréaliers","pâtes, riz et céréales","Riz blanc, cru","Rice, raw","2",0,"Ambiant (long)","Pas de préparation",5,0.3655623,1.7200367,3.0383879e-8,0.092132465,0.0064374168,1.4223338e-7,5.085215e-7,2.4327389e-10,0.021478751,0.00020172365,0.017077142,0.08710146,42.108568,62.488952,13.991475,10.432286,0.0000045916151,"PACK AGB"
"9110","9110","produits céréaliers","pâtes, riz et céréales","Riz rouge, cuit, non salé","Rice, red, cooked, unsalted","2",0,"Ambiant (long)","Cuisson à l'eau",5,0.18895092,1.0309619,6.0216273e-8,0.19649824,0.0035656582,6.9677752e-8,2.2735541e-7,1.8180877e-10,0.010184824,0.00013691399,0.0077708149,0.040228115,19.38008,29.549759,6.2523544,11.68855,0.0000047890357,"PACK AGB"
"9109","9109","produits céréaliers","pâtes, riz et céréales","Riz rouge, cru","Rice, red, raw","2",0,"Ambiant (long)","Pas de préparation",5,0.3655623,1.7200367,3.0383879e-8,0.092132465,0.0064374168,1.4223338e-7,5.085215e-7,2.4327389e-10,0.021478751,0.00020172365,0.017077142,0.08710146,42.108568,62.488952,13.991475,10.432286,0.0000045916151,"PACK AGB"
"18904","18904","boissons","boissons sans alcool","Boisson à base de riz, nature","Rice-based drink, plain","2",0,"Ambiant (long)","Pas de préparation",5,0.12011493999999999,0.34056829,1.1913894e-8,0.16572576,0.0020677486,5.1598602e-8,4.1818027e-8,2.4411965e-10,0.004488979,0.00013957647,0.0019009234,0.016052519,7.3339322,27.084479,7.5249107,9.4303429,0.0000046115654,"PACK PROXY"
"25560","25560","entrées et plats composés","pizzas, tartes et crêpes salées","Tourte au riesling","Riesling wine and pork pie","2",0,"Glacé","Four",5,1.2562301,9.4732187,1.8363252e-7,1.5508553,0.020867377,0.0000013571119,1.9979005e-7,8.6894892e-9,0.19570971,0.0009031458,0.044920282,0.85718004,93.079797,673.42489,1.4378543,63.45532,0.000029358285,"PACK PROXY"
"8080","8080","viandes, œufs, poissons","produits à base de poissons et produits de la mer","Rillettes de poisson","Rillette, fish","2",0,"Ambiant (long)","Pas de préparation",5,0.90890193,6.1999953,1.9372168e-7,1.6136265,0.075209206,8.6147523e-7,5.1451614e-8,2.1113844e-8,0.11365238,0.00062920925,0.033967529,0.33733715,54.625804,175.8443,1.2782297,102.89845,0.000024315599,"PACK AGB"
"8015","8015","viandes, œufs, poissons","charcuteries","Rillettes du Mans","Rillettes from Mans","2",0,"Ambiant (long)","Pas de préparation",5,0.9362197400000001,7.5233114,1.434453e-7,1.4376469,0.019247997,8.247084e-7,8.7217662e-8,4.5550196e-9,0.11607618,0.0010787955,0.032326193,0.48904778,205.56062,391.51143,1.866796,71.695893,0.000026493209,"PACK AGB"
"8010","8010","viandes, œufs, poissons","charcuteries","Rillettes de Tours","Rillettes from Tours","2",0,"Ambiant (long)","Pas de préparation",5,0.97385965,7.8101306,1.4602982e-7,1.4796819,0.019977175,8.5936022e-7,9.1168968e-8,4.7517618e-9,0.12102309,0.0011203276,0.033773889,0.51002373,215.13244,409.87061,1.9390272,73.749733,0.000027540478,"PACK AGB"
"8026","8026","viandes, œufs, poissons","charcuteries","Rillettes de canard","Rillettes, duck","2",0,"Ambiant (long)","Pas de préparation",5,0.40756204,3.1518375,5.6761932e-8,0.82544038,0.009766447,3.8848956e-7,3.2459825e-8,2.6337475e-9,0.051273767,0.00050757457,0.012040582,0.21096581,54.686807,127.99552,0.80697164,43.872191,0.0000087709594,"PACK AGB"
"8030","8030","viandes, œufs, poissons","charcuteries","Rillettes d'oie","Rillettes, goose","2",0,"Ambiant (long)","Pas de préparation",5,0.43225231000000003,3.1888833,1.1579709e-7,0.89574284,0.00905915,3.9875187e-7,3.430677e-8,1.8213701e-9,0.055255968,0.0005529662,0.013233798,0.23415771,58.572902,148.07969,0.87232577,45.959421,0.00001251817,"PACK AGB"
"8083","8083","viandes, œufs, poissons","produits à base de poissons et produits de la mer","Rillettes de maquereau","Rillettes, mackerel","2",0,"Ambiant (long)","Pas de préparation",5,1.2468324,7.9472825,2.0257561e-7,0.66354899,0.14079764,0.0000014952576,5.2660691e-8,8.3479272e-9,0.19338536,0.00048026771,0.048854243,0.53221657,21.774794,72.800271,1.7549975,114.73681,0.000021414534,"PACK AGB"
"8000","8000","viandes, œufs, poissons","charcuteries","Rillettes traditionnelles de porc","Rillettes, pork","2",0,"Ambiant (long)","Pas de préparation",5,0.91655537,7.3716401,1.4214706e-7,1.4159739,0.018873996,8.0601625e-7,8.5347347e-8,4.4528331e-9,0.11339499,0.0010575878,0.031591992,0.47765769,200.7775,382.51691,1.8316303,70.647963,0.000026007899,"PACK AGB"
"8040","8040","viandes, œufs, poissons","charcuteries","Rillettes de poulet","Rillettes, poultry","2",0,"Ambiant (long)","Pas de préparation",5,0.73467372,5.3143151,1.5036776e-7,0.82215569,0.021000137,6.7950982e-7,7.4521344e-8,4.4604637e-9,0.09325439,0.00086659034,0.025915578,0.38936679,138.97303,213.59909,1.6116367,65.541203,0.000025161847,"PACK AGB"
"8025","8025","viandes, œufs, poissons","charcuteries","Rillettes pur oie","Rillettes, pure goose","2",0,"Ambiant (long)","Pas de préparation",5,0.43225231000000003,3.1888833,1.1579709e-7,0.89574284,0.00905915,3.9875187e-7,3.430677e-8,1.8213701e-9,0.055255968,0.0005529662,0.013233798,0.23415771,58.572902,148.07969,0.87232577,45.959421,0.00001251817,"PACK AGB"
"8001","8001","viandes, œufs, poissons","charcuteries","Rillettes pur porc","Rillettes, pure pork","2",0,"Ambiant (long)","Pas de préparation",5,0.91655537,7.3716401,1.4214706e-7,1.4159739,0.018873996,8.0601625e-7,8.5347347e-8,4.4528331e-9,0.11339499,0.0010575878,0.031591992,0.47765769,200.7775,382.51691,1.8316303,70.647963,0.000026007899,"PACK AGB"
"8081","8081","viandes, œufs, poissons","produits à base de poissons et produits de la mer","Rillettes de saumon","Rillettes, salmon","2",0,"Ambiant (long)","Pas de préparation",5,0.55249057,4.1760464,8.8628739e-8,0.99253345,0.019333046,2.9420051e-7,7.9338249e-8,7.612825e-9,0.034865414,0.0009567816,0.047135923,0.13634608,67.889778,214.52379,2.1062789,62.543744,0.000034978129,"PACK AGB"
"8082","8082","viandes, œufs, poissons","produits à base de poissons et produits de la mer","Rillettes de thon","Rillettes, tuna","2",0,"Ambiant (long)","Pas de préparation",5,0.8800969399999999,5.932476,1.7842277e-7,1.5312118,0.07223897,8.537151e-7,5.51019e-8,2.1191265e-8,0.11111234,0.00079008136,0.032696876,0.32499813,53.796023,166.1206,1.1206373,94.644323,0.000025308495,"PACK AGB"
"25189","25189","entrées et plats composés","plats composés","Risotto, aux fromages","Risotto, w cheeses","2",0,"Glacé","Micro-onde",5,0.35077351,2.8242792,0.0000015091344,0.88111933,0.010224741,1.7149139e-7,7.5764649e-8,2.6431595e-9,0.016882421,0.0006533693,0.0079681355,0.057677567,28.662693,72.202584,2.1988834,47.431711,0.000050363156,"PACK AGB"
"25188","25188","entrées et plats composés","plats composés","Risotto, aux fruits de mer","Risotto, w seafood","2",0,"Glacé","Micro-onde",5,0.35077351,2.8242792,0.0000015091344,0.88111933,0.010224741,1.7149139e-7,7.5764649e-8,2.6431595e-9,0.016882421,0.0006533693,0.0079681355,0.057677567,28.662693,72.202584,2.1988834,47.431711,0.000050363156,"PACK AGB"
"25187","25187","entrées et plats composés","plats composés","Risotto, aux légumes","Risotto, w vegetables","2",0,"Glacé","Micro-onde",5,0.35077351,2.8242792,0.0000015091344,0.88111933,0.010224741,1.7149139e-7,7.5764649e-8,2.6431595e-9,0.016882421,0.0006533693,0.0079681355,0.057677567,28.662693,72.202584,2.1988834,47.431711,0.000050363156,"PACK AGB"
"25196","25196","entrées et plats composés","plats composés","Riste d'aubergines (aubergines, tomates, oignons)","Riste (Eggplant, tomatoes, onions)","2",0,"Glacé","Micro-onde",5,0.33518936,1.9042401,6.0951405e-8,0.8320764,0.0088917786,1.5406038e-7,2.4320045e-7,3.7247278e-9,0.017850488,0.00051651143,0.011191842,0.066125058,33.403083,163.94345,6.2432172,41.043558,0.000011292621,"PACK AGB"
"12847","12847","lait et produits laitiers","fromages","Rocamadour (fromage de chèvre)","Rocamadour cheese, from goat's milk","2",0,"Glacé","Pas de préparation",5,0.82235045,6.4004102,5.8187765e-8,0.67444242,0.012942737,9.4771761e-7,7.0882251e-8,2.7873834e-9,0.13372025,0.0007055952,0.026176859,0.57956147,42.687344,421.73908,1.9692131,42.266451,0.000014890715,"PACK AGB"
"23033","23033","produits céréaliers","gâteaux et pâtisseries","Rocher coco ou Congolais (petit gâteau à la noix de coco)","Rock-shaped coconut cake","2",0,"Ambiant (long)","Pas de préparation",5,0.36221590000000004,2.219433,0.0000017799003,0.57043562,0.0087435309,1.8225335e-7,3.4789547e-8,2.7192797e-9,0.022997415,0.00040157222,0.015223535,0.089482274,46.12211,108.2658,6.0072457,31.606917,0.000050394643,"PACK PROXY"
"8373","8373","viandes, œufs, poissons","charcuteries","Roulade de porc pistachée","Rolled escalope of pork with pistachios","2",0,"Glacé","Four",5,0.7191871,5.4565379,0.0000014869244,1.7994983,0.014682498,5.420763e-7,6.4524501e-8,3.1034499e-9,0.074345766,0.00088597463,0.020632752,0.30723876,129.40496,246.93809,1.2930601,72.838548,0.000056798529,"PACK AGB"
"7259","7259","produits céréaliers","pains et viennoiseries","Pain pour hamburger ou hot dog (bun), préemballé","Rolls for hamburger/hotdog (buns), prepacked","2",0,"Ambiant (court)","Pas de préparation",5,0.21600375,1.6686502,3.1200684e-8,0.50002886,0.0054331118,1.6123413e-7,1.1474441e-7,1.7611145e-9,0.022400838,0.00022414191,0.0087857113,0.095525878,18.512412,88.741712,0.46422932,21.15908,0.0000056139341,"PACK PROXY"
"7262","7262","produits céréaliers","pains et viennoiseries","Pain pour hamburger ou hot dog (bun), complet, préemballé","Rolls for hamburger/hotdog (buns), wholemeal, prepacked","2",0,"Ambiant (court)","Pas de préparation",5,0.10906823,0.84927547,1.6041353e-8,0.45911082,0.0029620162,6.7429798e-8,1.2112365e-8,6.3074263e-10,0.0083254786,0.00015907738,0.0052879919,0.034781996,8.787541,56.154025,0.21415845,17.310901,0.0000035937379,"PACK PROXY"
"20217","20217","fruits, légumes, légumineuses et oléagineux","légumes","Roquette, crue","Roman rocket, raw","2",0,"Ambiant (moyen)","Pas de préparation",5,0.086698533,0.900032,3.0235169e-8,0.25924441,0.0027884321,4.2553009e-8,3.3172254e-8,4.7256046e-10,0.0032141143,0.00014130724,0.0023893922,0.011242261,9.8587725,7.825454,0.30458441,14.40246,0.0000056308408,"PACK AGB"
"20280","20280","fruits, légumes, légumineuses et oléagineux","légumes","Chou romanesco ou brocoli à pomme, cru","Romanesco cauliflower or romanesco broccoli, raw","2",0,"Ambiant (moyen)","Pas de préparation",5,0.12682671,1.4142001,3.2232109e-8,0.11166455,0.0052181094,8.1286284e-8,2.4337872e-8,2.8058303e-10,0.0056518999,0.00016474531,0.0063487556,0.01985281,5.8432601,14.554496,1.0306713,17.470006,0.0000063312424,"PACK AGB"
"11191","11191","aides culinaires et ingrédients divers","sauces","Sauce au roquefort, préemballée","Roquefort (blue cheese) sauce, prepacked","2",0,"Glacé","Micro-onde",5,0.4954683,4.0219573,9.4087799e-7,1.006603,0.0097950997,3.9836775e-7,8.2816217e-8,6.5664853e-9,0.055473913,0.00040051186,0.016171601,0.23397951,59.079741,184.97037,0.63472782,41.638654,0.000034117307,"PACK PROXY"
"12500","12500","lait et produits laitiers","fromages","Roquefort","Roquefort cheese, from ewe's milk","2",0,"Glacé","Pas de préparation",5,0.67396265,5.2359688,9.3787879e-7,0.75637804,0.011559241,6.9965498e-7,1.036742e-7,2.5610892e-9,0.099798555,0.00062151852,0.017929396,0.43550833,17.583286,373.29914,0.56667933,41.203379,0.000034767902,"PACK AGB"
"11036","11036","aides culinaires et ingrédients divers","herbes","Romarin, séché","Rosemary, dried","2",0,"Ambiant (long)","Pas de préparation",5,0.46775326,2.707072,8.8039644e-8,0.32162004,0.01141475,2.7179068e-7,4.2255253e-8,6.8579431e-10,0.032074862,0.0005650429,0.016093499,0.12408767,22.458512,142.79786,20.143903,37.294694,0.000010542717,"PACK PROXY"
"11068","11068","aides culinaires et ingrédients divers","herbes","Romarin, frais","Rosemary, fresh","2",0,"Ambiant (long)","Pas de préparation",5,0.12888267,0.90566779,1.605937e-8,0.088349658,0.0030704938,6.66072e-8,1.1707982e-8,2.1585237e-10,0.007522307,0.00016362264,0.0039713182,0.030312812,3.2970842,35.482021,5.1213553,12.623899,0.0000039372511,"PACK PROXY"
"30304","30304","viandes, œufs, poissons","charcuteries","Rosette ou Fuseau","Rosette dry sausage","2",0,"Glacé","Pas de préparation",5,1.1190073999999999,8.6971043,0.0000019856654,2.4036126,0.02220165,8.9674386e-7,9.8957902e-8,5.0127226e-9,0.12437132,0.0013321808,0.034572387,0.51892889,218.40203,417.8655,2.0985214,97.365957,0.000072851003,"PACK AGB"
"4039","4039","fruits, légumes, légumineuses et oléagineux","pommes de terre et autres tubercules","Rostis ou Galette de pomme de terre","Rostis or Potatoes cake","2",0,"Glacé","Four",5,0.16471919,1.047976,3.4019642e-8,1.1270588,0.0038470169,7.4496515e-8,1.9629562e-8,7.1018468e-9,0.0087494121,0.00023002029,0.004268134,0.032993028,15.596322,47.860576,0.41969956,33.766591,0.0000095931487,"PACK PROXY"
"28917","28917","viandes, œufs, poissons","charcuteries","Rond de jambon cuit","Round of ham, cooked","2",0,"Glacé","Pas de préparation",5,0.91434829,7.0833401,0.0000013861726,1.5563606,0.018540761,7.5901522e-7,8.2743169e-8,4.2329625e-9,0.10588174,0.0010766284,0.029391762,0.44326821,186.5496,354.35205,1.7158739,72.507557,0.000055836908,"PACK AGB"
"26128","26128","viandes, œufs, poissons","poissons crus","Grenadier (de roche), cru","Roundnose grenadier, raw","2",0,"Glacé","Pas de préparation",5,1.9688571000000001,12.188752,0.0000017640754,0.28003355,0.23912983,0.0000024713049,4.7505226e-8,5.4092627e-9,0.31970158,0.00052943654,0.078563124,0.85806833,12.058341,16.31433,0.39493123,161.74181,0.000065558231,"PACK PROXY"
"1004","1004","boissons","boisson alcoolisées","Rhum","Rum","2",0,"Ambiant (long)","Réfrigéré chez le consommateur",5,0.71775655,4.5470101,8.8529047e-8,1.2582273,0.020534585,3.0534318e-7,2.0257381e-7,4.2918302e-9,0.031213544,0.0010005902,0.038872195,0.11648847,337.14825,710.32933,1.2983204,64.833911,0.000051023939,"PACK PROXY"
"19688","19688","produits céréaliers","gâteaux et pâtisseries","Baba au rhum, préemballé","Rum baba, prepacked","2",0,"Ambiant (long)","Pas de préparation",5,0.28736919,1.7725533,0.0000017845814,0.69752242,0.0067543706,1.1957637e-7,4.1733986e-8,1.0378324e-9,0.012950201,0.00035983979,0.0097258743,0.048610624,61.469788,139.62003,0.80893,33.546966,0.000055147163,"PACK PROXY"
"1012","1012","boissons","boisson alcoolisées","Cocktail à base de rhum","Rum-based cocktail","2",0,"Ambiant (long)","Réfrigéré chez le consommateur",5,0.2800541,2.0299101,3.449941e-8,0.51196932,0.0087901557,1.3836646e-7,6.4735073e-8,1.4108371e-9,0.013836752,0.00037377108,0.0123871,0.048693991,109.72511,218.65154,1.0187216,30.056188,0.000016807297,"PACK PROXY"
"7300","7300","produits céréaliers","pains et viennoiseries","Biscotte classique","Rusk","2",0,"Ambiant (court)","Pas de préparation",5,0.16024828000000002,1.4848099,3.1769092e-8,0.45650815,0.004879003,8.5557697e-8,1.5041937e-8,9.1612981e-10,0.010364626,0.00026344582,0.0062673466,0.040771166,14.104647,71.919335,0.50384241,26.780627,0.000006373155,"PACK PROXY"
"7425","7425","produits céréaliers","pains et viennoiseries","Pain grillé, tranches, multicéréale","Rusk , slice, multigrain","2",0,"Ambiant (court)","Pas de préparation",5,0.13591444,1.3361343,2.8081575e-8,0.44768173,0.0042730197,6.9545496e-8,1.3344832e-8,6.5142469e-10,0.0081686966,0.00019191364,0.0048698626,0.032437674,8.3517306,49.644466,0.34236783,25.461855,0.0000048249525,"PACK PROXY"
"7403","7403","produits céréaliers","pains et viennoiseries","Pain grillé brioché, tranché, préemballé","Rusk with eggs, sliced, prepacked","2",0,"Ambiant (court)","Pas de préparation",5,0.22530011,2.1021771,3.3270018e-8,0.49039543,0.0060055982,1.6288375e-7,2.6975334e-8,1.0713423e-9,0.021819879,0.00025434517,0.0084839164,0.091296757,18.783826,87.414165,0.5270278,28.662718,0.000006652094,"PACK PROXY"
"7330","7330","produits céréaliers","pains et viennoiseries","Biscotte multicéréale","Rusk, multigrain","2",0,"Ambiant (court)","Pas de préparation",5,0.16024828000000002,1.4848099,3.1769092e-8,0.45650815,0.004879003,8.5557697e-8,1.5041937e-8,9.1612981e-10,0.010364626,0.00026344582,0.0062673466,0.040771166,14.104647,71.919335,0.50384241,26.780627,0.000006373155,"PACK PROXY"
"7400","7400","produits céréaliers","pains et viennoiseries","Pain grillé, tranches, au froment","Rusk, slice, wheat","2",0,"Ambiant (court)","Pas de préparation",5,0.14435211,1.3980705,2.8975828e-8,0.4515682,0.0045013245,7.6054204e-8,1.4188122e-8,7.2604815e-10,0.0091134599,0.00020636865,0.0054677117,0.03654746,9.4730437,56.968557,0.35773072,25.916124,0.0000051161767,"PACK PROXY"
"7310","7310","produits céréaliers","pains et viennoiseries","Biscotte sans adjonction de sel","Rusk, unsalted","2",0,"Ambiant (court)","Pas de préparation",5,0.16024828000000002,1.4848099,3.1769092e-8,0.45650815,0.004879003,8.5557697e-8,1.5041937e-8,9.1612981e-10,0.010364626,0.00026344582,0.0062673466,0.040771166,14.104647,71.919335,0.50384241,26.780627,0.000006373155,"PACK PROXY"
"7301","7301","produits céréaliers","pains et viennoiseries","Biscotte briochée","Rusk, w eggs","2",0,"Ambiant (court)","Pas de préparation",5,0.16024828000000002,1.4848099,3.1769092e-8,0.45650815,0.004879003,8.5557697e-8,1.5041937e-8,9.1612981e-10,0.010364626,0.00026344582,0.0062673466,0.040771166,14.104647,71.919335,0.50384241,26.780627,0.000006373155,"PACK PROXY"
"7340","7340","produits céréaliers","pains et viennoiseries","Biscotte complète ou riche en fibres","Rusk, wholemeal or rich in fibre","2",0,"Ambiant (court)","Pas de préparation",5,0.16024828000000002,1.4848099,3.1769092e-8,0.45650815,0.004879003,8.5557697e-8,1.5041937e-8,9.1612981e-10,0.010364626,0.00026344582,0.0062673466,0.040771166,14.104647,71.919335,0.50384241,26.780627,0.000006373155,"PACK PROXY"
"20165","20165","fruits, légumes, légumineuses et oléagineux","légumes","Rutabaga, cuit","Rutabaga or Swede, cooked","2",0,"Ambiant (moyen)","Cuisson à l'eau",5,0.11816042,1.3911648,4.8275052e-8,0.27429062,0.0044751203,5.1872581e-8,1.1472015e-8,3.9924825e-10,0.0041642673,0.00024855989,0.0021472018,0.013335931,6.0721709,20.88938,0.66863972,22.848066,0.0000063784376,"PACK AGB"
"20201","20201","fruits, légumes, légumineuses et oléagineux","légumes","Rutabaga, cru","Rutabaga or Swede, raw","2",0,"Ambiant (moyen)","Pas de préparation",5,0.042750559,0.50475102,1.871497e-8,0.045485795,0.0016770296,2.6031035e-8,4.6322093e-9,1.7836451e-10,0.001863395,0.000073154627,0.0012760752,0.0068619044,3.0430881,11.368287,0.3782601,5.570953,0.0000021548678,"PACK AGB"
"7125","7125","produits céréaliers","pains et viennoiseries","Pain de seigle, et froment","Rye bread, and wheat","2",0,"Ambiant (court)","Pas de préparation",5,0.15102052000000002,1.087542,1.7726714e-8,0.51037021,0.0031556763,8.6079174e-8,7.6474439e-8,1.6027195e-9,0.0091238946,0.00026323912,0.012072629,0.041631126,6.9694559,123.80588,0.15841905,17.909841,0.0000040616483,"PACK PROXY"
"9533","9533","produits céréaliers","farines et pâtes à tarte","Farine de seigle T130","Rye flour, type 130","2",0,"Ambiant (long)","Pas de préparation",5,0.24186155,1.7336548,2.3639913e-8,0.31597049,0.0040329546,1.2689289e-7,2.1047457e-7,3.8003826e-9,0.012162366,0.00048302636,0.026674885,0.062501939,4.8708033,280.37364,0.12366968,14.714298,0.0000059711952,"PACK PROXY"
"9530","9530","produits céréaliers","farines et pâtes à tarte","Farine de seigle T170","Rye flour, type 170","2",0,"Ambiant (long)","Pas de préparation",5,0.24186155,1.7336548,2.3639913e-8,0.31597049,0.0040329546,1.2689289e-7,2.1047457e-7,3.8003826e-9,0.012162366,0.00048302636,0.026674885,0.062501939,4.8708033,280.37364,0.12366968,14.714298,0.0000059711952,"PACK PROXY"
"9532","9532","produits céréaliers","farines et pâtes à tarte","Farine de seigle T85","Rye flour, type 85","2",0,"Ambiant (long)","Pas de préparation",5,0.24186155,1.7336548,2.3639913e-8,0.31597049,0.0040329546,1.2689289e-7,2.1047457e-7,3.8003826e-9,0.012162366,0.00048302636,0.026674885,0.062501939,4.8708033,280.37364,0.12366968,14.714298,0.0000059711952,"PACK PROXY"
"9390","9390","produits céréaliers","pâtes, riz et céréales","Seigle entier, cru","Rye, whole, raw","2",0,"Ambiant (long)","Pas de préparation",5,0.19421234999999998,1.3894458,1.9119524e-8,0.1905516,0.0030211146,9.9312956e-8,1.7589481e-7,3.176135e-9,0.009899018,0.00039899967,0.022252026,0.051424477,3.8694429,234.82028,0.10591756,10.110991,0.0000045209269,"PACK AGB"
"31064","31064","produits sucrés","sucres, miels et assimilés","Édulcorant à la saccharine","Saccharin sweetener","2",0,"Ambiant (long)","Pas de préparation",5,0.12922829000000002,0.78098328,1.1609579e-8,0.095781782,0.0034393691,1.3373061e-7,-1.2913082e-8,7.5398769e-11,0.016624982,0.00018180739,0.0053489721,0.070291996,6.7330005,32.328246,2.0660336,10.256861,0.0000046036668,"PACK PROXY"
"11039","11039","aides culinaires et ingrédients divers","épices","Safran","Saffron","2",0,"Ambiant (long)","Pas de préparation",5,1.0397517,8.0955435,1.3846483e-7,0.44168806,0.038331713,4.935167e-7,1.0863322e-7,2.00189e-9,0.06357062,0.0021980055,0.055816376,0.21831607,75.872747,623.7159,18.376154,87.830045,0.000081769941,"PACK PROXY"
"11037","11037","aides culinaires et ingrédients divers","herbes","Sauge, séchée","Sage, dried","2",0,"Ambiant (long)","Pas de préparation",5,0.46775326,2.707072,8.8039644e-8,0.32162004,0.01141475,2.7179068e-7,4.2255253e-8,6.8579431e-10,0.032074862,0.0005650429,0.016093499,0.12408767,22.458512,142.79786,20.143903,37.294694,0.000010542717,"PACK PROXY"
"11069","11069","aides culinaires et ingrédients divers","herbes","Sauge, fraîche","Sage, fresh","2",0,"Ambiant (long)","Pas de préparation",5,0.12888267,0.90566779,1.605937e-8,0.088349657,0.0030704938,6.66072e-8,1.1707982e-8,2.1585237e-10,0.007522307,0.00016362264,0.0039713182,0.030312812,3.2970842,35.482021,5.1213553,12.623899,0.0000039372511,"PACK PROXY"
"12842","12842","lait et produits laitiers","fromages","Sainte-Maure (fromage de chèvre)","Sainte Maure cheese, from goat's milk","2",0,"Glacé","Pas de préparation",5,0.7915136599999999,5.8041914,5.3197865e-8,0.67650484,0.01073566,9.4294206e-7,6.9248592e-8,2.456912e-9,0.13526801,0.00063771213,0.026365391,0.59132103,40.215754,429.35745,1.7491837,33.289891,0.000014582116,"PACK AGB"
"12052","12052","lait et produits laitiers","fromages","Saint-Félicien","Saint-Felicien cheese, from cow's milk","2",0,"Glacé","Pas de préparation",5,0.49336574000000005,4.3487669,0.0000012478771,0.54454784,0.0099834851,4.3147859e-7,7.4428332e-8,1.9475996e-9,0.06070904,0.00057002672,0.015127632,0.25516761,38.160195,146.67653,0.51887427,32.755334,0.000039981341,"PACK AGB"
"12049","12049","lait et produits laitiers","fromages","Saint-Marcellin","Saint-Marcellin cheese, from cow's milk","2",0,"Glacé","Pas de préparation",5,0.48477024,4.2713518,0.0000012477077,0.54601699,0.0098456671,4.2148899e-7,7.2761573e-8,1.9097673e-9,0.059201896,0.00057000698,0.014804023,0.24857154,37.273003,143.03712,0.50950969,32.706623,0.000039843647,"PACK AGB"
"12752","12752","lait et produits laitiers","fromages","Saint-Nectaire, sans précision","Saint-Nectaire cheese, from cow's milk","2",0,"Glacé","Pas de préparation",5,0.48675856,4.5386609,4.7692175e-8,0.60057445,0.0102171,4.8828182e-7,7.6903848e-8,2.0575807e-9,0.065866988,0.00049875866,0.016262443,0.27905637,39.580128,156.65352,0.61731606,32.819797,0.000011382443,"PACK AGB"
"12751","12751","lait et produits laitiers","fromages","Saint-Nectaire, fermier","Saint-Nectaire cheese, from cow's milk, milk collected in an unique farm","2",0,"Glacé","Pas de préparation",5,0.48675856,4.5386609,4.7692175e-8,0.60057445,0.0102171,4.8828182e-7,7.6903848e-8,2.0575807e-9,0.065866988,0.00049875866,0.016262443,0.27905637,39.580128,156.65352,0.61731606,32.819797,0.000011382443,"PACK AGB"
"12748","12748","lait et produits laitiers","fromages","Saint-Nectaire, laitier","Saint-Nectaire cheese, from cow's milk, milks collected in many farms","2",0,"Glacé","Pas de préparation",5,0.48675856,4.5386609,4.7692175e-8,0.60057445,0.0102171,4.8828182e-7,7.6903848e-8,2.0575807e-9,0.065866988,0.00049875866,0.016262443,0.27905637,39.580128,156.65352,0.61731606,32.819797,0.000011382443,"PACK AGB"
"12755","12755","lait et produits laitiers","fromages","Saint-Paulin (fromage à pâte pressée non cuite demi-ferme)","Saint-Paulin cheese, from cow's milk (semi-hard cheese)","2",0,"Glacé","Pas de préparation",5,0.5095724800000001,4.7442832,4.7762919e-8,0.58940832,0.010557497,5.1437889e-7,8.1555257e-8,2.1581552e-9,0.070083988,0.00049596178,0.017161014,0.29757656,42.096038,166.73497,0.63876989,32.639311,0.000011750994,"PACK AGB"
"26015","26015","viandes, œufs, poissons","poissons cuits","Lieu noir, cuit","Saithe, cooked","2",0,"Glacé","Four",5,1.6480517,10.348007,0.0000021692887,0.82611262,0.18902276,0.0000019482992,4.6156322e-8,4.3395616e-9,0.25142134,0.00055263385,0.061958421,0.6760798,11.908582,16.428408,0.37202408,147.23618,0.000082655151,"PACK PROXY"
"26047","26047","viandes, œufs, poissons","poissons crus","Lieu noir, surgelé, cru","Saithe, frozen, raw","2",0,"Congelé","Pas de préparation",5,1.3320686,8.6723316,3.3310166e-7,0.49578958,0.15600042,0.0000016037733,3.7608434e-8,3.5647073e-9,0.20674832,0.0011808461,0.050906823,0.55596895,12.628071,14.290453,0.52233952,122.08949,0.00003328311,"PACK PROXY"
"26134","26134","viandes, œufs, poissons","poissons crus","Lieu noir, cru","Saithe, raw","2",0,"Glacé","Pas de préparation",5,1.3229423,8.4025728,0.0000017744983,0.25304799,0.15451987,0.0000015908995,3.4801432e-8,3.5001835e-9,0.2053608,0.00041427471,0.050638298,0.55282133,9.3214171,12.922425,0.27578113,111.16959,0.000064227471,"PACK PROXY"
"1026","1026","boissons","boisson alcoolisées","Saké ou Alcool de riz","Sake or rice wine","2",0,"Ambiant (long)","Réfrigéré chez le consommateur",5,0.71775655,4.5470101,8.8529047e-8,1.2582273,0.020534585,3.0534318e-7,2.0257381e-7,4.2918302e-9,0.031213544,0.0010005902,0.038872195,0.11648847,337.14825,710.32933,1.2983204,64.833911,0.000051023939,"PACK PROXY"
"11110","11110","aides culinaires et ingrédients divers","sauces","Sauce vinaigrette (50 à 75% d'huile), préemballée","Salad dressing, (50-75% of oil), prepacked","2",0,"Glacé","Pas de préparation",5,0.42050106000000004,2.6465193,8.8462617e-7,0.92925992,0.010501959,2.2960166e-7,7.4377214e-8,2.2306755e-9,0.029844035,0.00067130664,0.017859704,0.12174952,74.430594,362.35603,4.0505094,41.143293,0.000028456394,"PACK AGB"
"11187","11187","aides culinaires et ingrédients divers","sauces","Sauce crudités ou Sauce salade, préemballée","Salad dressing, prepacked","2",0,"Glacé","Pas de préparation",5,0.4621112,2.9232738,8.9013703e-7,0.91365444,0.011657962,2.68474e-7,7.7846948e-8,2.5549511e-9,0.035703357,0.00074305858,0.019970853,0.14672631,79.104529,397.44023,4.4985018,42.175786,0.000028556496,"PACK AGB"
"11198","11198","aides culinaires et ingrédients divers","sauces","Sauce crudités ou Sauce salade, allégée en matière grasse, préemballée","Salad dressing, reduced fat, prepacked","2",0,"Glacé","Pas de préparation",5,0.4621112,2.9232738,8.9013703e-7,0.91365444,0.011657962,2.68474e-7,7.7846948e-8,2.5549511e-9,0.035703357,0.00074305858,0.019970853,0.14672631,79.104529,397.44023,4.4985018,42.175786,0.000028556496,"PACK AGB"
"30350","30350","viandes, œufs, poissons","charcuteries","Salami","Salami","2",0,"Glacé","Pas de préparation",5,0.9692509800000001,7.5425033,0.0000019757673,2.23928,0.019340147,7.5476919e-7,8.4692296e-8,4.237067e-9,0.10401704,0.0011698134,0.028968857,0.43250622,182.12365,349.26157,1.8175462,89.369541,0.000069078299,"PACK AGB"
"30366","30366","viandes, œufs, poissons","charcuteries","Salami type danois","Salami, Danish-style","2",0,"Glacé","Pas de préparation",5,0.9692509800000001,7.5425033,0.0000019757673,2.23928,0.019340147,7.5476919e-7,8.4692296e-8,4.237067e-9,0.10401704,0.0011698134,0.028968857,0.43250622,182.12365,349.26157,1.8175462,89.369541,0.000069078299,"PACK AGB"
"30352","30352","viandes, œufs, poissons","charcuteries","Salami porc et boeuf","Salami, pork and beef","2",0,"Glacé","Pas de préparation",5,0.97936161,7.621826,0.0000019965187,2.2609961,0.019544063,7.6275126e-7,8.5578712e-8,4.2816211e-9,0.10511204,0.0011820783,0.029274567,0.43708342,184.04056,352.93304,1.8365947,90.265506,0.000069788411,"PACK AGB"
"30351","30351","viandes, œufs, poissons","charcuteries","Salami pur porc","Salami, pure pork","2",0,"Glacé","Pas de préparation",5,0.9692509800000001,7.5425033,0.0000019757673,2.23928,0.019340147,7.5476919e-7,8.4692296e-8,4.237067e-9,0.10401704,0.0011698134,0.028968857,0.43250622,182.12365,349.26157,1.8175462,89.369541,0.000069078299,"PACK AGB"
"26111","26111","viandes, œufs, poissons","poissons crus","Saupe, crue","Salema, raw","2",0,"Glacé","Pas de préparation",5,1.3222520999999998,7.6024979,0.0000016586786,0.26451245,0.12815018,0.0000013205452,9.9289907e-8,3.6976405e-9,0.17118358,0.00059572919,0.041948434,0.45450738,25.481151,13.644315,0.64510774,102.87958,0.00019466858,"PACK PROXY"
"12725","12725","lait et produits laitiers","fromages","Salers","Salers cheese, from cow's milk","2",0,"Glacé","Pas de préparation",5,0.53063657,4.9341343,4.7828238e-8,0.57909866,0.010871785,5.3847432e-7,8.5849903e-8,2.2510156e-9,0.073977544,0.00049337944,0.017990666,0.31467626,44.418977,176.04316,0.6585782,32.47267,0.000012091277,"PACK AGB"
"25537","25537","viandes, œufs, poissons","produits à base de poissons et produits de la mer","Carpaccio de saumon avec marinade","Salmon carpaccio, w marinade","2",0,"Glacé","Pas de préparation",5,0.77664223,6.1798103,3.4021242e-7,0.92704259,0.030190814,4.0734126e-7,9.9398208e-8,4.4226797e-9,0.045857259,0.0015465208,0.077027654,0.17663716,96.228626,288.292,1.3025332,79.303071,0.000061610253,"PACK AGB"
"17645","17645","matières grasses","huiles de poissons","Huile de saumon","Salmon oil","2",0,"Ambiant (long)","Pas de préparation",5,0.29748075999999996,3.067245,4.5721684e-8,0.31012367,0.019538996,2.5318826e-7,2.471057e-8,9.1284299e-10,0.024597692,0.00039623915,0.0060657931,0.060047972,17.706064,17.060042,1.0264926,44.17444,0.000012352437,"PACK PROXY"
"25555","25555","entrées et plats composés","pizzas, tartes et crêpes salées","Tarte au saumon","Salmon tart","2",0,"Glacé","Four",5,0.45932372,3.6149417,1.6747966e-7,1.4030068,0.012511945,3.177972e-7,6.6136785e-8,2.3612365e-9,0.040983446,0.00070824366,0.025017046,0.16523196,48.297782,145.62854,0.70106526,54.307452,0.000026151029,"PACK PROXY"
"27021","27021","viandes, œufs, poissons","poissons crus","Truite saumonée, crue","Salmon trout, raw","2",0,"Glacé","Pas de préparation",5,1.3912301,6.1637887,0.0000015637809,1.7664622,0.027860213,3.3249018e-7,6.5895073e-8,2.8068557e-9,0.037442718,0.021197659,0.10136837,0.12879571,100.73621,109.0537,36.396785,98.401224,0.000057816697,"PACK PROXY"
"25077","25077","entrées et plats composés","plats composés","Saumon à l'oseille","Salmon with sorrel","2",0,"Glacé","Micro-onde",5,0.71538327,5.4162664,1.1959741e-7,0.90872987,0.027597013,3.8413727e-7,9.3875823e-8,4.1919952e-9,0.043921914,0.0013665593,0.076382268,0.17101005,93.354447,299.22406,1.019609,68.333526,0.000054549864,"PACK PROXY"
"26217","26217","viandes, œufs, poissons","poissons cuits","Saumon, bouilli/cuit à l'eau, élevage","Salmon, boiled/cooked in water, farmed","2",0,"Glacé","Cuisson à l'eau",5,0.94881135,7.0990628,0.0000019206496,1.165901,0.034471075,4.6938752e-7,1.159091e-7,5.0984929e-9,0.054092388,0.0016775268,0.09237474,0.20796003,112.91042,321.11846,1.241252,92.653157,0.00011007328,"PACK PROXY"
"26119","26119","viandes, œufs, poissons","produits à base de poissons et produits de la mer","Saumon, appertisé, égoutté","Salmon, canned, drained","2",0,"Ambiant (long)","Pas de préparation",5,1.2019585000000002,9.0160724,1.4841524e-7,1.1787322,0.041518492,7.0249969e-7,1.4721089e-7,1.1602334e-8,0.06720783,0.0067831258,0.093794516,0.23082466,141.62615,336.05198,2.0611753,108.79097,0.00010787649,"PACK PROXY"
"26230","26230","viandes, œufs, poissons","poissons cuits","Saumon, élevage, rôti/cuit au four","Salmon, farmed, roasted/baked","2",0,"Glacé","Four",5,0.96223442,6.9624867,0.000001914582,1.5577009,0.034392039,4.7273879e-7,1.1832133e-7,5.1095818e-9,0.054402254,0.0017051866,0.092407199,0.2081264,113.18114,321.53674,1.2635008,98.149649,0.00011308398,"PACK PROXY"
"26229","26229","viandes, œufs, poissons","poissons cuits","Saumon, grillé/poêlé","Salmon, grilled/pan-fried","2",0,"Glacé","Poêle",5,0.9438612,6.9952459,0.0000019166628,1.1561046,0.034320948,4.6964065e-7,1.1582736e-7,5.1181249e-9,0.05409115,0.0016800608,0.092498017,0.20808729,113.6836,324.40014,1.2404793,90.718215,0.00010993596,"PACK PROXY"
"26211","26211","viandes, œufs, poissons","poissons cuits","Saumon, cuit au micro-ondes, élevage","Salmon, microwaved, farmed","2",0,"Glacé","Micro-onde",5,0.92957201,6.8745083,0.0000019120588,1.0405745,0.034046999,4.6702018e-7,1.1465958e-7,5.0439473e-9,0.053738358,0.0016584062,0.092281078,0.20707351,112.65454,320.88737,1.2282215,86.657991,0.0001088543,"PACK PROXY"
"26036","26036","viandes, œufs, poissons","poissons crus","Saumon, cru, élevage","Salmon, raw, farmed","2",0,"Glacé","Pas de préparation",5,0.76128407,5.6299604,0.0000015659033,0.8521909,0.027883195,3.8247174e-7,9.3901827e-8,4.1308007e-9,0.044009668,0.0013581715,0.075574687,0.16958532,92.259781,262.79453,1.0058666,70.969594,0.000089147522,"PACK PROXY"
"26037","26037","viandes, œufs, poissons","poissons cuits","Saumon fumé","Salmon, smoked","2",0,"Glacé","Réfrigéré chez le consommateur",5,1.0380070000000001,7.9371868,3.7233428e-7,2.1461743,0.038787841,5.2740837e-7,1.2925911e-7,5.7210263e-9,0.059652728,0.0020049971,0.1009309,0.22940733,125.94514,369.3659,1.6413559,120.52422,0.000078471522,"PACK PROXY"
"26038","26038","viandes, œufs, poissons","poissons cuits","Saumon, cuit à la vapeur","Salmon, steamed","2",0,"Glacé","Four",5,0.96223442,6.9624867,0.000001914582,1.5577009,0.034392039,4.7273879e-7,1.1832133e-7,5.1095818e-9,0.054402254,0.0017051866,0.092407199,0.2081264,113.18114,321.53674,1.2635008,98.149649,0.00011308398,"PACK PROXY"
"20197","20197","fruits, légumes, légumineuses et oléagineux","légumes","Salsifis noir, cru","Salsify, black, raw","2",0,"Ambiant (moyen)","Pas de préparation",5,0.041529333,0.48669092,1.8309357e-8,0.044974588,0.0016550224,2.4564238e-8,4.4592415e-9,1.7534841e-10,0.0018874915,0.000071499973,0.0012807122,0.0069178786,3.0044461,11.193666,0.37708472,5.3095206,0.0000020877423,"PACK AGB"
"20081","20081","fruits, légumes, légumineuses et oléagineux","légumes","Salsifis, appertisé, égoutté","Salsify, canned, drained","2",0,"Ambiant (long)","Micro-onde",5,0.1219699,1.3883086,4.792763e-8,0.32993329,0.0041448134,6.2341186e-8,1.0669602e-8,3.9882672e-9,0.0040733456,0.00030795615,0.0024476688,0.012469961,7.3983866,17.663704,0.53614514,22.322857,0.0000047232258,"PACK AGB"
"20046","20046","fruits, légumes, légumineuses et oléagineux","légumes","Salsifis, cuit","Salsify, cooked","2",0,"Ambiant (moyen)","Cuisson à l'eau",5,0.11302818,1.3600868,4.7514967e-8,0.21502319,0.0044102668,4.9510373e-8,1.0854524e-8,3.8827854e-10,0.0041170931,0.0002413196,0.0021383094,0.013281862,5.967288,20.611725,0.66326413,21.2389,0.0000058201503,"PACK AGB"
"20237","20237","fruits, légumes, légumineuses et oléagineux","légumes","Salsifis, surgelé, cru","Salsify, frozen, raw","2",0,"Congelé","Pas de préparation",5,0.07059668599999999,0.67028259,2.086875e-8,0.42268053,0.0020039468,2.607838e-8,6.7826216e-9,2.1390284e-10,0.0023065989,0.00013115053,0.0014966841,0.0069179594,4.1746795,12.103741,0.42457148,14.72746,0.0000052229808,"PACK AGB"
"28976","28976","viandes, œufs, poissons","charcuteries","Rôti de volaille en salaison, cuit","Salt curing roast poultry, cooked","2",0,"Glacé","Four",5,1.1263097,7.7027522,0.0000018611704,2.0388741,0.030603636,9.5731977e-7,1.1076771e-7,5.2670796e-9,0.13017632,0.0013464068,0.036024777,0.5384161,193.7707,292.51828,2.0226974,111.2367,0.00008029841,"PACK AGB"
"11058","11058","aides culinaires et ingrédients divers","sels","Sel blanc alimentaire, iodé, non fluoré (marin, ignigène ou gemme)","Salt, white, for human consumption (sea, igneous or rock), iodine added, no other enrichment","2",0,"Ambiant (long)","Pas de préparation",5,0.06970252,0.62215974,9.875192e-9,0.10588204,0.0024921706,4.3471095e-8,1.1124069e-8,2.30345e-10,0.0031331028,0.00025803298,0.0008393533,0.0075961457,4.2030725,14.306697,0.20604438,9.1593542,0.000010816264,"PACK PROXY"
"11017","11017","aides culinaires et ingrédients divers","sels","Sel blanc alimentaire, non iodé, non fluoré (marin, ignigène ou gemme)","Salt, white, for human consumption (sea, igneous or rock), no enrichment","2",0,"Ambiant (long)","Pas de préparation",5,0.06970252,0.62215974,9.875192e-9,0.10588204,0.0024921706,4.3471095e-8,1.1124069e-8,2.30345e-10,0.0031331028,0.00025803298,0.0008393533,0.0075961457,4.2030725,14.306697,0.20604438,9.1593542,0.000010816264,"PACK PROXY"
"25010","25010","entrées et plats composés","plats composés","Petit salé ou saucisse aux lentilles","Salt-cured pork belly with lentils","2",0,"Ambiant (long)","Micro-onde",5,0.19531762,1.6148974,3.0710855e-8,0.41319034,0.004521799,1.4507564e-7,1.8476042e-8,3.5958698e-9,0.017845226,0.00031273779,0.0074583826,0.072584102,33.543863,94.368155,0.65314943,21.060856,0.0000058592448,"PACK AGB"
"38408","38408","produits céréaliers","céréales de petit-déjeuner et biscuits","Crêpe dentelle (pour apéritif) au fromage, préemballée","Salted crispy crepe with cheese, prepacked","2",0,"Ambiant (long)","Pas de préparation",5,0.21303093,1.5051478,3.9740095e-8,0.55461246,0.0055156617,1.1695498e-7,2.1141925e-8,2.2663821e-9,0.014656506,0.00050316539,0.011986209,0.060275043,42.690251,186.00586,0.62525509,25.128293,0.0000078861467,"PACK PROXY"
"38401","38401","produits céréaliers","céréales de petit-déjeuner et biscuits","Biscuit apéritif, crackers, garni ou fourré, au fromage","Salty snacks, crackers, garnished or filled with cheese","2",0,"Ambiant (long)","Pas de préparation",5,0.21303093,1.5051478,3.9740095e-8,0.55461246,0.0055156617,1.1695498e-7,2.1141925e-8,2.2663821e-9,0.014656506,0.00050316539,0.011986209,0.060275043,42.690251,186.00586,0.62525509,25.128293,0.0000078861467,"PACK PROXY"
"38402","38402","produits céréaliers","céréales de petit-déjeuner et biscuits","Biscuit apéritif, crackers, nature","Salty snacks, crackers, plain","2",0,"Ambiant (long)","Pas de préparation",5,0.21303093,1.5051478,3.9740095e-8,0.55461246,0.0055156617,1.1695498e-7,2.1141925e-8,2.2663821e-9,0.014656506,0.00050316539,0.011986209,0.060275043,42.690251,186.00586,0.62525509,25.128293,0.0000078861467,"PACK PROXY"
"38403","38403","produits céréaliers","céréales de petit-déjeuner et biscuits","Biscuit apéritif, crackers, nature, allégé en matière grasse","Salty snacks, crackers, reduced fat","2",0,"Ambiant (long)","Pas de préparation",5,0.21303093,1.5051478,3.9740095e-8,0.55461246,0.0055156617,1.1695498e-7,2.1141925e-8,2.2663821e-9,0.014656506,0.00050316539,0.011986209,0.060275043,42.690251,186.00586,0.62525509,25.128293,0.0000078861467,"PACK PROXY"
"38405","38405","produits céréaliers","céréales de petit-déjeuner et biscuits","Biscuit apéritif à base de pomme de terre, type tuile salée","Salty snacks, made from potato","2",0,"Ambiant (long)","Pas de préparation",5,0.21303093,1.5051478,3.9740095e-8,0.55461246,0.0055156617,1.1695498e-7,2.1141925e-8,2.2663821e-9,0.014656506,0.00050316539,0.011986209,0.060275043,42.690251,186.00586,0.62525509,25.128293,0.0000078861467,"PACK PROXY"
"38107","38107","produits céréaliers","céréales de petit-déjeuner et biscuits","Biscuit apéritif, mini bretzel ou sticks","Salty snacks, mini pretzels or sticks","2",0,"Ambiant (long)","Pas de préparation",5,0.21303093,1.5051478,3.9740095e-8,0.55461246,0.0055156617,1.1695498e-7,2.1141925e-8,2.2663821e-9,0.014656506,0.00050316539,0.011986209,0.060275043,42.690251,186.00586,0.62525509,25.128293,0.0000078861467,"PACK PROXY"
"38407","38407","produits céréaliers","céréales de petit-déjeuner et biscuits","Biscuit apéritif feuilleté","Salty snacks, puff pastry","2",0,"Ambiant (long)","Pas de préparation",5,0.21303093,1.5051478,3.9740095e-8,0.55461246,0.0055156617,1.1695498e-7,2.1141925e-8,2.2663821e-9,0.014656506,0.00050316539,0.011986209,0.060275043,42.690251,186.00586,0.62525509,25.128293,0.0000078861467,"PACK PROXY"
"7200","7200","produits céréaliers","pains et viennoiseries","Pain de mie, courant","Sandwich loaf","2",0,"Ambiant (court)","Pas de préparation",5,0.1710952,1.4062253,1.8953261e-8,0.48636055,0.004030682,1.3344287e-7,2.3597398e-8,8.7000112e-10,0.018061117,0.00020370702,0.0071818383,0.075406656,14.975638,75.452919,0.35188956,19.267834,0.0000057194987,"PACK PROXY"
"7112","7112","produits céréaliers","pains et viennoiseries","Pain de mie, au son","Sandwich loaf, bran grain","2",0,"Ambiant (court)","Pas de préparation",5,0.1710952,1.4062253,1.8953261e-8,0.48636055,0.004030682,1.3344287e-7,2.3597398e-8,8.7000112e-10,0.018061117,0.00020370702,0.0071818383,0.075406656,14.975638,75.452919,0.35188956,19.267834,0.0000057194987,"PACK PROXY"
"7201","7201","produits céréaliers","pains et viennoiseries","Pain de mie, sans croûte, préemballé","Sandwich loaf, crust less, prepacked","2",0,"Ambiant (court)","Pas de préparation",5,0.13700839,1.0952675,1.7749558e-8,0.47290762,0.0034943303,9.6242386e-8,1.6754447e-8,7.7567966e-10,0.012560599,0.00017853739,0.0064731304,0.053119001,11.628177,69.109763,0.24561139,18.302693,0.0000041721763,"PACK PROXY"
"7113","7113","produits céréaliers","pains et viennoiseries","Pain de mie, multicéréale","Sandwich loaf, multigrain","2",0,"Ambiant (court)","Pas de préparation",5,0.17610130000000002,1.2816678,2.9665427e-8,0.47349065,0.0048556576,1.1724669e-7,1.1430616e-7,1.585586e-9,0.015208605,0.00024183849,0.007763683,0.064204422,13.498531,65.549945,0.55405658,19.947861,0.0000051467182,"PACK PROXY"
"7111","7111","produits céréaliers","pains et viennoiseries","Pain de mie, complet","Sandwich loaf, wholemeal","2",0,"Ambiant (court)","Pas de préparation",5,0.1710952,1.4062253,1.8953261e-8,0.48636055,0.004030682,1.3344287e-7,2.3597398e-8,8.7000112e-10,0.018061117,0.00020370702,0.0071818383,0.075406656,14.975638,75.452919,0.35188956,19.267834,0.0000057194987,"PACK PROXY"
"25518","25518","entrées et plats composés","sandwichs","Sandwich baguette, camembert, beurre","Sandwich made with French bread, camembert cheese and butter","2",0,"Glacé","Pas de préparation",5,0.41847456,3.6108714,0.0000011501436,0.83219709,0.0098756953,3.0697427e-7,5.790051e-8,1.6311424e-9,0.041053634,0.00063623916,0.012399018,0.16992529,30.17216,128.3905,0.67795928,42.929376,0.000037517822,"PACK AGB"
"25476","25476","entrées et plats composés","sandwichs","Sandwich baguette, poulet, crudités (tomate, salade), mayonnaise","Sandwich made with French bread, chicken, raw vegetables (lettuce & tomato) and mayonnaise","2",0,"Glacé","Pas de préparation",5,0.4972044500000001,3.659774,0.0000011703265,0.82454895,0.014131795,3.6370587e-7,5.6930412e-8,2.3134416e-9,0.047199272,0.00081129354,0.016454354,0.19291542,71.837366,176.51669,1.4949761,51.95166,0.000042540321,"PACK AGB"
"25520","25520","entrées et plats composés","sandwichs","Sandwich baguette, saucisson, beurre","Sandwich made with French bread, dry sausage and butter","2",0,"Glacé","Pas de préparation",5,0.62393876,5.0044193,0.0000012068211,1.4601958,0.01377971,4.6871042e-7,6.4864179e-8,2.6895002e-9,0.063328676,0.00088045405,0.019199603,0.26274646,95.477644,225.19544,1.2042209,63.246048,0.000043913453,"PACK AGB"
"25532","25532","entrées et plats composés","sandwichs","Sandwich baguette, oeuf, crudités (tomate, salade), mayonnaise","Sandwich made with French bread, egg, raw vegetables (tomato and lettuce) and mayonnaise","2",0,"Glacé","Pas de préparation",5,0.32926953,2.5311102,0.000001153272,0.76817592,0.0093120373,1.7755751e-7,3.9637984e-8,1.5343081e-9,0.02136431,0.00065890593,0.010909025,0.083983697,40.00852,145.25219,1.2097013,41.325776,0.00003712593,"PACK AGB"
"25517","25517","entrées et plats composés","sandwichs","Sandwich baguette, jambon, beurre","Sandwich made with French bread, ham and butter","2",0,"Glacé","Pas de préparation",5,0.6609506700000001,5.2334964,0.0000011755445,1.3973901,0.014687632,5.0476733e-7,6.6494921e-8,2.9359824e-9,0.068516947,0.00093999375,0.020855153,0.28463254,110.27919,246.79662,1.3020976,64.360631,0.000044923321,"PACK AGB"
"25485","25485","entrées et plats composés","sandwichs","Sandwich baguette, jambon emmental","Sandwich made with French bread, ham and emmental cheese","2",0,"Glacé","Pas de préparation",5,0.61855249,5.0418608,0.0000011693736,1.2441821,0.013781742,4.8242855e-7,7.0068837e-8,2.6586793e-9,0.065141834,0.00086499708,0.019279519,0.2711773,87.139488,219.72463,1.1393527,59.016764,0.0000430788,"PACK AGB"
"25521","25521","entrées et plats composés","sandwichs","Sandwich baguette, jambon, emmental, beurre","Sandwich made with French bread, ham, emmental cheese and butter","2",0,"Glacé","Pas de préparation",5,0.61855249,5.0418608,0.0000011693736,1.2441821,0.013781742,4.8242855e-7,7.0068837e-8,2.6586793e-9,0.065141834,0.00086499708,0.019279519,0.2711773,87.139488,219.72463,1.1393527,59.016764,0.0000430788,"PACK AGB"
"25475","25475","entrées et plats composés","sandwichs","Sandwich baguette, jambon, oeuf dur, crudités (tomate, salade), beurre","Sandwich made with French bread, hard-boiled egg, raw vegetables (tomato and lettuce) and butter","2",0,"Glacé","Pas de préparation",5,0.43402288,3.3933119,0.0000011626319,0.99663833,0.011005588,2.7408776e-7,4.7168286e-8,1.8611984e-9,0.035123817,0.00074176879,0.013329376,0.14185566,65.670849,160.86505,1.5702099,50.237616,0.000039747722,"PACK AGB"
"25429","25429","entrées et plats composés","sandwichs","Sandwich grec ou Kebab, baguette, crudités","Sandwich made with French bread, kebab and raw vegetables","2",0,"Glacé","Pas de préparation",5,1.3312644,10.127574,0.0000011819484,0.88631148,0.022406293,0.0000014483665,2.1858725e-7,7.5702823e-9,0.20943685,0.00093368363,0.046748843,0.92360001,59.206413,730.73073,2.4906613,56.119761,0.000047534735,"PACK AGB"
"25535","25535","entrées et plats composés","sandwichs","Sandwich baguette, merguez, ketchup moutarde","Sandwich made with French bread, merguez sausage, ketchup and mustard","2",0,"Glacé","Pas de préparation",5,0.62393876,5.0044193,0.0000012068211,1.4601958,0.01377971,4.6871042e-7,6.4864179e-8,2.6895002e-9,0.063328676,0.00088045405,0.019199603,0.26274646,95.477644,225.19544,1.2042209,63.246048,0.000043913453,"PACK AGB"
"25519","25519","entrées et plats composés","sandwichs","Sandwich baguette, pâté, cornichons","Sandwich made with French bread, pâté and pickles","2",0,"Glacé","Pas de préparation",5,0.43297636,3.3277135,0.0000011581556,0.8639696,0.011507117,3.058241e-7,4.3880553e-8,2.6768448e-9,0.039389297,0.0007105642,0.013174006,0.16045418,60.91846,137.66447,0.91642566,47.850847,0.000040035862,"PACK AGB"
"25533","25533","entrées et plats composés","sandwichs","Sandwich baguette, porc, crudités (tomate, salade), mayonnaise","Sandwich made with French bread, pork, raw vegetables (lettuce & tomato) and mayonnaise","2",0,"Glacé","Pas de préparation",5,0.43402288,3.3933119,0.0000011626319,0.99663833,0.011005588,2.7408776e-7,4.7168286e-8,1.8611984e-9,0.035123817,0.00074176879,0.013329376,0.14185566,65.670849,160.86505,1.5702099,50.237616,0.000039747722,"PACK AGB"
"25530","25530","entrées et plats composés","sandwichs","Sandwich baguette, crudités diverses, mayonnaise","Sandwich made with French bread, raw vegetables and mayonnaise","2",0,"Glacé","Pas de préparation",5,0.38950308,2.948824,0.0000011624987,0.789967,0.011238677,2.395966e-7,4.5377627e-8,1.6419069e-9,0.029753171,0.00069408125,0.011922495,0.11842086,54.778777,126.17761,1.7700144,46.904555,0.00003930634,"PACK AGB"
"25536","25536","entrées et plats composés","sandwichs","Sandwich baguette, salami, beurre","Sandwich made with French bread, salami and butter","2",0,"Glacé","Pas de préparation",5,0.6609506700000001,5.2334964,0.0000011755445,1.3973901,0.014687632,5.0476733e-7,6.6494921e-8,2.9359824e-9,0.068516947,0.00093999375,0.020855153,0.28463254,110.27919,246.79662,1.3020976,64.360631,0.000044923321,"PACK AGB"
"25488","25488","entrées et plats composés","sandwichs","Sandwich baguette, saumon fumé, beurre","Sandwich made with French bread, smoked salmon and butter","2",0,"Glacé","Pas de préparation",5,0.39086637,2.9120495,0.000001170179,0.74778888,0.021341617,2.6614176e-7,3.7381903e-8,1.3583532e-9,0.032098916,0.00060967551,0.012087714,0.10179557,33.208901,93.378234,1.6281508,49.142704,0.000038733106,"PACK AGB"
"25431","25431","entrées et plats composés","sandwichs","Sandwich baguette, thon, crudités (tomate, salade), mayonnaise","Sandwich made with French bread, tuna, raw vegetables (tomato and lettuce) and mayonnaise","2",0,"Glacé","Pas de préparation",5,0.48848366000000004,3.5010001,0.0000011855425,0.72691853,0.035844198,4.1106373e-7,3.800964e-8,1.6418815e-9,0.050867474,0.00061441357,0.016399987,0.15058821,21.78663,101.66906,1.0986245,56.022847,0.000040924612,"PACK AGB"
"25490","25490","entrées et plats composés","sandwichs","Sandwich baguette, thon, maïs, crudités","Sandwich made with French bread, tuna, sweet corn and raw vegetables","2",0,"Glacé","Pas de préparation",5,0.39086637,2.9120495,0.000001170179,0.74778888,0.021341617,2.6614176e-7,3.7381903e-8,1.3583532e-9,0.032098916,0.00060967551,0.012087714,0.10179557,33.208901,93.378234,1.6281508,49.142704,0.000038733106,"PACK AGB"
"25531","25531","entrées et plats composés","sandwichs","Sandwich baguette, dinde, crudités (tomate, salade), mayonnaise","Sandwich made with French bread, turkey, raw vegetables (lettuce & tomato) and mayonnaise","2",0,"Glacé","Pas de préparation",5,0.38950308,2.948824,0.0000011624987,0.789967,0.011238677,2.395966e-7,4.5377627e-8,1.6419069e-9,0.029753171,0.00069408125,0.011922495,0.11842086,54.778777,126.17761,1.7700144,46.904555,0.00003930634,"PACK AGB"
"25544","25544","entrées et plats composés","sandwichs","Sandwich pain de mie, garnitures diverses","Sandwich made with loaf bread, various filling","2",0,"Glacé","Pas de préparation",5,0.36519751,2.6478331,0.000001074079,0.90311424,0.008183257,2.4268796e-7,3.821151e-8,1.6150181e-9,0.032573652,0.00044639087,0.01223933,0.13365988,60.843491,140.54391,1.2561381,38.431062,0.000035700572,"PACK PROXY"
"25434","25434","entrées et plats composés","sandwichs","Sandwich panini, jambon cru, mozzarella, tomates","Sandwich made with panini bread, raw cured ham, mozzarella cheese and tomato","2",0,"Glacé","Pas de préparation",5,0.5146800899999999,3.9945525,0.0000010784654,1.1324404,0.01029562,4.1097419e-7,5.5650279e-8,2.2397099e-9,0.05730739,0.00056226252,0.016899219,0.23997545,78.089668,183.44914,0.76737007,45.951189,0.000038365622,"PACK PROXY"
"25428","25428","entrées et plats composés","sandwichs","Sandwich grec ou Kebab, pita, crudités","Sandwich made with pita bread, kebab and raw vegetables","2",0,"Glacé","Pas de préparation",5,1.2624391,9.3820954,0.0000010933956,0.79278738,0.019583962,0.0000014169667,2.0963048e-7,7.324102e-9,0.20688668,0.00063830572,0.045658797,0.91540423,54.379056,710.40959,2.1765895,44.313207,0.000043487585,"PACK PROXY"
"25577","25577","entrées et plats composés","sandwichs","Sandwich pain de mie complet, poulet, crudités, mayonnaise","Sandwich made with wholemeal loaf bread, chicken, raw vegetables and mayonnaise","2",0,"Glacé","Pas de préparation",5,0.42837908,2.9142953,0.0000010817737,0.73102485,0.011309464,3.3230606e-7,4.7973636e-8,2.0672614e-9,0.044649108,0.00051591563,0.015364308,0.18471964,67.010008,156.19555,1.1809044,40.145106,0.00003849317,"PACK PROXY"
"25576","25576","entrées et plats composés","sandwichs","Sandwich pain de mie complet, jambon, fromage","Sandwich made with wholemeal loaf bread, ham and cheese","2",0,"Glacé","Pas de préparation",5,0.54972712,4.2963821,0.0000010808207,1.150658,0.010959412,4.5102875e-7,6.1112061e-8,2.4124991e-9,0.06259167,0.00056961916,0.018189473,0.26298153,82.31213,199.40349,0.82528089,47.21021,0.00003903165,"PACK PROXY"
"25574","25574","entrées et plats composés","sandwichs","Sandwich pain de mie complet, jambon, crudités, fromage optionnel","Sandwich made with wholemeal loaf bread, ham, raw vegetables, cheese (optional)","2",0,"Glacé","Pas de préparation",5,0.36519751,2.6478331,0.000001074079,0.90311424,0.008183257,2.4268796e-7,3.821151e-8,1.6150181e-9,0.032573652,0.00044639087,0.01223933,0.13365988,60.843491,140.54391,1.2561381,38.431062,0.000035700572,"PACK PROXY"
"25575","25575","entrées et plats composés","sandwichs","Sandwich pain de mie complet, thon, crudités, mayonnaise","Sandwich made with wholemeal loaf bread, tuna, raw vegetables and mayonnaise","2",0,"Glacé","Pas de préparation",5,0.41965828,2.7555213,0.0000010969896,0.63339444,0.033021867,3.7966393e-7,2.9052863e-8,1.3957012e-9,0.048317309,0.00031903565,0.015309941,0.14239243,16.959272,81.347926,0.78455269,44.216293,0.000036877462,"PACK PROXY"
"1017","1017","boissons","boisson alcoolisées","Sangria","Sangria","2",0,"Glacé","Réfrigéré chez le consommateur",5,0.24420992999999996,1.8415698,4.2143231e-8,0.49804099,0.0075987808,1.1316038e-7,4.9119254e-8,1.0101975e-9,0.011309961,0.00030621116,0.0091071655,0.038490301,74.847408,148.79888,2.8398871,28.244913,0.000013404815,"PACK PROXY"
"17640","17640","matières grasses","huiles de poissons","Huile de sardine","Sardine oil","2",0,"Ambiant (long)","Pas de préparation",5,0.29748075999999996,3.067245,4.5721684e-8,0.31012367,0.019538996,2.5318826e-7,2.471057e-8,9.1284299e-10,0.024597692,0.00039623915,0.0060657931,0.060047972,17.706064,17.060042,1.0264926,44.17444,0.000012352437,"PACK PROXY"
"11158","11158","aides culinaires et ingrédients divers","sauces","Sauce au beurre, préemballée","Sauce, butter, prepacked","2",0,"Glacé","Micro-onde",5,0.4954683,4.0219573,9.4087799e-7,1.006603,0.0097950997,3.9836775e-7,8.2816217e-8,6.5664853e-9,0.055473913,0.00040051186,0.016171601,0.23397951,59.079741,184.97037,0.63472782,41.638654,0.000034117307,"PACK PROXY"
"11182","11182","aides culinaires et ingrédients divers","sauces","Sauce au poivre, chaude, préemballée","Sauce, pepper, prepacked","2",0,"Glacé","Micro-onde",5,0.51909918,3.7959833,9.5426544e-7,1.2050448,0.011857358,3.2912022e-7,1.0596467e-7,2.3966499e-9,0.042758451,0.00056579624,0.020230579,0.17645541,122.28375,297.30533,0.74329023,50.158573,0.000043092872,"PACK PROXY"
"11212","11212","aides culinaires et ingrédients divers","sauces","Sauce au poivre, condimentaire, froide, préemballée","Sauce, pepper, prepacked","2",0,"Glacé","Pas de préparation",5,0.5149075,3.7846928,9.5394162e-7,1.1386803,0.011813078,3.2838633e-7,1.0549474e-7,2.3882268e-9,0.042673251,0.00055979276,0.020214393,0.17632029,122.21617,297.22199,0.73876271,48.68381,0.000042550063,"PACK PROXY"
"11210","11210","aides culinaires et ingrédients divers","sauces","Sauce pesto rosso, préemballée","Sauce, pesto rosso, prepacked","2",0,"Glacé","Micro-onde",5,0.44129177999999997,2.3247324,9.4780319e-7,0.91530737,0.009456979,2.3973025e-7,8.9942285e-8,1.2482934e-9,0.032114757,0.00051977837,0.012709967,0.12984995,39.889048,272.96027,10.109899,41.319548,0.000036808792,"PACK PROXY"
"11179","11179","aides culinaires et ingrédients divers","sauces","Sauce pesto, préemballée","Sauce, pesto, prepacked","2",0,"Glacé","Micro-onde",5,0.44129177999999997,2.3247324,9.4780319e-7,0.91530737,0.009456979,2.3973025e-7,8.9942285e-8,1.2482934e-9,0.032114757,0.00051977837,0.012709967,0.12984995,39.889048,272.96027,10.109899,41.319548,0.000036808792,"PACK PROXY"
"25003","25003","entrées et plats composés","plats composés","Choucroute garnie","Sauerkraut, with garnish","2",0,"Glacé","Micro-onde",5,0.26925212,2.2920318,4.6917529e-8,1.0347302,0.0066918433,1.7499194e-7,3.2205569e-8,1.0314281e-9,0.022327295,0.00040336927,0.008173429,0.088634576,38.229669,78.62038,0.74593604,40.403514,0.000010309396,"PACK AGB"
"25220","25220","entrées et plats composés","plats composés","Choucroute, sans garniture, égouttée","Sauerkraut, without garnish, drained, cooked","2",0,"Glacé","Micro-onde",5,0.15344769,1.5348385,4.4342303e-8,0.71853366,0.004839835,6.1871274e-8,2.3414045e-8,3.8073323e-10,0.005832968,0.00032812332,0.0040617869,0.016970394,10.5001,19.074438,0.73150471,31.992654,0.0000080572474,"PACK AGB"
"30705","30705","viandes, œufs, poissons","charcuteries","Saucisson de Paris","Sausage from Paris","2",0,"Glacé","Four",5,0.6950064,5.2679994,0.0000014704977,1.766883,0.014240757,5.1885064e-7,6.2228451e-8,2.9744763e-9,0.070997996,0.00086465798,0.01973435,0.29288772,123.64178,236.23019,1.3098396,71.432013,0.000056062347,"PACK AGB"
"30706","30706","viandes, œufs, poissons","charcuteries","Saucisson de Paris, fumé","Sausage from Paris, smoked","2",0,"Glacé","Four",5,0.6950064,5.2679994,0.0000014704977,1.766883,0.014240757,5.1885064e-7,6.2228451e-8,2.9744763e-9,0.070997996,0.00086465798,0.01973435,0.29288772,123.64178,236.23019,1.3098396,71.432013,0.000056062347,"PACK AGB"
"30707","30707","viandes, œufs, poissons","charcuteries","Saucisson brioché, cuit","Sausage in a brioche crust, cooked","2",0,"Glacé","Four",5,0.7006892600000001,5.315033,1.1905323e-7,2.154479,0.013930719,5.7593126e-7,7.3066231e-8,3.3244624e-9,0.080818635,0.00078084227,0.024350989,0.33921579,128.38255,280.96105,1.2447781,70.501197,0.000022956206,"PACK AGB"
"30052","30052","viandes, œufs, poissons","charcuteries","Chair à saucisse, porc et bœuf, crue","Sausage meat, pork and beef, raw","2",0,"Glacé","Pas de préparation",5,0.6497809,5.1793455,6.6150366e-8,1.0386989,0.013596858,5.814509e-7,6.0794179e-8,3.1565749e-9,0.08135228,0.00074365266,0.022500579,0.34210498,143.44456,272.54965,1.324441,47.774668,0.000018041326,"PACK AGB"
"30051","30051","viandes, œufs, poissons","charcuteries","Chair à saucisse, pur porc, crue","Sausage meat, pure pork, raw","2",0,"Glacé","Pas de préparation",5,0.6497809,5.1793455,6.6150366e-8,1.0386989,0.013596858,5.814509e-7,6.0794179e-8,3.1565749e-9,0.08135228,0.00074365266,0.022500579,0.34210498,143.44456,272.54965,1.324441,47.774668,0.000018041326,"PACK AGB"
"30050","30050","viandes, œufs, poissons","charcuteries","Chair à saucisse, crue","Sausage meat, raw","2",0,"Glacé","Pas de préparation",5,0.75672287,6.0363,6.5926151e-8,0.97195123,0.015656165,6.933806e-7,7.1543699e-8,3.7645532e-9,0.097652835,0.00085243459,0.026895216,0.41187482,172.46614,327.26699,1.4943071,49.154257,0.00002037139,"PACK AGB"
"30309","30309","viandes, œufs, poissons","charcuteries","Saucisse sèche","Sausage, dried","2",0,"Glacé","Pas de préparation",5,1.1121876,8.6739703,2.1506876e-7,2.4440285,0.02136758,9.7884946e-7,1.0173419e-7,5.3421785e-9,0.13789915,0.0012252713,0.038201816,0.58172317,243.82433,464.30802,2.0925581,88.601289,0.000030333179,"PACK AGB"
"30730","30730","viandes, œufs, poissons","charcuteries","Cervelas","Saveloy or cervelat","2",0,"Glacé","Four",5,0.80051033,6.1361711,9.1786189e-8,2.1201202,0.015933922,6.7150952e-7,7.4098824e-8,3.7195709e-9,0.093898093,0.0009069497,0.026023872,0.39340949,165.0007,312.17613,1.5279229,76.727254,0.00002617024,"PACK AGB"
"30731","30731","viandes, œufs, poissons","charcuteries","Cervelas obernois","Saveloy or cervelat (from Obernai Alsace)","2",0,"Glacé","Four",5,0.59866355,4.5469923,6.8295274e-8,1.6970474,0.011838678,4.9660647e-7,5.5586181e-8,2.7594038e-9,0.069399516,0.00068089019,0.019219652,0.29033609,121.78201,230.31213,1.1356258,59.54272,0.000020388474,"PACK AGB"
"30732","30732","viandes, œufs, poissons","charcuteries","Cervelas à l'ail, pur porc","Saveloy or cervelat, pure pork with garlic","2",0,"Glacé","Four",5,0.59866355,4.5469923,6.8295274e-8,1.6970474,0.011838678,4.9660647e-7,5.5586181e-8,2.7594038e-9,0.069399516,0.00068089019,0.019219652,0.29033609,121.78201,230.31213,1.1356258,59.54272,0.000020388474,"PACK AGB"
"11062","11062","aides culinaires et ingrédients divers","herbes","Sarriette, séchée","Savory, dried","2",0,"Ambiant (long)","Pas de préparation",5,0.46775326,2.707072,8.8039644e-8,0.32162004,0.01141475,2.7179068e-7,4.2255253e-8,6.8579431e-10,0.032074862,0.0005650429,0.016093499,0.12408767,22.458512,142.79786,20.143903,37.294694,0.000010542717,"PACK PROXY"
"7814","7814","entrées et plats composés","feuilletées et autres entrées","Cake salé (garniture : fromage, légumes, viande, poisson, volaille, etc.)","Savoury cake (with cheese, vegetables, meat, fish, poultry,etc.)","2",0,"Glacé","Four",5,0.51856753,3.8422178,6.3845848e-8,1.5289805,0.011402533,3.8497052e-7,7.1822162e-8,2.2435629e-9,0.053159818,0.00058454984,0.017025189,0.22095293,74.723424,223.66939,3.1207598,58.802945,0.00001841485,"PACK PROXY"
"25509","25509","entrées et plats composés","plats composés","Fondue savoyarde (fromages, vin, pain)","Savoy-style fondue (cheese wine and bread)","2",0,"Glacé","Micro-onde",5,0.487124,4.1065806,0.0000015091086,0.97546189,0.010678039,3.657367e-7,7.0896557e-8,1.7925403e-9,0.048173455,0.00061385955,0.013615242,0.1988165,42.128878,144.23634,0.7932842,47.500415,0.000048562386,"PACK AGB"
"23050","23050","produits céréaliers","gâteaux et pâtisseries","Biscuit de Savoie","Savoy-style sponge cake","2",0,"Ambiant (long)","Pas de préparation",5,0.39067248,2.5795592,0.0000017930712,0.67585681,0.0095902821,2.3672698e-7,4.180739e-8,2.0762965e-9,0.031825025,0.00054065501,0.015239217,0.12929381,66.026017,188.36827,1.1130828,36.037432,0.000053127716,"PACK PROXY"
"10004","10004","viandes, œufs, poissons","mollusques et crustacés cuits","Coquille Saint-Jacques, noix et corail, cuite","Scallop, with coral, cooked","2",0,"Glacé","Four",5,1.6773896000000001,14.634973,3.4894685e-7,0.82869411,0.16932466,0.0000016924834,7.236528e-8,4.1465523e-9,0.21631326,0.001418156,0.062492644,0.59000235,50.549904,36.292725,0.46607884,150.00213,0.000076004842,"PACK PROXY"
"10003","10003","viandes, œufs, poissons","mollusques et crustacés crus","Coquille Saint-Jacques, noix et corail, crue","Scallop, with coral, raw","2",0,"Glacé","Pas de préparation",5,1.3804653999999998,12.229685,2.9222873e-7,0.4927254,0.13936833,0.0000013887729,5.90849e-8,3.4175569e-9,0.17735753,0.0011691214,0.051241339,0.48385965,41.613058,29.820754,0.42927248,123.34808,0.000061603912,"PACK PROXY"
"10045","10045","viandes, œufs, poissons","mollusques et crustacés crus","Coquille Saint-Jacques, noix, crue","Scallop, without coral, raw","2",0,"Glacé","Pas de préparation",5,1.3804653999999998,12.229685,2.9222873e-7,0.4927254,0.13936833,0.0000013887729,5.90849e-8,3.4175569e-9,0.17735753,0.0011691214,0.051241339,0.48385965,41.613058,29.820754,0.42927248,123.34808,0.000061603912,"PACK PROXY"
"25564","25564","entrées et plats composés","pizzas, tartes et crêpes salées","Tarte aux noix de Saint-Jacques","Scallops tart","2",0,"Glacé","Four",5,0.58309035,4.7464817,2.0212731e-7,1.3165533,0.032913345,5.1148444e-7,5.4587209e-8,1.216692e-8,0.065441658,0.00061648811,0.018061037,0.22347003,31.225568,92.508071,0.60587457,65.014139,0.000026386547,"PACK PROXY"
"25228","25228","entrées et plats composés","plats végétariens","Pané soja et blé (ne convient pas aux véganes ou végétaliens)","Schnitzel, soybean and wheat-based (not vegan)","2",0,"Glacé","Poêle",5,0.28235016999999996,2.0179635,6.1283727e-8,1.3427905,0.0072634797,1.4739845e-7,3.2803737e-8,1.9515921e-9,0.018879544,0.00053322765,0.012508277,0.074363036,46.184889,150.65463,0.57159759,47.257827,0.000010470066,"PACK PROXY"
"25229","25229","entrées et plats composés","plats végétariens","Bâtonnet pané soja et blé (convient aux véganes ou végétaliens), préemballée","Schnitzel, soybean and wheat-based (vegan)","2",0,"Glacé","Poêle",5,0.25231046,1.7807504,5.9726613e-8,1.6014027,0.0061302174,1.0127976e-7,2.7218169e-8,1.7518964e-9,0.01213897,0.00050065172,0.010480663,0.042941383,40.524014,130.60356,0.58951193,51.448198,0.0000095721562,"PACK PROXY"
"25230","25230","entrées et plats composés","plats végétariens","Escalope panée, soja, blé et fromage, type cordon bleu, préemballée","Schnitzel, soybean, wheat and cheese-based, cordon bleu-style","2",0,"Glacé","Poêle",5,0.34330822,2.5948786,6.3890397e-8,1.4431394,0.0081866598,2.1382767e-7,4.3715892e-8,2.178738e-9,0.028137246,0.00057415569,0.014406063,0.11358612,49.405846,168.3442,0.63301382,50.61051,0.000011363426,"PACK PROXY"
"20986","20986","aides culinaires et ingrédients divers","algues","Kombu royal (Saccharina latissima), séchée ou déshydratée","Sea belt (Saccharina latissima), dried or dehydrated","2",0,"Ambiant (long)","Pas de préparation",5,1.5467408,12.2005,3.4542267e-7,10.918509,0.057733433,8.3490215e-7,8.1758221e-8,7.301482e-9,0.10955946,0.0025147409,0.015110188,0.14459756,39.9629,32.056889,4.1695191,394.63825,0.000076401245,"PACK PROXY"
"20995","20995","aides culinaires et ingrédients divers","algues","Ao-nori (Enteromorpha sp.), séchée ou déshydratée","Sea lettuce (Enteromorpha sp.), dried or dehydrated","2",0,"Ambiant (long)","Pas de préparation",5,1.5467408,12.2005,3.4542267e-7,10.918509,0.057733433,8.3490215e-7,8.1758221e-8,7.301482e-9,0.10955946,0.0025147409,0.015110188,0.14459756,39.9629,32.056889,4.1695191,394.63825,0.000076401245,"PACK PROXY"
"20985","20985","aides culinaires et ingrédients divers","algues","Laitue de mer (Ulva sp.), séchée ou déshydratée","Sea lettuce (ulva sp.), dried or dehydrated)","2",0,"Ambiant (long)","Pas de préparation",5,1.5199106,11.997799,3.4245099e-7,10.916084,0.053612038,8.2793619e-7,8.105209e-8,7.2588381e-9,0.10413826,0.0025048177,0.013751618,0.12951886,39.754891,31.710309,4.1626904,392.11548,0.000076152516,"PACK PROXY"
"11083","11083","aides culinaires et ingrédients divers","sels","Sel marin gris, non iodé, non fluoré","Sea salt, grey, no enrichment","2",0,"Ambiant (long)","Pas de préparation",5,0.06970252,0.62215974,9.875192e-9,0.10588204,0.0024921706,4.3471095e-8,1.1124069e-8,2.30345e-10,0.0031331028,0.00025803298,0.0008393533,0.0075961457,4.2030725,14.306697,0.20604438,9.1593542,0.000010816264,"PACK PROXY"
"20992","20992","aides culinaires et ingrédients divers","algues","Haricot de mer (Himanthalia elongata), séchée ou déshydratée","Sea thong (Himanthalia elongata), dried or dehydrated","2",0,"Ambiant (long)","Pas de préparation",5,1.5199106,11.997799,3.4245099e-7,10.916084,0.053612038,8.2793619e-7,8.105209e-8,7.2588381e-9,0.10413826,0.0025048177,0.013751618,0.12951886,39.754891,31.710309,4.1626904,392.11548,0.000076152516,"PACK PROXY"
"26092","26092","viandes, œufs, poissons","poissons crus","Truite de mer, crue","Sea trout, raw","2",0,"Glacé","Pas de préparation",5,1.3912301,6.1637887,0.0000015637809,1.7664622,0.027860213,3.3249018e-7,6.5895073e-8,2.8068557e-9,0.037442718,0.021197659,0.10136837,0.12879571,100.73621,109.0537,36.396785,98.401224,0.000057816697,"PACK PROXY"
"8292","8292","viandes, œufs, poissons","produits à base de poissons et produits de la mer","Terrine de fruits de mer, avec ou sans poisson","Seafood terrine, with or without fish","2",0,"Glacé","Pas de préparation",5,1.4171839,9.0285891,0.0000019594363000000002,0.72385462,0.15002669,0.000001651805,5.6111301e-8,6.5220855e-9,0.21502263,0.00052869086,0.054673572,0.60692467,30.649283,77.470198,0.54801422,120.77767,0.000066128535,"PACK PROXY"
"11084","11084","aides culinaires et ingrédients divers","algues","Agar (algue), cru","Seaweed, agar, raw","2",0,"Ambiant (long)","Pas de préparation",5,1.5467408,12.2005,3.4542267e-7,10.918509,0.057733433,8.3490215e-7,8.1758221e-8,7.301482e-9,0.10955946,0.0025147409,0.015110188,0.14459756,39.9629,32.056889,4.1695191,394.63825,0.000076401245,"PACK PROXY"
"15047","15047","fruits, légumes, légumineuses et oléagineux","fruits à coque et graines oléagineuses","Chia, graine, séchée","Seeds, chia, dried","2",0,"Ambiant (long)","Pas de préparation",5,0.76991004,3.3825636,3.7097461e-8,0.24007886,0.015999719,6.9497095e-7,3.476501e-7,2.7545994e-9,0.098362173,0.0027285561,0.056210577,0.42583209,33.846811,531.31623,5.7788764,31.241106,0.000015759743,"PACK PROXY"
"25598","25598","viandes, œufs, poissons","substituts de viande","Seitan, préemballé","Seitan","2",0,"Glacé","Poêle",5,0.20834197,1.8340434,6.1591723e-8,0.89658741,0.0060300149,1.0516834e-7,2.1601942e-8,1.1180088e-9,0.012343231,0.0004197632,0.0075740313,0.047996495,16.388119,81.695731,0.49991847,38.3005,0.0000086893187,"PACK PROXY"
"12845","12845","lait et produits laitiers","fromages","Selles-sur-Cher (fromage de chèvre)","Selles-sur-Cher cheese, from goat's milk","2",0,"Glacé","Pas de préparation",5,0.90980881,6.636636,0.0000012646286,0.75329338,0.012989787,0.0000010127964,7.7911804e-8,2.7507285e-9,0.14429278,0.00079377028,0.028176432,0.627403,44.207457,459.11831,1.9515839,42.845958,0.000045668355,"PACK AGB"
"12827","12827","lait et produits laitiers","fromages","Fromage de brebis à pâte pressée","Semi-hard cheese, from ewe's milk","2",0,"Glacé","Pas de préparation",5,0.5595479999999999,4.2540609,0.000001394435,0.72337314,0.0099212688,5.6409821e-7,8.1020556e-8,2.0719777e-9,0.075570726,0.00056448628,0.013830636,0.32706344,13.969252,286.09244,0.52136072,37.777506,0.000043491484,"PACK AGB"
"23535","23535","lait et produits laitiers","produits laitiers frais et assimilés","Gâteau de semoule, appertisé","Semolina pudding, canned","2",0,"Ambiant (long)","Pas de préparation",5,0.18270882,1.6349797,4.2399135e-8,0.57749688,0.0043969021,1.3632895e-7,2.3500493e-8,7.3453773e-10,0.017218248,0.00023938962,0.0057875499,0.069384468,14.419628,57.499036,0.50350928,25.425164,0.0000057696488,"PACK AGB"
"39218","39218","lait et produits laitiers","produits laitiers frais et assimilés","Semoule au lait, rayon frais","Semolina pudding, refrigerated","2",0,"Glacé","Pas de préparation",5,0.17897816,1.6209371,4.907961e-8,0.63933515,0.0044101648,1.3350472e-7,2.2635037e-8,5.9372872e-10,0.016822175,0.00023088621,0.0049981718,0.068265201,10.558759,45.534586,0.50671997,26.063898,0.0000059981132,"PACK AGB"
"23534","23534","lait et produits laitiers","produits laitiers frais et assimilés","Gâteau de semoule aux raisins et caramel, rayon frais","Semolina pudding, with raisins and caramel sauce, refrigerated","2",0,"Glacé","Pas de préparation",5,0.17897816,1.6209371,4.907961e-8,0.63933515,0.0044101648,1.3350472e-7,2.2635037e-8,5.9372872e-10,0.016822175,0.00023088621,0.0049981718,0.068265201,10.558759,45.534586,0.50671997,26.063898,0.0000059981132,"PACK AGB"
"28845","28845","viandes, œufs, poissons","charcuteries","Jambon sec Serrano","Serrano dry-cured ham","2",0,"Glacé","Pas de préparation",5,1.7222452,13.104505,0.0000023556606,3.9775734,0.033370567,0.0000014160903,1.5274149e-7,7.8571734e-9,0.19810958,0.0019849859,0.054670885,0.82984285,349.88475,660.68769,3.1054866,149.68558,0.000095582084,"PACK AGB"
"17400","17400","matières grasses","huiles et graisses végétales","Huile de sésame","Sesame oil","2",0,"Ambiant (long)","Pas de préparation",5,0.48314158,4.577577,9.4437809e-8,0.41378868,0.01614374,3.4168927e-7,5.2419834e-8,2.1908114e-9,0.043186825,0.00069762314,0.019500224,0.1685331,97.020182,373.63135,0.85350453,42.132119,0.000012998071,"PACK AGB"
"15010","15010","fruits, légumes, légumineuses et oléagineux","fruits à coque et graines oléagineuses","Sésame, graine","Sesame seed","2",0,"Ambiant (long)","Pas de préparation",5,0.73950101,3.1794229,2.9378789e-7,0.14625017,0.027945463,2.3099194e-7,0.0000023007472,2.007546e-8,0.039634897,0.00062432741,0.014943659,0.17042236,14.698434,54.588648,4.3948165,40.301898,0.000016614611,"PACK PROXY"
"15038","15038","fruits, légumes, légumineuses et oléagineux","fruits à coque et graines oléagineuses","Sésame, grillé, graine décortiquée","Sesame seed, grilled, husked","2",0,"Ambiant (long)","Pas de préparation",5,1.4922426,6.6819985,5.8788691e-7,0.29281686,0.056230471,4.6441561e-7,0.0000046046532,4.0215689e-8,0.07947448,0.0013048416,0.030261648,0.34171851,30.861644,109.42689,8.8057506,80.81784,0.00003327989,"PACK PROXY"
"15035","15035","fruits, légumes, légumineuses et oléagineux","fruits à coque et graines oléagineuses","Sésame, graine décortiquée","Sesame seed, husked","2",0,"Ambiant (long)","Pas de préparation",5,1.4922426,6.6819985,5.8788691e-7,0.29281686,0.056230471,4.6441561e-7,0.0000046046532,4.0215689e-8,0.07947448,0.0013048416,0.030261648,0.34171851,30.861644,109.42689,8.8057506,80.81784,0.00003327989,"PACK PROXY"
"20255","20255","fruits, légumes, légumineuses et oléagineux","légumes","Échalote, cuite","Shallot, cooked","2",0,"Ambiant (moyen)","Cuisson à l'eau",5,0.15631724,1.1727407,4.4158915e-8,0.20641516,0.0038770835,4.4848932e-8,1.0912461e-8,4.058702e-8,0.003830922,0.00010557785,0.0032741983,0.012110514,12.02011,44.000934,0.63666644,19.398162,0.0000056145886,"PACK AGB"
"20097","20097","fruits, légumes, légumineuses et oléagineux","légumes","Échalote, crue","Shallot, raw","2",0,"Ambiant (moyen)","Pas de préparation",5,0.082859537,0.39101922,1.7316269e-8,0.041850926,0.0014015906,2.2197417e-8,4.9490651e-9,3.4255367e-8,0.0017862105,-0.000029899319,0.0022906062,0.0063067361,8.339318,31.598558,0.37097813,4.7259183,0.000002115083,"PACK AGB"
"26233","26233","viandes, œufs, poissons","poissons crus","Merlu blanc du Cap, surgelé, cru","Shallow-water Cape hake, raw","2",0,"Glacé","Pas de préparation",5,1.2693234,8.191961,0.0000017559296,0.29294402,0.14264098,0.0000014687095,3.6465522e-8,3.3021241e-9,0.18874077,0.0011955098,0.046483784,0.5068258,12.616263,13.919123,0.49662484,112.14715,0.00006495965,"PACK PROXY"
"5004","5004","boissons","boisson alcoolisées","Panaché (limonade et bière)","Shandy (beer + lemonade)","2",0,"Glacé","Réfrigéré chez le consommateur",5,0.11719843,1.2421799,5.8720763e-8,0.42800256,0.0047235804,7.0000318e-8,1.0032131e-8,3.190396e-10,0.0062907376,0.00014598902,0.0020050589,0.019274399,12.637966,17.596885,0.33583023,22.914871,0.0000042756525,"PACK PROXY"
"5005","5005","boissons","boisson alcoolisées","Panaché préemballé (<1° alc.)","Shandy, prepacked (<1° alcohol)","2",0,"Glacé","Réfrigéré chez le consommateur",5,0.11719843,1.2421799,5.8720763e-8,0.42800256,0.0047235804,7.0000318e-8,1.0032131e-8,3.190396e-10,0.0062907376,0.00014598902,0.0020050589,0.019274399,12.637966,17.596885,0.33583023,22.914871,0.0000042756525,"PACK PROXY"
"26162","26162","viandes, œufs, poissons","poissons crus","Requin, cru","Shark, raw","2",0,"Glacé","Pas de préparation",5,1.9688571000000001,12.188752,0.0000017640754,0.28003355,0.23912983,0.0000024713049,4.7505226e-8,5.4092627e-9,0.31970158,0.00052943654,0.078563124,0.85806833,12.058341,16.31433,0.39493123,161.74181,0.000065558231,"PACK PROXY"
"19250","19250","lait et produits laitiers","laits","Lait de brebis, entier","Sheep milk, whole","2",0,"Ambiant (long)","Pas de préparation",5,0.52686274,13.108859,2.1995115e-8,0.28889499,0.0036539183,2.2846678e-7,3.3790418e-8,8.078762e-10,0.032165671,0.00014176629,0.0054532378,0.14113782,5.4357164,122.68987,0.16623676,12.685028,0.0000050345452,"PACK AGB"
"21004","21004","viandes, œufs, poissons","viandes crues","Mouton, pied, cru","Sheep, foot, raw","2",0,"Glacé","Pas de préparation",5,2.6104642,19.845632,1.050082e-7,0.62208646,0.038173018,0.0000032174754,4.470845e-7,9.8588247e-9,0.47347924,0.0010636776,0.097171525,2.1071514,89.482003,1573.3052,2.3681387,54.284318,0.000032555888,"PACK AGB"
"21005","21005","viandes, œufs, poissons","viandes crues","Mouton, tête, crue","Sheep, head, raw","2",0,"Glacé","Pas de préparation",5,2.6104642,19.845632,1.050082e-7,0.62208646,0.038173018,0.0000032174754,4.470845e-7,9.8588247e-9,0.47347924,0.0010636776,0.097171525,2.1071514,89.482003,1573.3052,2.3681387,54.284318,0.000032555888,"PACK AGB"
"25009","25009","entrées et plats composés","plats composés","Hachis Parmentier à la viande","Shepherd's pie or cottage pie with meat","2",0,"Glacé","Micro-onde",5,1.7607285,11.710033,7.0539619e-8,1.0562891,0.018858856,0.0000010474965,0.0000039249615,2.2715299e-8,0.15093911,0.00089070258,0.048515523,0.65815142,72.483181,1332.1058,1.7139845,51.922616,0.000020677433,"PACK AGB"
"25195","25195","entrées et plats composés","plats composés","Parmentier de canard","Shepherd's pie with duck","2",0,"Glacé","Micro-onde",5,0.40395766,2.9834312,5.8099741e-8,0.94566315,0.0083295015,3.8579411e-7,4.4351068e-8,3.2430836e-9,0.053514925,0.00046474547,0.012734661,0.22771286,37.788596,136.42493,0.68263592,40.960755,0.00001090253,"PACK AGB"
"25587","25587","entrées et plats composés","plats composés","Parmentier de canard, cuit","Shepherd's pie with duck, cooked","2",0,"Glacé","Micro-onde",5,0.40395766,2.9834312,5.8099741e-8,0.94566315,0.0083295015,3.8579411e-7,4.4351068e-8,3.2430836e-9,0.053514925,0.00046474547,0.012734661,0.22771286,37.788596,136.42493,0.68263592,40.960755,0.00001090253,"PACK AGB"
"23415","23415","produits céréaliers","farines et pâtes à tarte","Pâte brisée, pur beurre, surgelée, crue","Short crust pastry, pure butter, frozen, raw","2",0,"Congelé","Four",5,0.36774018,3.0697857,4.649211e-8,1.4199813,0.0079551934,2.7564964e-7,5.1957658e-8,1.5305335e-9,0.038611193,0.00036119201,0.011644127,0.16123004,26.545958,118.24658,0.6065868,47.952457,0.000015133242,"PACK PROXY"
"23414","23414","produits céréaliers","farines et pâtes à tarte","Pâte brisée, pur beurre, crue","Short crust pastry, pure butter, raw","2",0,"Glacé","Four",5,0.36774083999999996,3.1572283,4.7166697e-8,1.2192168,0.0081528717,2.8574928e-7,5.2510924e-8,1.5681952e-9,0.040068618,0.00035427936,0.012122756,0.1682811,27.508791,123.37992,0.61668419,44.220719,0.000013646705,"PACK PROXY"
"23410","23410","produits céréaliers","farines et pâtes à tarte","Pâte brisée, crue","Short crust pastry, raw","2",0,"Glacé","Four",5,0.36774083999999996,3.1572283,4.7166697e-8,1.2192168,0.0081528717,2.8574928e-7,5.2510924e-8,1.5681952e-9,0.040068618,0.00035427936,0.012122756,0.1682811,27.508791,123.37992,0.61668419,44.220719,0.000013646705,"PACK PROXY"
"24070","24070","produits céréaliers","céréales de petit-déjeuner et biscuits","Sablé à la noix de coco","Shortbread cookie w coconut","2",0,"Ambiant (long)","Pas de préparation",5,0.32118829,2.5337666,2.9691597e-8,0.57842917,0.0076578634,2.4493582e-7,4.2806683e-8,2.1743803e-9,0.033625972,0.00030856198,0.014425991,0.14108892,37.216243,125.38921,3.3342222,27.956891,0.0000079117511,"PACK PROXY"
"24080","24080","produits céréaliers","céréales de petit-déjeuner et biscuits","Sablé au cacao ou chocolat, au praliné ou autre","Shortbread cookie with cocoa or chocolate, or praline or other","2",0,"Ambiant (long)","Pas de préparation",5,0.44863709,5.7199523,3.2921523e-8,0.60015837,0.011734695,2.9743509e-7,4.1249549e-8,2.5812339e-9,0.040161079,0.00059407713,0.019013622,0.16998204,32.524009,237.46651,0.90597202,34.086305,0.0000087723392,"PACK PROXY"
"24072","24072","produits céréaliers","céréales de petit-déjeuner et biscuits","Sablé aux fruits (pomme, fruits rouges, etc.)","Shortbread cookie with fruit (apple, red berries, etc.)","2",0,"Ambiant (long)","Pas de préparation",5,0.28406900999999996,2.3336932,3.1305425e-8,0.67477944,0.0066435779,2.3723453e-7,3.1903751e-8,1.1846112e-9,0.032529681,0.00028721924,0.010942818,0.13780776,26.891301,105.01852,1.0280017,29.892524,0.0000079979577,"PACK PROXY"
"23442","23442","produits céréaliers","farines et pâtes à tarte","Pâte sablée, cuite","Shortbread dough, cooked","2",0,"Glacé","Four",5,0.37482911999999996,3.1113817,4.8303331e-8,1.2216153,0.0085750093,2.9013194e-7,4.6554321e-8,1.5430728e-9,0.040352174,0.00038930641,0.012695945,0.16904766,30.586458,125.69761,0.9963777,45.317556,0.000014171157,"PACK PROXY"
"23448","23448","produits céréaliers","farines et pâtes à tarte","Pâte sablée pur beurre, cuite","Shortbread dough, pure butter, cooked","2",0,"Glacé","Four",5,0.37482911999999996,3.1113817,4.8303331e-8,1.2216153,0.0085750093,2.9013194e-7,4.6554321e-8,1.5430728e-9,0.040352174,0.00038930641,0.012695945,0.16904766,30.586458,125.69761,0.9963777,45.317556,0.000014171157,"PACK PROXY"
"23446","23446","produits céréaliers","farines et pâtes à tarte","Pâte sablée pur beurre, surgelée, crue","Shortbread dough, pure butter, frozen, raw","2",0,"Congelé","Four",5,0.37451470000000003,3.0259686,4.7578431e-8,1.4222737,0.0083586448,2.798383e-7,4.6264727e-8,1.5065231e-9,0.038882198,0.00039466856,0.012191943,0.16196267,29.48739,120.46168,0.96947295,49.000742,0.000015634479,"PACK PROXY"
"23444","23444","produits céréaliers","farines et pâtes à tarte","Pâte sablée pur beurre, crue","Shortbread dough, pure butter, raw","2",0,"Glacé","Four",5,0.37482911999999996,3.1113817,4.8303331e-8,1.2216153,0.0085750093,2.9013194e-7,4.6554321e-8,1.5430728e-9,0.040352174,0.00038930641,0.012695945,0.16904766,30.586458,125.69761,0.9963777,45.317556,0.000014171157,"PACK PROXY"
"23440","23440","produits céréaliers","farines et pâtes à tarte","Pâte sablée, crue","Shortbread dough, raw","2",0,"Glacé","Four",5,0.37482911999999996,3.1113817,4.8303331e-8,1.2216153,0.0085750093,2.9013194e-7,4.6554321e-8,1.5430728e-9,0.040352174,0.00038930641,0.012695945,0.16904766,30.586458,125.69761,0.9963777,45.317556,0.000014171157,"PACK PROXY"
"24071","24071","produits céréaliers","céréales de petit-déjeuner et biscuits","Sablé pâtissier","Shortbread pastry biscuit","2",0,"Ambiant (long)","Pas de préparation",5,0.33022243,2.8055279,3.2077757e-8,0.60478175,0.0073384831,2.945321e-7,4.1298645e-8,1.4351051e-9,0.04108955,0.00030227458,0.012844717,0.17524883,29.962869,127.05586,0.96691824,28.928781,0.0000085873924,"PACK PROXY"
"10023","10023","viandes, œufs, poissons","produits à base de poissons et produits de la mer","Beignet de crevette","Shrimp fritters","2",0,"Glacé","Four",5,0.8576006,7.41193,0.0000021465624,1.4597194,0.028615953,4.4371776e-7,1.8238868e-7,4.4880327e-9,0.046762767,0.0039269633,0.044842087,0.14481127,94.183966,209.04815,3.0984492,97.759361,0.000067409853,"PACK AGB"
"10007_2","10007","viandes, œufs, poissons","mollusques et crustacés cuits","Crevette, cuite","Shrimp or prawn, cooked","2",0,"Glacé","Poêle",5,2.0100258,18.745457,0.0000021223208,2.9110469,0.074114826,0.0000011111436,4.906901e-7,1.139671e-8,0.10900612,0.0099293759,0.11751948,0.32048732,222.76693,489.67621,8.3338156,236.29694,0.000071697229,"PACK AGB"
"10007_1","10007_1","viandes, œufs, poissons","produits à base de poissons et produits de la mer","Crevette, cuite","Shrimp or prawn, farmed, cooked at plant","2",0,"Glacé","Pas de préparation",5,1.3358795,12.474837,0.0000014187916,1.8530229,0.049460279,7.4249658e-7,3.2783898e-7,7.5835863e-9,0.072772801,0.0066363825,0.078588355,0.21400846,148.54403,325.70846,5.5741369,155.15605,0.000047149444,"PACK AGB"
"10021","10021","viandes, œufs, poissons","mollusques et crustacés crus","Crevette, crue","Shrimp or prawn, raw","2",0,"Glacé","Pas de préparation",5,1.5049810000000001,14.341689,0.0000016172878,0.9663528,0.057427021,8.4792345e-7,3.8957332e-7,8.9132722e-9,0.085369656,0.0078715713,0.093714662,0.25193444,176.23091,378.37879,6.5512381,150.40365,0.000055234264,"PACK PROXY"
"10038","10038","viandes, œufs, poissons","mollusques et crustacés crus","Crevette, surgelée, crue","Shrimp, frozen, raw","2",0,"Congelé","Pas de préparation",5,1.5214139,14.413424,0.0000015947307,1.0329109,0.056724062,8.4417292e-7,3.8775083e-7,8.8145681e-9,0.085714001,0.0086645465,0.095073193,0.25080877,183.97803,379.59837,6.6093519,147.05715,0.000055678311,"PACK PROXY"
"26068","26068","viandes, œufs, poissons","poissons crus","Thon listao ou Bonite à ventre rayé, cru","Skipjack tuna, raw","2",0,"Glacé","Pas de préparation",5,0.78673671,5.0403899,0.0000015846842,0.2395759,0.086475458,8.9107706e-7,2.5604037e-8,2.0441448e-9,0.1143714,0.00031100422,0.028237912,0.3073685,6.8245175,8.843072,0.25833164,69.008993,0.000055850082,"PACK PROXY"
"25437","25437","entrées et plats composés","plats composés","Gougère","Small cheese chou-pastry puff","2",0,"Glacé","Micro-onde",5,0.43165689,3.5119927,0.0000015072808,0.89878101,0.01014596,3.0311216e-7,5.4857327e-8,1.7704437e-9,0.040212753,0.00058172209,0.012769342,0.16495739,40.128793,134.72063,0.69121519,44.659087,0.000047057296,"PACK AGB"
"30125","30125","viandes, œufs, poissons","charcuteries","Saucisse alsacienne fumée ou Gendarme","Smoked Alsatian sausage or Landjäger","2",0,"Glacé","Four",5,0.74941617,5.7613505,8.1096664e-8,1.8568895,0.014993052,6.3330396e-7,6.9739834e-8,3.5150414e-9,0.088809496,0.00085268282,0.024675188,0.37218243,155.973,296.77154,1.4875134,69.023236,0.000024527575,"PACK AGB"
"28725","28725","viandes, œufs, poissons","charcuteries","Lardon fumé, cuit","Smoked lardoons, cooked","2",0,"Glacé","Four",5,0.9721410199999999,7.3402355,0.0000019723219,1.9088546,0.019575156,7.7355005e-7,8.8527373e-8,4.3488597e-9,0.10727325,0.001168452,0.029664674,0.44605324,187.86995,356.4601,1.7901137,82.680743,0.000075216848,"PACK AGB"
"28720","28720","viandes, œufs, poissons","charcuteries","Lardon fumé, cru","Smoked lardoons, raw","2",0,"Glacé","Pas de préparation",5,0.74369563,5.7409203,0.0000015593017,1.1016986,0.015222649,6.0781894e-7,6.7180018e-8,3.3906211e-9,0.084392456,0.00088792049,0.023382855,0.35226435,148.30187,281.66142,1.389135,56.35361,0.00005619377,"PACK AGB"
"2500","2500","boissons","boissons sans alcool","Smoothie","Smoothie","2",0,"Glacé","Réfrigéré chez le consommateur",5,0.12443053,0.86240622,5.4046069e-7,0.60959912,0.0034614051,5.2234562e-8,1.3186793e-8,3.1136866e-10,0.0058464322,0.00015241792,0.0025392118,0.021624256,11.235343,21.586697,0.63364386,22.344577,0.000018165926,"PACK PROXY"
"10042","10042","viandes, œufs, poissons","produits à base de poissons et produits de la mer","Escargot en sauce au beurre persillé, cuit","Snail in parsley butter, cooked","2",0,"Congelé","Four",5,0.49662034,4.2650856,5.4075826e-8,1.7893236,0.010230107,3.9672982e-7,7.7307408e-8,3.528441e-9,0.055543405,0.00064988953,0.014650186,0.23034805,35.372724,140.45909,0.72064201,57.222801,0.00001795707,"PACK PROXY"
"25399","25399","entrées et plats composés","feuilletées et autres entrées","Feuilleté aux escargots","Snails in puff pastry","2",0,"Glacé","Four",5,0.36994657000000003,3.3788989,4.9853224e-8,1.1582604,0.0084337554,2.8180774e-7,5.3844117e-8,2.520596e-9,0.039418099,0.00045467984,0.010237037,0.16242285,24.565307,94.974179,0.64723716,46.33434,0.000013243879,"PACK PROXY"
"26147","26147","viandes, œufs, poissons","poissons cuits","Vivaneau, cuit","Snapper, cooked","2",0,"Glacé","Four",5,1.0591788999999998,5.8967576,0.0000019314106,0.83418028,0.085340557,8.9579959e-7,1.030716e-7,2.8977696e-9,0.11548792,0.00091970117,0.027706065,0.299188,18.758521000000002,15.701564,0.53148019,91.064898,0.00021198868,"PACK PROXY"
"26146","26146","viandes, œufs, poissons","poissons crus","Vivaneau, cru","Snapper, raw","2",0,"Glacé","Pas de préparation",5,0.8406778899999999,4.7571689,0.0000015796852,0.25965509,0.069608091,7.2894242e-7,8.141288e-8,2.3194108e-9,0.094036502,0.00071488886,0.022586923,0.2441613,14.931256,12.327168,0.40636961,65.167452,0.0001701467,"PACK PROXY"
"20216","20216","fruits, légumes, légumineuses et oléagineux","légumes","Pois mange-tout ou pois gourmand, bouilli/cuit à l'eau","Snow pea, boiled/cooked in water","2",0,"Ambiant (moyen)","Cuisson à l'eau",5,0.21924712999999998,1.898997,6.3876301e-8,0.2894987,0.0057806436,6.4497823e-8,2.6697508e-8,2.5980539e-9,0.0058209858,0.00066573749,0.020031281,0.018398561,29.228694,295.99305,0.40027573,26.429408,0.0000097986449,"PACK AGB"
"20243","20243","fruits, légumes, légumineuses et oléagineux","légumes","Pois mange-tout ou pois gourmands, cuits","Snow pea, cooked","2",0,"Ambiant (moyen)","Cuisson à l'eau",5,0.21924712999999998,1.898997,6.3876301e-8,0.2894987,0.0057806436,6.4497823e-8,2.6697508e-8,2.5980539e-9,0.0058209858,0.00066573749,0.020031281,0.018398561,29.228694,295.99305,0.40027573,26.429408,0.0000097986449,"PACK AGB"
"20173","20173","fruits, légumes, légumineuses et oléagineux","légumes","Pois mange-tout ou pois gourmand, cru","Snow pea, raw","2",0,"Ambiant (moyen)","Pas de préparation",5,0.13246025,0.94803608,3.2315813e-8,0.10873088,0.0028281616,3.7394552e-8,1.8021954e-8,2.067072e-9,0.0033461439,0.00043483163,0.016598358,0.011298134,22.917851,246.93951,0.15194811,9.752962,0.0000054936144,"PACK AGB"
"11507","11507","aides culinaires et ingrédients divers","ingrédients divers","Bicarbonate de soude","Sodium bicarbonate","2",0,"Ambiant (long)","Pas de préparation",5,0.21400925,1.3030505,1.520971e-8,0.16265467,0.0047470149,1.3446784e-7,2.6939807e-8,5.5524628e-10,0.015491205,0.00067811476,0.0022049314,0.043399243,84.184034,16.601209,1.9917488,16.436848,0.000031961895,"PACK PROXY"
"23939","23939","produits céréaliers","gâteaux et pâtisseries","Gâteau moelleux fourré au chocolat ou aux pépites de chocolat ou au lait","Soft cake filled with chocolate or chocolate drops or milk","2",0,"Ambiant (long)","Pas de préparation",5,0.66659455,10.033274,0.000001785772,0.66268182,0.018572414,2.674683e-7,3.458081e-8,4.2136173e-9,0.032631027,0.00116757,0.027577623,0.13219171,35.147725,386.40367,0.98540435,46.948557,0.000051988435,"PACK PROXY"
"23941","23941","produits céréaliers","gâteaux et pâtisseries","Gâteau moelleux fourré aux fruits type mini-roulé ou mini-cake fourré","Soft cake filled with fruits, mini sponge roll type","2",0,"Ambiant (long)","Pas de préparation",5,0.37836222,2.7236595,0.0000017960238,0.65437686,0.0085248988,2.3762577e-7,3.7232358e-8,1.2154191e-9,0.030116658,0.00078539508,0.0097029111,0.12073305,30.599685,82.912608,1.3420936,42.555647,0.000058808937,"PACK PROXY"
"23938","23938","produits céréaliers","gâteaux et pâtisseries","Gâteau moelleux aux fruits à coque","Soft cake with nuts","2",0,"Ambiant (long)","Pas de préparation",5,0.65338315,5.7242534,0.0000018540368,0.73937286,0.020180914,4.1275308e-7,7.2482254e-8,2.6676306e-9,0.046165332,0.00088355587,0.014846701,0.175214,66.729821,203.61019,2.7220446,72.151293,0.000086253704,"PACK PROXY"
"24680","24680","produits céréaliers","céréales de petit-déjeuner et biscuits","Biscuit moelleux fourré à l'orange et enrobé de sucre glace","Soft cake, filled with fruit paste or fruit puree and sugar icing coated","2",0,"Ambiant (long)","Pas de préparation",5,0.34326928,2.8057275,2.981647e-7,0.58558572,0.0080639051,2.364903e-7,3.8941567e-8,1.4423892e-9,0.03153569,0.00041604715,0.010495638,0.13136638,104.44723,99.128354,1.8924493,37.384974,0.000010616607,"PACK PROXY"
"23594","23594","produits céréaliers","gâteaux et pâtisseries","Gâteau moelleux nature type génoise","Soft cake, plain, sponge cake type","2",0,"Ambiant (long)","Pas de préparation",5,0.36819839,2.7275617,0.0000017834687,0.62345926,0.0077462791,2.6545509e-7,3.7476536e-8,1.3468735e-9,0.035974832,0.0003636667,0.011580294,0.14942011,32.425009,111.13759,0.96151424,32.469329,0.000051194702,"PACK PROXY"
"31081","31081","produits sucrés","confiseries non chocolatées","Bonbon au caramel, mou","Soft caramel candy","2",0,"Ambiant (long)","Pas de préparation",5,0.26346408,1.9254339,7.2621373e-7,0.52768072,0.0055264883,1.6073414e-7,2.1672189e-8,9.0531589e-10,0.020228016,0.00045961047,0.00849266,0.081266953,41.696605,73.324562,2.3663537,25.961042,0.000029716876,"PACK PROXY"
"18026","18026","boissons","boissons sans alcool","Boisson gazeuse, sans jus de fruit, sucrée","Soft drink, carbonated, without fruit juice, with sugar","2",0,"Glacé","Pas de préparation",5,0.071651759,0.51481871,4.2542804e-7,0.21932514,0.0019784286,3.5390217e-8,4.9489947e-9,1.5340409e-10,0.0036230421,0.000094904744,0.0010028054,0.013088428,8.9145576,13.418356,0.30207958,10.56034,0.000013150697,"PACK PROXY"
"18078","18078","boissons","boissons sans alcool","Boisson gazeuse, sans jus de fruit, sucrée, avec édulcorants","Soft drink, carbonated, without fruit juice, with sugar and artificial sweetener(s)","2",0,"Glacé","Pas de préparation",5,0.071651759,0.51481871,4.2542804e-7,0.21932514,0.0019784286,3.5390217e-8,4.9489947e-9,1.5340409e-10,0.0036230421,0.000094904744,0.0010028054,0.013088428,8.9145576,13.418356,0.30207958,10.56034,0.000013150697,"PACK PROXY"
"12824","12824","lait et produits laitiers","fromages","Fromage de brebis à pâte molle et croûte fleurie","Soft ripened cheese with bloomy rind, from ewe's milk, Camembert-type cheese","2",0,"Glacé","Pas de préparation",5,0.55380422,4.2824252,4.5545568e-8,0.6859542,0.0091486651,6.1997945e-7,9.0923535e-8,2.2539346e-9,0.088511064,0.00053481269,0.016037017,0.38800585,15.30327,336.49358,0.39999624,30.196079,0.000011136651,"PACK AGB"
"12050","12050","lait et produits laitiers","fromages","Fromage à pâte molle et croûte mixte (lavée et fleurie) colorée","Soft -ripened washed, bloomy and coloured rind cheese","2",0,"Glacé","Pas de préparation",5,0.5307296499999999,4.7211035,0.0000012526977,0.54025932,0.010746323,4.7235917e-7,8.1083657e-8,2.0973241e-9,0.06633493,0.00057900384,0.016337535,0.27939332,41.582211,160.31763,0.55749001,34.13067,0.000040797863,"PACK AGB"
"23851","23851","produits céréaliers","gâteaux et pâtisseries","Gaufre moelleuse (type bruxelloise ou liégeoise), nature ou sucrée, préemballée","Soft waffle (Brussels-style), plain or with sugar, prepacked","2",0,"Ambiant (long)","Pas de préparation",5,0.26669003,2.1809692,2.5431326e-8,0.58554732,0.0060037035,2.3372534e-7,3.1730882e-8,1.1447008e-9,0.032310216,0.0002607799,0.010518959,0.13747734,25.619547,102.5603,0.87406742,24.888379,0.0000070955152,"PACK PROXY"
"23852","23852","produits céréaliers","gâteaux et pâtisseries","Gaufre moelleuse (type bruxelloise ou liégeoise), chocolatée, préemballée","Soft waffle (Brussels-style), with chocolate, prepacked","2",0,"Ambiant (long)","Pas de préparation",5,0.39779401,5.2062225,2.6661234e-8,0.60334966,0.01035261,2.5357106e-7,3.4027772e-8,2.2932464e-9,0.033832717,0.0005684457,0.017109456,0.14324267,25.033788,212.84247,0.88027128,30.694964,0.000007519213,"PACK PROXY"
"12003","12003","lait et produits laitiers","fromages","Fromage à pâte molle et croûte fleurie (type camembert)","Soft-ripened cheese with bloomy rind (Camembert-type cheese)","2",0,"Glacé","Pas de préparation",5,0.47292865,4.3383295,4.3900904e-8,0.4892538,0.009357015,4.7481699e-7,8.0162857e-8,2.0718519e-9,0.067983739,0.00047865328,0.016660167,0.28989102,41.973876,165.88649,0.4903012,25.631803,0.000010692206,"PACK AGB"
"12820","12820","lait et produits laitiers","fromages","Fromage de chèvre à pâte molle et croûte fleurie type camembert","Soft-ripened cheese with bloomy rind, from goat's milk, Camembert-type cheese","2",0,"Glacé","Pas de préparation",5,0.9880727,7.2316819,6.5208394e-8,0.76479074,0.013287134,0.0000011860959,8.7092533e-8,3.1111543e-9,0.17026615,0.00077511066,0.032920872,0.74479798,50.683522,544.71536,2.2152741,38.864915,0.000017833963,"PACK AGB"
"12008","12008","lait et produits laitiers","fromages","Fromage à pâte molle double crème environ 30% MG","Soft-ripened cheese, double cream, around 30% fat","2",0,"Glacé","Pas de préparation",5,0.53190601,4.6958786,0.0000012486368,0.53796051,0.010601429,4.7626967e-7,8.1901699e-8,2.1172308e-9,0.06746673,0.00057011522,0.016578621,0.28474286,42.138166,162.9948,0.56086292,32.973743,0.000040598726,"PACK AGB"
"12814","12814","lait et produits laitiers","fromages","Fromage de chèvre à pâte molle non pressée non cuite croûte naturelle, au lait pasteurisé","Soft-ripened cheese, from goat's milk, from pasteurised milk","2",0,"Glacé","Pas de préparation",5,1.0574085000000002,7.6825242,0.0000012701485,0.81172703,0.014697633,0.0000011995871,9.0839991e-8,3.202125e-9,0.17156541,0.00086659644,0.033229308,0.74759876,51.916969,546.20952,2.2971211,46.265558,0.000047906418,"PACK AGB"
"12033","12033","lait et produits laitiers","fromages","Fromage à pâte molle triple crème environ 40% MG","Soft-ripened cheese, triple cream, around 40% fat","2",0,"Glacé","Pas de préparation",5,0.5307296499999999,4.7211035,0.0000012526977,0.54025932,0.010746323,4.7235917e-7,8.1083657e-8,2.0973241e-9,0.06633493,0.00057900384,0.016337535,0.27939332,41.582211,160.31763,0.55749001,34.13067,0.000040797863,"PACK AGB"
"12009","12009","lait et produits laitiers","fromages","Fromage rond à pâte molle et croûte fleurie 5 à 11% MG type camembert allégé en matière grasse","Soft-ripened round cheese with bloomy rind, 5 to 11% fat, Camembert-type cheese, reduced fat","2",0,"Glacé","Pas de préparation",5,0.43464397,3.9935197,4.3146269e-8,0.4957974,0.0087431686,4.3032295e-7,7.2739052e-8,1.9033456e-9,0.061270865,0.00047856532,0.015218801,0.2605119,38.022288,149.67644,0.44859103,25.414842,0.000010078915,"PACK AGB"
"12012","12012","lait et produits laitiers","fromages","Fromage rond à pâte molle et croûte fleurie environ 11% MG type coulommiers allégé en matière grasse","Soft-ripened round cheese with bloomy rind, around 11% fat, Coulommiers-type cheese, reduced fat","2",0,"Glacé","Pas de préparation",5,0.43873219,4.0303401,4.3226852e-8,0.49509864,0.0088087179,4.3507423e-7,7.35318e-8,1.9213395e-9,0.061987697,0.00047857471,0.015372717,0.26364914,38.444257,151.40742,0.45304503,25.43801,0.000010144405,"PACK AGB"
"12013","12013","lait et produits laitiers","fromages","Fromage rond à pâte molle et croûte fleurie environ 5% MG type camembert allégé en matière grasse","Soft-ripened round cheese with bloomy rind, around 5% fat, Camembert-type cheese, reduced fat","2",0,"Glacé","Pas de préparation",5,0.44102965,4.0510321,4.3272137e-8,0.49470595,0.0088455548,4.3774431e-7,7.3977302e-8,1.9314515e-9,0.062390536,0.00047857997,0.015459213,0.26541218,38.681391,152.38019,0.45554806,25.451029,0.000010181208,"PACK AGB"
"12047","12047","lait et produits laitiers","fromages","Fromage à pâte molle à croûte lavée, au lait pasteurisé (type Vieux Pané)","Soft-ripened washed-rind cheese, from pasteurised milk (Vieux pané-type cheese)","2",0,"Glacé","Pas de préparation",5,0.5408215,4.7761757,0.0000012488125,0.53643669,0.010744378,4.8663116e-7,8.3630508e-8,2.1564715e-9,0.069029981,0.00057013571,0.016914277,0.29158448,43.058386,166.76969,0.57057612,33.024267,0.000040741545,"PACK AGB"
"12035","12035","lait et produits laitiers","fromages","Fromage à pâte molle et croûte lavée, allégé environ 13% MG","Soft-ripened washed-rind cheese, reduced fat, around 13% fat","2",0,"Glacé","Pas de préparation",5,0.5307296499999999,4.7211035,0.0000012526977,0.54025932,0.010746323,4.7235917e-7,8.1083657e-8,2.0973241e-9,0.06633493,0.00057900384,0.016337535,0.27939332,41.582211,160.31763,0.55749001,34.13067,0.000040797863,"PACK AGB"
"16080","16080","matières grasses","huiles et graisses végétales","Matière grasse ou graisse végétale solide (type margarine) pour friture","Solid vegetable fat (margarine type), for frying","2",0,"Glacé","Pas de préparation",5,0.43393818,2.8701639,8.9655641e-8,0.38542305,0.011618011,2.6828832e-7,7.9783811e-8,2.7010792e-9,0.036633815,0.0007352601,0.020283093,0.1522838,78.936958,448.01991,5.2969276,30.763343,0.000012931567,"PACK AGB"
"39524","39524","glaces et sorbets","sorbets","Sorbet, en bac","Sorbet, in box","2",0,"Congelé","Pas de préparation",5,0.27789598,1.4125839,8.3820782e-7,0.8685919,0.0048636624,8.3247819e-8,3.7956458e-8,1.1438471e-9,0.0087187183,0.00048374943,0.0034273569,0.031070304,254.19338,22.652669,2.8816024,37.33268,0.00001251585,"PACK PROXY"
"31013","31013","glaces et sorbets","sorbets","Sorbet, bâtonnet","Sorbet, on stick","2",0,"Congelé","Pas de préparation",5,0.2615152,1.1863541,8.3143198e-7,0.84781731,0.0041807509,7.9118015e-8,3.6999617e-8,1.1038073e-9,0.0082980736,0.00045986638,0.0033303932,0.030121988,253.79454,22.257385,2.8567138,32.806006,0.000011817831,"PACK PROXY"
"9360","9360","produits céréaliers","pâtes, riz et céréales","Sorgho entier, cru","Sorghum, whole, raw","2",0,"Ambiant (long)","Pas de préparation",5,0.091979796,0.62845736,9.3347373e-9,0.080737203,0.0021010547,6.5703749e-8,6.5721938e-9,1.0657812e-9,0.0089235056,0.00021434108,0.0049784611,0.034610833,15.262495,118.19902,0.18576794,6.8312863,0.00000307553,"PACK AGB"
"20111","20111","fruits, légumes, légumineuses et oléagineux","légumes","Oseille, crue","Sorrel, raw","2",0,"Ambiant (moyen)","Pas de préparation",5,0.061713749,0.59423583,2.2598593e-8,0.19435417,0.0020064381,3.1306824e-8,2.4089486e-8,3.3822783e-10,0.0023594141,0.000091933736,0.0016984616,0.0082132483,7.0278853,5.8066908,0.2244089,10.748334,0.0000042104636,"PACK AGB"
"20252","20252","aliments infantiles","petits pots salés et plats infantiles","Soupe pour bébé légumes et pomme de terre","Soup for baby, with vegetables and potatoes","2",0,"Ambiant (long)","Micro-onde",5,0.09001213,0.86807883,2.1407908e-8,0.54314727,0.0027157403,3.4170316e-8,1.4394539e-8,2.6322076e-10,0.0032848392,0.00011777276,0.0016112652,0.010839914,2.9565926,7.3100505,0.23711425,23.358276,0.000004073753,"PACK PROXY"
"20253","20253","aliments infantiles","petits pots salés et plats infantiles","Soupe pour bébé légumes, céréales et lait","Soup for baby, with vegetables, cereals and milk","2",0,"Ambiant (long)","Micro-onde",5,0.10938123000000001,0.94590174,2.2619091e-8,0.55823225,0.0029749826,3.9413789e-8,3.624881e-8,2.4642734e-9,0.0039662934,0.00015135156,0.0033137833,0.013523286,4.492731,28.117197,0.39816446,24.312821,0.0000046177087,"PACK PROXY"
"25923","25923","entrées et plats composés","soupes","Soupe asiatique, avec pâtes, déshydratée reconstituée","Soup, Asian-style with noodles, dehydrated and reconstituted","2",0,"Ambiant (long)","Cuisson à l'eau",5,0.77677767,6.8191581,6.7308717e-7,1.8722182,0.026835195,4.2467413e-7,1.7229588e-7,4.0126517e-9,0.042902236,0.003817823,0.042532382,0.13047686,85.643182,177.80952,3.5295992,98.875988,0.000028282481,"PACK PROXY"
"25955","25955","entrées et plats composés","soupes","Soupe asiatique, avec pâtes, préemballée à réchauffer","Soup, Asian-style with noodles, prepacked, to be reheated","2",0,"Ambiant (long)","Micro-onde",5,0.77505884,7.2922136,6.8944095e-7,0.88628671,0.028462935,4.3949668e-7,1.7603877e-7,4.1351641e-9,0.043748322,0.0039083273,0.042883259,0.13333205,87.585909,186.89285,3.6827446,86.429388,0.000029596693,"PACK PROXY"
"25932","25932","entrées et plats composés","soupes","Soupe aux asperges, déshydratée reconstituée","Soup, asparagus, dehydrated and reconstituted","2",0,"Ambiant (long)","Cuisson à l'eau",5,0.19614667,1.2435375,2.0753443e-8,1.6214703,0.0045536085,9.6791238e-8,3.4373785e-8,5.8851159e-10,0.010165667,0.00029102248,0.0047507251,0.036222865,10.637321,40.531387,0.88650821,44.097148,0.000012562862,"PACK PROXY"
"25968","25968","entrées et plats composés","soupes","Soupe aux asperges, préemballée à réchauffer","Soup, asparagus, prepacked, to be reheated","2",0,"Ambiant (long)","Micro-onde",5,0.16127234999999998,1.2991925,2.2027413e-8,0.61248833,0.004754577,9.9851463e-8,3.4870409e-8,6.2463869e-10,0.00997757,0.00028200232,0.0046993403,0.036035084,10.956233,43.757262,0.86308646,24.697771,0.000012399746,"PACK PROXY"
"25913","25913","entrées et plats composés","soupes","Soupe à la carotte, préemballée à réchauffer","Soup, carrots, prepacked, to be reheated","2",0,"Ambiant (long)","Micro-onde",5,0.065025247,0.48383404,1.1727965e-8,0.52262776,0.0016097833,3.0142476e-8,8.5394185e-9,2.2833951e-10,0.0026522279,0.0001017258,0.0015911683,0.0092252617,3.0127664,14.560763,0.20935835,16.241167,0.0000029871852,"PACK PROXY"
"25934","25934","entrées et plats composés","soupes","Soupe aux céréales et aux légumes, déshydratée reconstituée","Soup, cereals and vegetables, dehydrated and reconstituted","2",0,"Ambiant (long)","Cuisson à l'eau",5,0.20395729999999998,1.1386927,3.6162429e-8,1.5900991,0.0046187492,6.6207628e-8,2.808509e-8,3.8382193e-9,0.007190858,0.00022209316,0.0048189019,0.024402273,37.931515,37.569159,2.968027,45.862195,0.0000064466645,"PACK PROXY"
"25928","25928","entrées et plats composés","soupes","Soupe à la volaille et aux légumes, déshydratée reconstituée","Soup, chicken and vegetables, dehydrated and reconstituted","2",0,"Ambiant (long)","Cuisson à l'eau",5,0.013382226,0.1022117,1.6796016e-9,0.078492793,0.00041681077,7.4323878e-9,1.4446622e-9,3.7359613e-11,0.00062516348,0.000029462922,0.00024927373,0.0018409599,0.94811037,2.2132927,0.068857929,2.5978184,0.0000011742918,"PACK PROXY"
"25901","25901","entrées et plats composés","soupes","Soupe à la volaille et aux légumes, préemballée à réchauffer","Soup, chicken and vegetables, prepacked, to be reheated","2",0,"Ambiant (long)","Cuisson à l'eau",5,0.013382226,0.1022117,1.6796016e-9,0.078492793,0.00041681077,7.4323878e-9,1.4446622e-9,3.7359613e-11,0.00062516348,0.000029462922,0.00024927373,0.0018409599,0.94811037,2.2132927,0.068857929,2.5978184,0.0000011742918,"PACK PROXY"
"25950","25950","entrées et plats composés","soupes","Soupe à la volaille et aux vermicelles, déshydratée reconstituée","Soup, chicken and vermicelli, dehydrated and reconstituted","2",0,"Ambiant (long)","Cuisson à l'eau",5,0.23191294,1.2740826,3.3688781e-8,1.5961474,0.0050053781,9.9337702e-8,3.1500085e-8,1.0987853e-8,0.012181946,0.00022223413,0.0060970805,0.04617318,38.326927,47.506053,2.3407697,45.839012,0.0000071795215,"PACK PROXY"
"25908","25908","entrées et plats composés","soupes","Soupe à la volaille et aux vermicelles, préemballée à réchauffer","Soup, chicken and vermicelli, prepacked, to be reheated","2",0,"Ambiant (long)","Micro-onde",5,0.19704655999999998,1.3297444,3.4965623e-8,0.5871598,0.0052064469,1.0239849e-7,3.199607e-8,1.1026289e-8,0.011994296,0.00021319869,0.0060459947,0.045987608,38.651988,50.733476,2.3176709,26.440021,0.0000070152096,"PACK PROXY"
"25915","25915","entrées et plats composés","soupes","Soupe chorba frik, à base de viande et de frik","Soup, chorba frik, w meat and frik","2",0,"Ambiant (long)","Cuisson à l'eau",5,0.47063451,3.5802641,4.2235032e-8,0.84419551,0.0081390816,4.6863776e-7,7.8475489e-8,2.7042447e-9,0.06720586,0.00032833977,0.016456212,0.29368339,24.842508,239.3227,1.2954509,35.121411,0.000010700869,"PACK PROXY"
"25919","25919","entrées et plats composés","soupes","Soupe de poissons et / ou crustacés, déshydratée reconstituée","Soup, fish and/or crustacean, dehydrated and reconstituted","2",0,"Ambiant (long)","Cuisson à l'eau",5,0.43398536,2.4864928,5.9895471e-8,1.6420379,0.04372874,4.5887416e-7,1.1653235e-8,1.389398e-9,0.05886999,0.00016874533,0.014739365,0.15731276,4.5581827,5.7262145,0.29675243,65.659149,0.0000077453565,"PACK PROXY"
"25904","25904","entrées et plats composés","soupes","Soupe de poissons et / ou crustacés, préemballée à réchauffer","Soup, fish and/or crustacean, prepacked, to be reheated","2",0,"Ambiant (long)","Micro-onde",5,0.41096965999999996,2.6385352,6.1198583e-8,0.6829387,0.04420487,4.7183226e-7,1.299624e-8,3.7256127e-9,0.058953332,0.00020474197,0.01473949,0.15782311,5.3390811,7.5482786,0.31589382,48.228948,0.0000072774949,"PACK PROXY"
"25967","25967","entrées et plats composés","soupes","Soupe froide type Gaspacho ou Gazpacho","Soup, gazpacho, cold","2",0,"Ambiant (long)","Micro-onde",5,0.091026651,0.65244298,1.9607256e-8,0.54018953,0.0025195158,3.7828721e-8,1.3981933e-8,2.2359476e-10,0.0033812442,0.00012537233,0.0021699362,0.011196941,14.456367,16.811194,1.122415,19.273065,0.0000036829959,"PACK PROXY"
"25964","25964","entrées et plats composés","soupes","Soupe aux légumes verts, déshydratée reconstituée","Soup, green vegetables, dehydrated and reconstituted","2",0,"Ambiant (long)","Cuisson à l'eau",5,0.15756103999999999,0.86506436,1.5815111e-8,1.5990639,0.0033054476,5.9402362e-8,5.0345615e-8,7.8962118e-10,0.0056491916,0.00025971343,0.0049109604,0.018209539,6.6872372,42.35725,0.61602026,41.156172,0.0000065373293,"PACK PROXY"
"25963","25963","entrées et plats composés","soupes","Soupe aux légumes verts, préemballée à réchauffer","Soup, green vegetables, prepacked, to be reheated","2",0,"Ambiant (long)","Micro-onde",5,0.12267815,0.92063539,1.7087984e-8,0.59007692,0.0035061389,6.2454284e-8,5.0845785e-8,8.2579294e-10,0.0054600915,0.00025068631,0.0048596112,0.018017758,7.005272,45.58353,0.59253844,21.756141,0.0000063728747,"PACK PROXY"
"25925","25925","entrées et plats composés","soupes","Soupe aux poireaux et pommes de terre, déshydratée reconstituée","Soup, leek and potato, dehydrated and reconstituted","2",0,"Ambiant (long)","Cuisson à l'eau",5,0.099474244,0.42519797,1.0394368e-8,1.5325212,0.0014128728,2.7256241e-8,1.2838252e-8,2.0260941e-10,0.0029614252,0.0001035737,0.0015674989,0.0099950924,2.2799452,6.3821435,0.1702293,35.62725,0.0000031506091,"PACK PROXY"
"25907","25907","entrées et plats composés","soupes","Soupe aux poireaux et pommes de terre, préemballée à réchauffer","Soup, leek and potato, prepacked, to be reheated","2",0,"Ambiant (long)","Micro-onde",5,0.06457845100000001,0.48067133,1.1666038e-8,0.52351943,0.0016131438,3.0301025e-8,1.3330093e-8,2.3865082e-10,0.0027717282,0.000094511911,0.0015154072,0.0098014872,2.5970013,9.6004343,0.14664849,16.225992,0.0000029854025,"PACK PROXY"
"25900","25900","entrées et plats composés","soupes","Soupe aux lentilles, préemballée à réchauffer","Soup, lentils, prepacked, to be reheated","2",0,"Ambiant (long)","Micro-onde",5,0.077386663,0.68210991,1.9222159e-8,0.53831579,0.0025566665,3.7361473e-8,1.2753098e-8,1.5776193e-9,0.0034750437,0.00016328458,0.003368208,0.011468325,24.140111,-194.81518,0.95586894,19.057132,0.0000038410626,"PACK PROXY"
"25956","25956","entrées et plats composés","soupes","Soupe minestrone, déshydratée reconstituée","Soup, minestrone, dehydrated and reconstituted","2",0,"Ambiant (long)","Cuisson à l'eau",5,0.23420016999999999,1.5921846,3.5160636e-8,1.6429457,0.0063969097,1.0707823e-7,2.6592064e-8,5.5055167e-10,0.010451802,0.00038310843,0.0057685181,0.03468401,29.746838,46.076362,2.2777624,49.933866,0.000010516873,"PACK PROXY"
"25916","25916","entrées et plats composés","soupes","Soupe minestrone, préemballée à réchauffer","Soup, minestrone, prepacked, to be reheated","2",0,"Ambiant (long)","Micro-onde",5,0.19933430000000002,1.6479171,3.6437805e-8,0.6339685,0.0065982875,1.1014074e-7,2.7086959e-8,5.8667034e-10,0.010263768,0.00037410871,0.0057173593,0.034495888,30.069994,49.303467,2.2546496,30.535784,0.000010353302,"PACK PROXY"
"25905","25905","entrées et plats composés","soupes","Soupe aux légumes variés, déshydratée reconstituée","Soup, mixed vegetables, dehydrated and reconstituted","2",0,"Ambiant (long)","Cuisson à l'eau",5,0.11883903999999999,0.5030036,1.1605282e-8,1.5476028,0.0016720576,3.249855e-8,3.4687671e-8,2.4031734e-9,0.0036427281,0.00013714505,0.003269639,0.012677868,3.8157425,27.184671,0.33124375,36.581584,0.0000036944441,"PACK PROXY"
"25903","25903","entrées et plats composés","soupes","Soupe aux légumes variés, préemballée à réchauffer","Soup, mixed vegetables, prepacked, to be reheated","2",0,"Ambiant (long)","Micro-onde",5,0.083947548,0.55849424,1.2877221e-8,0.53860442,0.0018723862,3.5544498e-8,3.5184364e-8,2.4397035e-9,0.0034531824,0.00012809072,0.0032179254,0.012484859,4.1331397,30.407581,0.3076987,17.180538,0.0000035293582,"PACK PROXY"
"25924","25924","entrées et plats composés","soupes","Soupe marocaine, déshydratée reconstituée","Soup, Moroccan, dehydrated and reconstituted","2",0,"Ambiant (long)","Cuisson à l'eau",5,0.47553070999999997,3.2335861,3.0083375e-8,1.6033985,0.0073503208,4.6135154e-7,7.5557528e-8,2.5855647e-9,0.066817848,0.00030182284,0.016294621,0.29251146,23.910702,235.64348,1.2922734,45.074823,0.0000085846592,"PACK PROXY"
"25936","25936","entrées et plats composés","soupes","Soupe aux champignons, déshydratée reconstituée","Soup, mushrooms, dehydrated and reconstituted","2",0,"Ambiant (long)","Cuisson à l'eau",5,0.32165602,2.2504398,3.7225349e-8,1.7983767,0.0072259832,2.6016357e-7,3.0927862e-8,3.0964669e-9,0.029958663,0.00039710883,0.0068578964,0.1248236,22.630803,53.767558,0.85426758,56.332008,0.000011310976,"PACK PROXY"
"25912","25912","entrées et plats composés","soupes","Soupe aux champignons, préemballée à réchauffer","Soup, mushrooms, prepacked, to be reheated","2",0,"Ambiant (long)","Micro-onde",5,0.28680957,2.3063185,3.8502977e-8,0.78943404,0.0074275451,2.6326007e-7,3.142372e-8,3.1331509e-9,0.029774962,0.00038811222,0.0068069796,0.12465549,22.952378,56.996372,0.83083867,36.935348,0.000011147582,"PACK PROXY"
"25942","25942","entrées et plats composés","soupes","Soupe à l'oignon, déshydratée reconstituée","Soup, onions, dehydrated and reconstituted","2",0,"Ambiant (long)","Cuisson à l'eau",5,0.24003442,1.7049299,2.4770442e-8,1.6617951,0.0060855334,1.3951365e-7,2.3936468e-8,5.5381375e-9,0.014742151,0.00038115664,0.0059766596,0.053793213,16.650226,50.634849,0.89358246,47.718302,0.000010688595,"PACK PROXY"
"25910","25910","entrées et plats composés","soupes","Soupe à l'oignon, préemballée à réchauffer","Soup, onions, prepacked, to be reheated","2",0,"Ambiant (long)","Micro-onde",5,0.20516984,1.7606875,2.6045304e-8,0.65282205,0.0062868421,1.4258337e-7,2.4430773e-8,5.5753638e-9,0.01455507,0.00037215649,0.005925547,0.053609334,16.970473,53.862966,0.87016228,28.319728,0.000010525062,"PACK PROXY"
"25917","25917","entrées et plats composés","soupes","Soupe au pistou, déshydratée reconstituée","Soup, pistou (basil, garlic and olive oil), dehydrated and reconstituted","2",0,"Ambiant (long)","Cuisson à l'eau",5,0.12872879,0.63830017,1.8677449e-8,1.5535461,0.0028856696,4.9241617e-8,5.6775678e-8,1.6650035e-9,0.0059637275,0.00016756626,0.0037023375,0.021851781,15.522969,-226.69495,1.7371938,38.956783,0.0000048024566,"PACK PROXY"
"25953","25953","entrées et plats composés","soupes","Soupe au pistou, préemballée à réchauffer","Soup, pistou (basil, garlic and olive oil), prepacked, to be reheated","2",0,"Ambiant (long)","Micro-onde",5,0.09383949,0.69382085,1.9950958e-8,0.54454898,0.0030862677,5.2291283e-8,5.7277276e-8,1.7013697e-9,0.0057746972,0.00015851868,0.0036507199,0.021660809,15.842966,-223.52841,1.713961,19.556264,0.0000046376167,"PACK PROXY"
"25954","25954","entrées et plats composés","soupes","Soupe au potiron, déshydratée reconstituée","Soup, pumpkin, dehydrated and reconstituted","2",0,"Ambiant (long)","Cuisson à l'eau",5,0.17251351999999998,0.96358791,1.3520058e-8,1.5858492,0.0025982383,8.2105133e-8,6.4970536e-8,1.0227469e-9,0.011096009,0.00018763732,0.0063387657,0.044802983,7.3438702,58.123202,0.44435035,38.551215,0.0000045910462,"PACK PROXY"
"25945","25945","entrées et plats composés","soupes","Soupe au potiron, préemballée à réchauffer","Soup, pumpkin, prepacked, to be reheated","2",0,"Ambiant (long)","Micro-onde",5,0.13763394999999998,1.0191808,1.4792421e-8,0.57685929,0.0027987726,8.5162097e-8,6.5473954e-8,1.0589704e-9,0.010908118,0.0001785942,0.0062877336,0.044617108,7.6620508,61.352983,0.42083041,19.150606,0.0000044261594,"PACK PROXY"
"25965","25965","entrées et plats composés","soupes","Soupe aux pois cassés, préemballée à réchauffer","Soup, split peas, prepacked, to be reheated","2",0,"Ambiant (long)","Micro-onde",5,0.077386663,0.68210991,1.9222159e-8,0.53831579,0.0025566665,3.7361473e-8,1.2753098e-8,1.5776193e-9,0.0034750437,0.00016328458,0.003368208,0.011468325,24.140111,-194.81518,0.95586894,19.057132,0.0000038410626,"PACK PROXY"
"25949","25949","entrées et plats composés","soupes","Soupe à la tomate et aux vermicelles, déshydratée reconstituée","Soup, tomato and vermicelli, dehydrated and reconstituted","2",0,"Ambiant (long)","Cuisson à l'eau",5,0.20395729999999998,1.1386927,3.6162429e-8,1.5900991,0.0046187492,6.6207628e-8,2.808509e-8,3.8382193e-9,0.007190858,0.00022209316,0.0048189019,0.024402273,37.931515,37.569159,2.968027,45.862195,0.0000064466645,"PACK PROXY"
"25933","25933","entrées et plats composés","soupes","Soupe à la tomate et aux vermicelles, préemballée à réchauffer","Soup, tomatoes and vermicelli, prepacked, to be reheated","2",0,"Ambiant (long)","Micro-onde",5,0.16908471,1.1943245,3.743982e-8,0.58111008,0.0048197322,6.9261061e-8,2.8580317e-8,3.875068e-9,0.0070021002,0.00021305769,0.0047675323,0.024211867,38.256488,40.794376,2.9450675,26.463209,0.0000062821897,"PACK PROXY"
"25935","25935","entrées et plats composés","soupes","Soupe à la tomate, déshydratée reconstituée","Soup, tomatoes, dehydrated and reconstituted","2",0,"Ambiant (long)","Cuisson à l'eau",5,0.12591657,0.59693148,1.8333823e-8,1.5491876,0.0023190435,3.4782266e-8,1.3489947e-8,1.875567e-10,0.0035708058,0.00013442727,0.0022218826,0.011390236,14.136678,13.591302,1.1457791,38.673647,0.0000038480477,"PACK PROXY"
"25914","25914","entrées et plats composés","soupes","Soupe à la tomate, préemballée à réchauffer","Soup, tomatoes, prepacked, to be reheated","2",0,"Ambiant (long)","Micro-onde",5,0.091026651,0.65244298,1.9607256e-8,0.54018953,0.0025195158,3.7828721e-8,1.3981933e-8,2.2359476e-10,0.0033812442,0.00012537233,0.0021699362,0.011196941,14.456367,16.811194,1.122415,19.273065,0.0000036829959,"PACK PROXY"
"25962","25962","entrées et plats composés","soupes","Soupe aux légumes avec fromage, préemballée à réchauffer","Soup, vegetables with cheese, prepacked, to be reheated","2",0,"Ambiant (long)","Micro-onde",5,0.14530112,1.127583,1.6021254e-8,0.58380983,0.0029905197,1.0446704e-7,4.2744989e-8,2.4305236e-9,0.01320978,0.00017357978,0.0053332893,0.054454624,9.6670713,51.140388,0.34535442,19.631465,0.0000045455097,"PACK PROXY"
"25957","25957","entrées et plats composés","soupes","Soupe au cresson, déshydratée reconstituée","Soup, watercress, dehydrated and reconstituted","2",0,"Ambiant (long)","Cuisson à l'eau",5,0.1202112,0.63734976,1.1658317e-8,1.5423825,0.0017397905,4.7636118e-8,1.4601652e-8,2.8658976e-10,0.0058826929,0.00012108939,0.0023710871,0.022552745,5.077225,15.765733,0.18605838,36.461134,0.000003521038,"PACK PROXY"
"25958","25958","entrées et plats composés","soupes","Soupe au cresson, préemballée à réchauffer","Soup, watercress, prepacked, to be reheated","2",0,"Ambiant (long)","Micro-onde",5,0.085320011,0.69287023,1.2930267e-8,0.53338293,0.0019401342,5.0685428e-8,1.5093885e-8,3.2264981e-10,0.0056936447,0.00011203149,0.0023191738,0.022361928,5.3949023,18.986108,0.16248109,17.06006,0.0000033559136,"PACK PROXY"
"11214","11214","aides culinaires et ingrédients divers","aides culinaires","Préparation culinaire à base de soja, type ""crème de soja""","Soy ""cream"" preparation","2",0,"Ambiant (long)","Pas de préparation",5,0.14823201,1.1422114,3.4955428e-8,0.53321651,0.0041468242,6.5370719e-8,1.7895045e-8,1.7037378e-9,0.006648752,0.0003691582,0.0072203516,0.02463092,35.827098,115.70827,0.35823879,22.651352,0.0000048174125,"PACK PROXY"
"20911","20911","lait et produits laitiers","produits laitiers frais et assimilés","Dessert au soja aromatisé, rayon frais","Soy dessert, flavoured, refrigerated","2",0,"Glacé","Pas de préparation",5,0.15690428,1.2788755,2.2168833e-7,0.63153045,0.0039081823,6.4986624e-8,1.6956578e-8,6.2261572e-10,0.0060942819,0.00028917573,0.0034199326,0.020011026,60.418296,31.812429,1.0377761,28.058813,0.0000063791487,"PACK AGB"
"19693","19693","lait et produits laitiers","produits laitiers frais et assimilés","Dessert au soja, nature, rayon frais","Soy dessert, plain, refrigerated","2",0,"Glacé","Pas de préparation",5,0.12664344,1.2087428,5.2548186e-8,0.62035572,0.0036639556,6.1014672e-8,1.0416256e-8,4.4752532e-10,0.0057840309,0.00022714807,0.0033865216,0.019067196,8.3193754,31.598828,0.59084863,26.57838,0.0000052077821,"PACK AGB"
"19692","19692","lait et produits laitiers","produits laitiers frais et assimilés","Dessert au soja, aux fruits, rayon frais","Soy dessert, w fruits, refrigerated","2",0,"Glacé","Pas de préparation",5,0.15690428,1.2788755,2.2168833e-7,0.63153045,0.0039081823,6.4986624e-8,1.6956578e-8,6.2261572e-10,0.0060942819,0.00028917573,0.0034199326,0.020011026,60.418296,31.812429,1.0377761,28.058813,0.0000063791487,"PACK AGB"
"18903","18903","boissons","boissons sans alcool","Boisson au soja, aromatisée, sucrée, enrichie en calcium","Soy drink, flavoured, enriched in calcium, w sugar or fruit concentrate","2",0,"Ambiant (long)","Réfrigéré chez le consommateur",5,0.042352593,0.43040726,9.7377931e-9,0.1358527,0.0013274994,2.0032485e-8,3.8481027e-9,2.8100318e-10,0.0014236697,0.000088520059,0.0014660886,0.0037145227,5.2642098,20.598665,0.15370568,7.6239824,0.000002068913,"PACK PROXY"
"18902","18902","boissons","boissons sans alcool","Boisson au soja, aromatisée, sucrée","Soy drink, flavoured, with sugar","2",0,"Ambiant (long)","Réfrigéré chez le consommateur",5,0.042352593,0.43040726,9.7377931e-9,0.1358527,0.0013274994,2.0032485e-8,3.8481027e-9,2.8100318e-10,0.0014236697,0.000088520059,0.0014660886,0.0037145227,5.2642098,20.598665,0.15370568,7.6239824,0.000002068913,"PACK PROXY"
"18901","18901","boissons","boissons sans alcool","Boisson au soja, nature, enrichie en calcium","Soy drink, plain, fortified with calcium","2",0,"Ambiant (long)","Réfrigéré chez le consommateur",5,0.042352593,0.43040726,9.7377931e-9,0.1358527,0.0013274994,2.0032485e-8,3.8481027e-9,2.8100318e-10,0.0014236697,0.000088520059,0.0014660886,0.0037145227,5.2642098,20.598665,0.15370568,7.6239824,0.000002068913,"PACK PROXY"
"18900","18900","boissons","boissons sans alcool","Boisson au soja, nature","Soy drink, plain, prepacked","2",0,"Ambiant (long)","Pas de préparation",5,0.039601244,0.42281878,9.5182303e-9,0.092511241,0.0012981868,1.9551088e-8,3.5396528e-9,2.7544237e-10,0.0013677785,0.000084569571,0.0014549962,0.0036254605,5.2186925,20.544123,0.15074221,6.6575337,0.0000017142036,"PACK PROXY"
"42200","42200","aides culinaires et ingrédients divers","ingrédients divers","Lécithine de soja","Soy lecithin","2",0,"Ambiant (long)","Pas de préparation",5,0.44352929,5.4624036,5.589623e-8,0.21790303,0.021754632,1.4312218e-7,8.7152825e-8,3.4744357e-9,0.018066778,0.00042393622,0.025426764,0.059411764,212.79627,45.130866,0.56408105,38.990015,0.000013324485,"PACK PROXY"
"17420","17420","matières grasses","huiles et graisses végétales","Huile de soja","Soy oil","2",0,"Ambiant (long)","Pas de préparation",5,0.40433149,3.5966447,4.8111455e-8,0.39140096,0.012503513,1.4760123e-7,2.9925401e-8,3.4807337e-9,0.015281684,0.00074713702,0.023559023,0.043894842,211.15778,301.62073,2.1523456,36.997466,0.000012586452,"PACK PROXY"
"20914","20914","entrées et plats composés","plats végétariens","Escalope végétale ou steak à base de soja","Soy patty or vegetable escalope","2",0,"Glacé","Poêle",5,0.29670238,2.1683096,7.1525678e-8,2.0269897,0.0073712952,1.0712581e-7,2.5266518e-8,2.031187e-9,0.012181419,0.00059785883,0.010367385,0.040578883,48.61332,146.6486,0.70874108,65.294245,0.000011382459,"PACK PROXY"
"20591_2","20591","viandes, œufs, poissons","substituts de viande","Protéine de soja texturée, réhydratée","Soy protein, textured, dehydrated, from soy flour","2",0,"Ambiant (long)","Pas de préparation",5,0.149032,1.310028,2.4501879e-8,0.26400264,0.0041282503,4.3694838e-8,1.022808e-8,1.2488927e-9,0.0043935287,0.00030329978,0.0083263398,0.013984695,72.623717,109.1027,0.80142301,17.146428,0.0000051838223,"PACK PROXY"
"20591_1","20591","viandes, œufs, poissons","substituts de viande","Protéine de soja texturée","Soy protein, textured, rehydrated, from soy flour","2",0,"Ambiant (long)","Cuisson à l'eau",5,0.064468833,0.54108687,1.0230822e-8,0.17259033,0.0017140081,1.8416901e-8,4.6209581e-9,5.1374526e-10,0.0018618888,0.00012864261,0.0033830385,0.0057912858,29.433276,44.198647,0.33274618,8.3982283,0.0000026349123,"PACK PROXY"
"11104","11104","aides culinaires et ingrédients divers","sauces","Sauce soja, préemballée","Soy sauce, prepacked","2",0,"Glacé","Pas de préparation",5,0.14148882999999998,1.0204368,9.1978635e-7,0.7213182,0.0035641491,4.9557482e-8,1.2603922e-8,4.6918884e-10,0.0047397386,0.00021989313,0.0032153121,0.015238093,7.9770266,29.876478,0.29823202,27.313859,0.00002477553,"PACK PROXY"
"20900","20900","produits céréaliers","farines et pâtes à tarte","Farine de soja","Soya flour","2",0,"Ambiant (long)","Pas de préparation",5,0.15329086,1.2978174,1.6956443e-8,0.20850175,0.0039540936,5.5201048e-8,1.1722309e-8,1.8216344e-9,0.0056056135,0.00033383048,0.012778869,0.018940049,45.807366,168.53115,1.049936,11.870482,0.0000063467529,"PACK PROXY"
"30181","30181","entrées et plats composés","plats végétariens","Haché végétal à base de soja, préemballé","Soy-based minced, prepacked","2",0,"Glacé","Poêle",5,0.32476914,2.0885469,6.7155253e-8,2.9776097,0.0071109896,9.8991635e-8,2.6294065e-8,5.1714057e-9,0.010930071,0.0005376896,0.0088662747,0.030151911,50.441616,106.86965,1.0561801,83.762237,0.000011754789,"PACK PROXY"
"25596_1","25596","entrées et plats composés","plats végétariens","Galette ou pavé au soja et légumes, préemballé","Soy-based patty, plain (vegetable steak), prepacked","2",0,"Ambiant (long)","Poêle",5,0.2228302,1.9611039,4.6628708e-8,0.88110257,0.0065022524,1.0401184e-7,3.9088103e-8,3.040309e-9,0.010057386,0.00049264446,0.0098035715,0.031163961,11.737306,103.8958,1.3256846,40.172317,0.0000072009101,"PACK PROXY"
"25596_2","25596","entrées et plats composés","plats végétariens","Galette de soja (steak végétal) à la provençale","Soy-based patty, Provencal-style (vegetable steak)","2",0,"Glacé","Poêle",5,0.36985091999999997,2.432806,6.7465636e-8,2.6889466,0.0088287009,1.4995408e-7,1.6783415e-7,4.6389604e-9,0.017147721,0.00059455915,0.0096881236,0.055604354,45.558809,98.527708,1.3545406,79.929718,0.000012003426,"PACK PROXY"
"25224","25224","viandes, œufs, poissons","substituts de viande","Bouchées ou émincé au soja et blé (ne convient pas aux véganes ou végétaliens), préemballé","Soy-based sliced","2",0,"Glacé","Poêle",5,0.32703317,1.9440197,5.6354424e-8,3.4875716,0.0064831883,1.0046568e-7,2.2661046e-8,1.2939111e-9,0.011929596,0.00046190654,0.0085907761,0.032529295,53.639361,102.53059,0.85127482,89.651303,0.000011347036,"PACK PROXY"
"25226","25226","entrées et plats composés","plats végétariens","Nuggets soja et blé (ne convient pas aux véganes ou végétaliens), préemballé","Soybean and wheat-based nuggets (not vegan)","2",0,"Glacé","Poêle",5,0.27838445,1.9669912,6.0982628e-8,1.4359451,0.0069893994,1.3573062e-7,3.1412218e-8,3.4930368e-9,0.01718642,0.00052145813,0.012085545,0.066291762,44.449547,146.42498,0.59105822,48.955301,0.000010327768,"PACK PROXY"
"25227_1","25227","entrées et plats composés","plats végétariens","Nuggets soja et blé (convient aux véganes ou végétaliens), préemballé","Soybean and wheat-based nuggets (vegan)","2",0,"Glacé","Poêle",5,0.25563787,1.8235327,6.0067755e-8,1.5740961,0.0062593109,1.0563657e-7,2.763964e-8,1.7486712e-9,0.012807894,0.00050081516,0.010761262,0.046049105,39.81986,131.62478,0.59202833,51.237389,0.000009706542,"PACK PROXY"
"20901","20901","fruits, légumes, légumineuses et oléagineux","fruits à coque et graines oléagineuses","Soja, graine entière","Soybean, whole grain","2",0,"Ambiant (long)","Pas de préparation",5,0.13187375,1.1948501,1.6462261e-8,0.12990461,0.0034607354,4.1324952e-8,9.6736913e-9,1.5414903e-9,0.0046404425,0.00029103191,0.010633876,0.015318511,38.414496,140.72595,0.96225879,10.632609,0.0000054657821,"PACK PROXY"
"25227_2","25227","entrées et plats composés","plats végétariens","Nuggets de soja","Soybean-based nuggets","2",0,"Glacé","Poêle",5,0.25801695999999996,1.7602723,6.0273015e-8,1.6118303,0.0061909077,1.043263e-7,2.7873239e-8,3.2298054e-9,0.012548029,0.00052131072,0.01083747,0.044638421,43.779127,142.8972,0.58110039,51.193929,0.0000096456237,"PACK PROXY"
"22510","22510","viandes, œufs, poissons","œufs","Tortilla espagnole aux oignons (omelette aux pommes de terre et oignons)","Spanish-style tortilla with onions (omelette with potatoes and onions)","2",0,"Glacé","Micro-onde",5,0.22132396000000001,1.2564564,3.3847575e-8,0.70918476,0.0054835812,1.2975641e-7,4.0644269e-8,5.9384809e-9,0.017121151,0.00027377866,0.0083504558,0.069957827,31.016912,131.40076,2.7361051,26.800212,0.0000081810122,"PACK PROXY"
"5100","5100","boissons","boisson alcoolisées","Pétillant de fruits","Sparkling fruit wine","2",0,"Glacé","Pas de préparation",5,0.33740819,2.813697,6.2496528e-8,0.67303813,0.011500903,1.7071152e-7,6.8435866e-8,1.6388173e-9,0.016725871,0.00050448482,0.013360538,0.054839805,107.68265,219.99612,0.8485918,42.100073,0.000019207043,"PACK AGB"
"24009","24009","produits céréaliers","céréales de petit-déjeuner et biscuits","Spéculoos","Speculoos biscuit","2",0,"Ambiant (long)","Pas de préparation",5,0.39754225,3.3312051,5.4170695e-8,0.59803867,0.0094426488,3.0242876e-7,7.8444521e-8,3.5281527e-9,0.042063552,0.00035834186,0.013746283,0.17795362,90.296353,142.43441,1.520802,36.380161,0.0000099478603,"PACK PROXY"
"9480","9480","produits céréaliers","farines et pâtes à tarte","Farine d'épeautre (grand épeautre)","Spelt flour","2",0,"Ambiant (long)","Pas de préparation",5,0.20548341,1.455284,3.4790848e-8,0.31428498,0.0036075612,1.2789751e-7,9.4321149e-8,2.9279264e-9,0.01093565,0.00048588412,0.021172649,0.061536261,2.725116,295.4502,0.055060982,15.345407,0.0000044852578,"PACK PROXY"
"9001","9001","produits céréaliers","pâtes, riz et céréales","Épeautre, cru","Spelt, raw","2",0,"Ambiant (long)","Pas de préparation",5,0.16366298,1.1556775,2.8483775e-8,0.18913615,0.0026638808,1.0015661e-7,7.8352337e-8,2.4434701e-9,0.0088688554,0.00040139954,0.017631398,0.050613527,2.0675532,247.48116,0.048301844,10.64098,0.0000032730772,"PACK AGB"
"30317","30317","viandes, œufs, poissons","charcuteries","Chorizo supérieur, doux ou fort, type charcuterie en tranches","Spicy pork sausage with red pepper, in large slices","2",0,"Glacé","Four",5,1.0474581,7.9584707,2.09247e-7,2.8399624,0.019820375,8.8917333e-7,1.2377997e-7,4.9957488e-9,0.12495879,0.0011681193,0.034669528,0.52519387,219.35346,417.43507,1.986982,94.386075,0.000031987308,"PACK AGB"
"30315","30315","viandes, œufs, poissons","charcuteries","Chorizo","Spicy pork sausage with red pepper, no precision","2",0,"Glacé","Four",5,1.0474581,7.9584707,2.09247e-7,2.8399624,0.019820375,8.8917333e-7,1.2377997e-7,4.9957488e-9,0.12495879,0.0011681193,0.034669528,0.52519387,219.35346,417.43507,1.986982,94.386075,0.000031987308,"PACK AGB"
"25026","25026","entrées et plats composés","plats composés","Épinards à la crème","Spinach w cream sauce","2",0,"Glacé","Micro-onde",5,0.24714098,2.2771142,4.7022526e-8,0.75007762,0.0059408284,1.8769449e-7,3.8513494e-8,8.976963e-10,0.024973017,0.0002557335,0.0077095197,0.10291076,22.7298,44.248423,0.53457071,32.104077,0.000008632015,"PACK AGB"
"20060","20060","fruits, légumes, légumineuses et oléagineux","légumes","Épinard, appertisé, égoutté","Spinach, canned, drained","2",0,"Ambiant (long)","Micro-onde",5,0.10649772,1.1230344,4.0262107e-8,0.28845812,0.0037437156,6.0765265e-8,1.3072521e-8,3.7170081e-9,0.0038326677,0.00026268509,0.0026279993,0.011483514,12.079208,-8.6038627,0.40457369,19.110825,0.0000048606156,"PACK AGB"
"20027","20027","fruits, légumes, légumineuses et oléagineux","légumes","Épinard, cuit","Spinach, cooked","2",0,"Ambiant (moyen)","Cuisson à l'eau",5,0.10989889,1.1676966,4.0859604e-8,0.36825111,0.0039041741,4.7017775e-8,1.4470834e-8,2.8164165e-10,0.003908937,0.00020723853,0.0028343896,0.011922572,13.477575,-13.84367,0.48187579,22.541854,0.0000071157109,"PACK AGB"
"20121","20121","fruits, légumes, légumineuses et oléagineux","légumes","Épinard, surgelé, cuit","Spinach, frozen, cooked","2",0,"Congelé","Cuisson à l'eau",5,0.10711404,0.9066026,3.2589338e-8,0.76473273,0.0029338308,3.7846086e-8,1.3752784e-8,2.4202741e-10,0.0032732233,0.00017114661,0.0026299419,0.0093246134,12.181126,-15.069229,0.40518319,26.337217,0.0000078971555,"PACK AGB"
"20083","20083","fruits, légumes, légumineuses et oléagineux","légumes","Épinard, surgelé, cru","Spinach, frozen, raw","2",0,"Congelé","Pas de préparation",5,0.07919745,0.65200893,2.3245884e-8,0.56539347,0.0021921606,3.0002888e-8,1.0719712e-8,1.735965e-10,0.0025277705,0.00012602581,0.0021666817,0.0073157647,10.132555,-13.541657,0.31961556,18.889241,0.0000058581145,"PACK AGB"
"20285","20285","fruits, légumes, légumineuses et oléagineux","légumes","Épinard, purée","Spinach, puree","2",0,"Ambiant (moyen)","Micro-onde",5,0.10560011,1.1211684,6.9737386e-8,0.33540308,0.0038275859,4.5939417e-8,1.3931548e-8,3.0444403e-10,0.0037400222,0.00018919238,0.002699542,0.011092082,13.127753,-15.017534,0.47502029,21.397024,0.000007355271,"PACK AGB"
"20059","20059","fruits, légumes, légumineuses et oléagineux","légumes","Épinard, cru","Spinach, raw","2",0,"Ambiant (moyen)","Pas de préparation",5,0.045078727,0.42630718,1.6055217e-8,0.15134641,0.0015503181,2.4976559e-8,8.0389044e-9,1.0412124e-10,0.001927147,0.000061247076,0.0019575778,0.0064150804,9.7444714,-17.236012,0.25165626,7.4926282,0.0000032960957,"PACK AGB"
"20270","20270","fruits, légumes, légumineuses et oléagineux","légumes","Épinard, jeunes pousses pour salades, cru","Spinach, young leaves, raw","2",0,"Ambiant (moyen)","Pas de préparation",5,0.045078727,0.42630718,1.6055217e-8,0.15134641,0.0015503181,2.4976559e-8,8.0389044e-9,1.0412124e-10,0.001927147,0.000061247076,0.0019575778,0.0064150804,9.7444714,-17.236012,0.25165626,7.4926282,0.0000032960957,"PACK AGB"
"26063","26063","viandes, œufs, poissons","poissons crus","Rascasse, crue","Spiny scorpionfish, raw","2",0,"Glacé","Pas de préparation",5,1.9688571000000001,12.188752,0.0000017640754,0.28003355,0.23912983,0.0000024713049,4.7505226e-8,5.4092627e-9,0.31970158,0.00052943654,0.078563124,0.85806833,12.058341,16.31433,0.39493123,161.74181,0.000065558231,"PACK PROXY"
"26148","26148","viandes, œufs, poissons","poissons cuits","Rascasse, cuite à la vapeur","Spiny scorpionfish, steamed","2",0,"Glacé","Four",5,2.4367512000000002,14.971152,0.0000021565617,0.85906355,0.29233644,0.0000030233252,6.1668391e-8,6.670658e-9,0.39103808,0.00069325312,0.096056254,1.0488041,15.250525,20.57012,0.51751326,208.98779,0.000084280085,"PACK PROXY"
"1023","1023","boissons","boisson alcoolisées","Eau de vie de vin, type armagnac, cognac","Spirit made from wine, armagnac or cognac type","2",0,"Ambiant (long)","Réfrigéré chez le consommateur",5,0.71775655,4.5470101,8.8529047e-8,1.2582273,0.020534585,3.0534318e-7,2.0257381e-7,4.2918302e-9,0.031213544,0.0010005902,0.038872195,0.11648847,337.14825,710.32933,1.2983204,64.833911,0.000051023939,"PACK PROXY"
"11086","11086","aides culinaires et ingrédients divers","algues","Spiruline (Spirulina sp.), séchée ou déshydratée","Spirulina, (spirulina sp.), dried","2",0,"Ambiant (long)","Pas de préparation",5,1.5467408,12.2005,3.4542267e-7,10.918509,0.057733433,8.3490215e-7,8.1758221e-8,7.301482e-9,0.10955946,0.0025147409,0.015110188,0.14459756,39.9629,32.056889,4.1695191,394.63825,0.000076401245,"PACK PROXY"
"20506","20506","fruits, légumes, légumineuses et oléagineux","légumineuses","Pois cassé, cuit","Split pea, cooked","2",0,"Ambiant (long)","Micro-onde",5,0.075389979,0.54259594,1.4351161e-8,0.29048388,0.0015588636,2.2719849e-8,7.7623175e-9,1.8960322e-9,0.0017467079,0.00023471327,0.0057194263,0.0044657701,8.9651065,86.062959,0.12360576,11.951221,0.0000041097404,"PACK AGB"
"20515","20515","fruits, légumes, légumineuses et oléagineux","légumineuses","Pois cassé, sec","Split pea, dried","2",0,"Ambiant (long)","Pas de préparation",5,0.12062988999999999,0.75341217,2.1194871e-8,0.31119821,0.0023402563,3.1977395e-8,1.3625231e-8,1.7656592e-9,0.0028078048,0.00043449093,0.013018749,0.0075339369,19.660444,201.09673,0.17943476,13.497656,0.0000063008338,"PACK AGB"
"23940","23940","produits céréaliers","gâteaux et pâtisseries","Génoise fourrée et nappée au chocolat","Sponge cake filled and covered with chocolate","2",0,"Ambiant (long)","Pas de préparation",5,0.66659455,10.033274,0.000001785772,0.66268182,0.018572414,2.674683e-7,3.458081e-8,4.2136173e-9,0.032631027,0.00116757,0.027577623,0.13219171,35.147725,386.40367,0.98540435,46.948557,0.000051988435,"PACK PROXY"
"23006","23006","produits céréaliers","gâteaux et pâtisseries","Gâteau au chocolat type forêt noire (génoise au chocolat et crème multi-couches, avec ou sans cerises)","Sponge cake w chocolate w or wo cherry","2",0,"Ambiant (long)","Pas de préparation",5,0.39067248,2.5795592,0.0000017930712,0.67585681,0.0095902821,2.3672698e-7,4.180739e-8,2.0762965e-9,0.031825025,0.00054065501,0.015239217,0.12929381,66.026017,188.36827,1.1130828,36.037432,0.000053127716,"PACK PROXY"
"23007","23007","produits céréaliers","gâteaux et pâtisseries","Gâteau mousse de fruits sur génoise, type miroir, bavarois","Sponge cake w fruit mousse","2",0,"Ambiant (long)","Pas de préparation",5,0.37836222,2.7236595,0.0000017960238,0.65437686,0.0085248988,2.3762577e-7,3.7232358e-8,1.2154191e-9,0.030116658,0.00078539508,0.0097029111,0.12073305,30.599685,82.912608,1.3420936,42.555647,0.000058808937,"PACK PROXY"
"23009","23009","produits céréaliers","gâteaux et pâtisseries","Fraisier ou framboisier","Sponge sandwich cake filled and topped with strawberries or raspberries","2",0,"Ambiant (long)","Pas de préparation",5,0.50134786,2.2529665,0.0000021859359,0.61891947,0.0078690745,2.4050449e-7,1.1155462e-7,1.3540567e-9,0.028649281,0.00052437597,0.0094258419,0.11530417,151.20709,94.824964,15.354435,35.22136,0.000056091842,"PACK PROXY"
"26172","26172","viandes, œufs, poissons","poissons crus","Loup tacheté, cru","Spotted wolffish","2",0,"Glacé","Pas de préparation",5,1.9688571000000001,12.188752,0.0000017640754,0.28003355,0.23912983,0.0000024713049,4.7505226e-8,5.4092627e-9,0.31970158,0.00052943654,0.078563124,0.85806833,12.058341,16.31433,0.39493123,161.74181,0.000065558231,"PACK PROXY"
"25419","25419","entrées et plats composés","feuilletées et autres entrées","Rouleau de printemps","Spring roll","2",0,"Glacé","Four",5,0.26813317999999997,2.477473,0.0000012460376,1.1700838,0.0097911916,1.3773426e-7,7.7967516e-7,2.7932916e-9,0.01540499,0.00092718288,0.012315146,0.049874825,49.638981,-1801.4625,2.9259046,47.704157,0.000041374624,"PACK PROXY"
"20267","20267","fruits, légumes, légumineuses et oléagineux","légumes","Printanière de légumes, surgelée, crue (haricots verts, carottes, pomme de terre, petits pois, oignons)","Spring vegetables, frozen, raw (French beans, carrots, potatoes, green peas, onions)","2",0,"Congelé","Pas de préparation",5,0.15682496,1.0685159,3.7743914e-8,0.66040007,0.0034397338,9.5851647e-8,2.3166125e-8,4.0275502e-9,0.010161058,0.00025939091,0.0053025349,0.041757264,15.42143,84.940045,0.64279327,25.505075,0.0000074978368,"PACK AGB"
"20139","20139","fruits, légumes, légumineuses et oléagineux","légumes","Courge, crue","Squash, all types, raw","2",0,"Ambiant (moyen)","Pas de préparation",5,0.1308951,0.71411027,2.1792944e-8,0.17172636,0.0026598703,4.3253684e-8,1.7913363e-7,2.4913987e-9,0.0046008224,0.00027034978,0.011629437,0.017778879,5.2156761,125.69543,0.8877302,10.646756,0.0000044430145,"PACK AGB"
"20138","20138","fruits, légumes, légumineuses et oléagineux","légumes","Courge doubeurre (butternut), pulpe, crue","Squash, butternut, pulp, raw","2",0,"Ambiant (moyen)","Pas de préparation",5,0.1308951,0.71411027,2.1792944e-8,0.17172636,0.0026598703,4.3253684e-8,1.7913363e-7,2.4913987e-9,0.0046008224,0.00027034978,0.011629437,0.017778879,5.2156761,125.69543,0.8877302,10.646756,0.0000044430145,"PACK AGB"
"20136","20136","fruits, légumes, légumineuses et oléagineux","légumes","Courge melonnette, pulpe, crue","Squash, melonnette jaspée from Vendée, pulp, raw","2",0,"Ambiant (moyen)","Pas de préparation",5,0.1308951,0.71411027,2.1792944e-8,0.17172636,0.0026598703,4.3253684e-8,1.7913363e-7,2.4913987e-9,0.0046008224,0.00027034978,0.011629437,0.017778879,5.2156761,125.69543,0.8877302,10.646756,0.0000044430145,"PACK AGB"
"20143","20143","fruits, légumes, légumineuses et oléagineux","légumes","Courge spaghetti, pulpe, cuite","Squash, spaghetti, pulp, cooked","2",0,"Ambiant (moyen)","Cuisson à l'eau",5,0.21741884,1.6257417,5.1584242e-8,0.36308549,0.0055840578,7.1342039e-8,2.1489657e-7,3.0937218e-9,0.0072866109,0.00047360164,0.014226945,0.025968901,8.5502877,154.36444,1.2597634,27.473475,0.0000085714097,"PACK AGB"
"20145","20145","fruits, légumes, légumineuses et oléagineux","légumes","Courge spaghetti, pulpe, crue","Squash, spaghetti, pulp, raw","2",0,"Ambiant (moyen)","Pas de préparation",5,0.1308951,0.71411027,2.1792944e-8,0.17172636,0.0026598703,4.3253684e-8,1.7913363e-7,2.4913987e-9,0.0046008224,0.00027034978,0.011629437,0.017778879,5.2156761,125.69543,0.8877302,10.646756,0.0000044430145,"PACK AGB"
"26268","26268","entrées et plats composés","pizzas, tartes et crêpes salées","Tielle sétoise","Squid and spicy tomato sauce pie","2",0,"Glacé","Four",5,0.54985084,3.4231419,2.0172277e-7,1.2353516,0.041989645,4.8605866e-7,5.387192e-8,4.7014312e-9,0.060950448,0.00054405228,0.019254642,0.1769959,36.2077,121.0454,3.7145848,66.198668,0.000019928098,"PACK PROXY"
"10002","10002","viandes, œufs, poissons","produits à base de poissons et produits de la mer","Calmar ou Calamar ou encornet, à la romaine (beignet)","Squid fritter, Roman-style","2",0,"Glacé","Pas de préparation",5,0.9787282800000001,6.1257754,0.0000019023979,0.24449976,0.11153024,0.0000011544789,2.6280213e-8,2.6014576e-9,0.14839242,0.00032620313,0.036487479,0.39769946,6.8354102,9.2223965,0.25211443,83.670688,0.000058474269,"PACK PROXY"
"10037","10037","viandes, œufs, poissons","mollusques et crustacés cuits","Calmar ou calamar ou encornet, bouilli/cuit à l'eau","Squid, boiled/cooked in water","2",0,"Glacé","Cuisson à l'eau",5,1.0940279,6.9301092,1.879618e-7,0.47293214,0.13317083,0.0000013763317,2.8054313e-8,3.0448368e-9,0.17776476,0.000305918,0.04370591,0.47761287,6.8961115,9.7005399,0.24900719,98.25951,0.000019611779,"PACK PROXY"
"10084","10084","viandes, œufs, poissons","mollusques et crustacés cuits","Calmar ou calamar ou encornet, frit ou poêlé avec matière grasse","Squid, fried or pan-fried with fat","2",0,"Glacé","Poêle",5,1.086084,6.8523231,1.8516456e-7,0.38017593,0.13303331,0.0000013758621,2.7455421e-8,3.0616234e-9,0.17769554,0.00030246659,0.043820818,0.47769731,7.6083938,12.892706,0.24343553,95.122372,0.000018834637,"PACK PROXY"
"10001","10001","viandes, œufs, poissons","mollusques et crustacés crus","Calmar ou calamar ou encornet, cru","Squid, raw","2",0,"Glacé","Pas de préparation",5,0.9149506599999999,6.1904903,1.5580879e-7,0.2569704,0.1099884,0.000001132795,2.6808671e-8,2.5761141e-9,0.14598221,0.00032677839,0.036284743,0.39258354,7.6230449,8.3688008,0.27200067,80.357668,0.000015806579,"PACK PROXY"
"25124","25124","entrées et plats composés","plats composés","Navarin d'agneau aux légumes","Stewed lamb garnished with potatoes and other vegetables","2",0,"Glacé","Micro-onde",5,2.7539027000000003,20.870886,1.2130372e-7,1.0698017,0.040597757,0.0000033288425,4.6947446e-7,1.286881e-8,0.48944565,0.0012373577,0.10299593,2.1762193,98.779858,1660.1497,2.7662395,69.853017,0.000036266499,"PACK AGB"
"18075","18075","boissons","boissons sans alcool","Boisson au thé, aromatisée, sucrée","Still soft drink with tea extract, flavoured, with sugar","2",0,"Glacé","Pas de préparation",5,0.059159235,0.43954384,4.2363221e-7,0.21397004,0.0015788382,2.6464652e-8,2.9488882e-9,9.261205e-11,0.0023916285,0.000076292472,0.00071476321,0.0080612536,1.6191889,4.3249029,0.31173868,9.667021,0.000012692096,"PACK PROXY"
"18065","18065","boissons","boissons sans alcool","Boisson au thé, aromatisée, non sucrée, avec édulcorants","Still soft drink with tea extract, flavoured, without sugar and with artificial sweeteners","2",0,"Glacé","Pas de préparation",5,0.059159235,0.43954384,4.2363221e-7,0.21397004,0.0015788382,2.6464652e-8,2.9488882e-9,9.261205e-11,0.0023916285,0.000076292472,0.00071476321,0.0080612536,1.6191889,4.3249029,0.31173868,9.667021,0.000012692096,"PACK PROXY"
"18015","18015","boissons","boissons sans alcool","Boisson au thé, aromatisée, sucrée, avec édulcorants","Still soft drink with tea extract, with sugar and artificial sweetener(s)","2",0,"Glacé","Pas de préparation",5,0.059159235,0.43954384,4.2363221e-7,0.21397004,0.0015788382,2.6464652e-8,2.9488882e-9,9.261205e-11,0.0023916285,0.000076292472,0.00071476321,0.0080612536,1.6191889,4.3249029,0.31173868,9.667021,0.000012692096,"PACK PROXY"
"30742","30742","viandes, œufs, poissons","charcuteries","Saucisse de Strasbourg ou Knack","Strasbourg sausage","2",0,"Glacé","Four",5,0.57469061,4.3959669,6.8770923e-8,1.6698416,0.011544691,4.700974e-7,5.3211817e-8,2.6266449e-9,0.065474743,0.00066478425,0.018149887,0.27334148,114.69352,217.20701,1.1154525,59.241573,0.000019923671,"PACK AGB"
"23491","23491","produits céréaliers","gâteaux et pâtisseries","Tarte aux fraises","Strawberries tart","2",0,"Ambiant (long)","Pas de préparation",5,0.42494613999999997,2.2413329,0.0000027126984,0.63019544,0.0068737707,1.646091e-7,5.7209099e-8,1.729612e-9,0.019341022,0.00069671514,0.0066938809,0.074635038,302.45723,57.510899,3.2981405,38.612136,0.000056625558,"PACK PROXY"
"19127","19127","boissons","boissons sans alcool","Boisson lactée aromatisée à la fraise, sucrée, au lait partiellement écrémé, enrichie à la vitamine D","Strawberry flavoured milk, with sugar, partially skimmed, fortified with vitamins D","2",0,"Glacé","Pas de préparation",5,0.13317837999999999,1.3159061,2.930288e-8,0.23619997,0.0035310594,1.1499469e-7,1.980607e-8,5.288261e-10,0.014966042,0.00013819313,0.0035361093,0.062191616,9.5183617,37.74657,0.20036133,13.620643,0.0000045613862,"PACK PROXY"
"0003","3","fruits, légumes, légumineuses et oléagineux","fruits","Coulis de fraise","Strawberry, coulis","2",0,"Ambiant (long)","Pas de préparation",5,0.43738455,3.7530011,9.0817227e-8,0.64092442,0.014324196,1.797979e-7,8.4325168e-8,4.9685993e-9,0.023841927,0.0015403531,0.0078226145,0.062568693,116.02117,87.730216,6.3924609,56.097269,0.000014821763,"PACK AGB"
"13014_2","13014","fruits, légumes, légumineuses et oléagineux","fruits","Fraise, de saison, crue","Strawberry, in-season, raw","1",0,"Ambiant (moyen)","Pas de préparation",5,0.10876402,0.5669715,2.3353154e-8,0.053059985,0.0025559013,5.6657704e-8,1.7249431e-8,4.1147539e-10,0.0069961482,0.0001193979,0.0049094375,0.026680997,10.488495,64.554957,4.106397,7.5837194,0.0000041320898,"PACK AGB"
"13014_3","13014","fruits, légumes, légumineuses et oléagineux","fruits","Fraise, hors-saison, crue","Strawberry, off-season, raw","0",0,"Ambiant (moyen)","Pas de préparation",5,0.17220449,0.64058311,2.5472814e-8,0.092423387,0.0030542876,6.102516e-8,1.831483e-8,3.6501866e-10,0.0075491483,0.00012840702,0.0050339215,0.028418189,10.674074,114.68244,10.81479,9.5988053,0.0000049574493,"PACK AGB"
"13014_1","13014","fruits, légumes, légumineuses et oléagineux","fruits","Fraise, crue","Strawberry, raw","2",0,"Ambiant (moyen)","Pas de préparation",5,0.29053816000000005,1.0122706,0.0000014016327,0.11846894,0.0035989932,6.1205489e-8,5.5254575e-8,1.6453054e-9,0.0052135263,0.00058028102,0.0020618296,0.017838011,431.99906,20.826993,3.9666228,17.286814,0.00001116799,"PACK AGB"
"25106","25106","entrées et plats composés","plats composés","Chou farci","Stuffed cabbage","2",0,"Glacé","Micro-onde",5,0.41844282,3.4042178,5.5032484e-8,0.96869463,0.0095299117,3.2920064e-7,4.3708093e-8,4.6137325e-9,0.044979338,0.00050599417,0.015666028,0.18708844,74.675667,171.81862,0.81670925,41.966894,0.000013167844,"PACK AGB"
"25103","25103","entrées et plats composés","plats composés","Tomate farcie","Stuffed tomatoes","2",0,"Glacé","Micro-onde",5,0.50364414,3.980185,7.927435e-8,1.0204173,0.012343898,3.6381486e-7,6.2066881e-8,4.445842e-9,0.048748146,0.00060294268,0.016482101,0.20008139,107.98416,182.03751,3.5894593,51.128981,0.000015827632,"PACK AGB"
"25511","25511","entrées et plats composés","plats composés","Légumes farcis (sauf tomate)","Stuffed vegetables (excluding tomato)","2",0,"Glacé","Micro-onde",5,0.44181952,3.3742611,5.47878e-8,1.0107253,0.0095082463,3.2727458e-7,1.1983099e-7,5.6401084e-9,0.044879383,0.00057197903,0.018060883,0.18642901,72.737349,206.18079,1.1485543,43.203592,0.000013703909,"PACK AGB"
"31042","31042","produits sucrés","chocolats et produits à base de chocolat","Cacahuètes enrobées de chocolat dragéifiées","Sugar and chocolate coated peanut","2",0,"Ambiant (long)","Pas de préparation",5,1.0617985,9.1296626,7.3584847e-7,0.74852031,0.021005956,4.4818848e-7,2.5503128e-7,4.0145414e-9,0.0506053,0.0012736316,0.031424014,0.20802895,52.092456,436.26017,43.683153,50.58039,0.000038212413,"PACK PROXY"
"31017","31017","produits sucrés","sucres, miels et assimilés","Sucre roux","Sugar, brown","2",0,"Ambiant (long)","Pas de préparation",5,0.22855831,0.63396372,4.6997449e-8,0.078964576,0.0053166417,1.0709621e-7,1.1052015e-7,7.1846105e-9,0.013699037,0.00020395482,0.0073333467,0.057919946,217.47,80.654629,3.3341065,7.6735193,0.0000040346655,"PACK PROXY"
"31044","31044","produits sucrés","sucres, miels et assimilés","Sucre vanillé","Sugar, vanilla flavoured","2",0,"Ambiant (long)","Pas de préparation",5,0.15557585,1.0588494,1.4858081e-8,0.12968767,0.0043434931,1.5534565e-7,-9.8435241e-9,1.904958e-10,0.017790511,0.0002775092,0.0064814034,0.073146418,9.481547,40.763397,2.153228,13.431007,0.0000059203202,"PACK PROXY"
"31016","31016","produits sucrés","sucres, miels et assimilés","Sucre blanc","Sugar, white","2",0,"Ambiant (long)","Pas de préparation",5,0.12922829000000002,0.78098328,1.1609579e-8,0.095781782,0.0034393691,1.3373061e-7,-1.2913082e-8,7.5398769e-11,0.016624982,0.00018180739,0.0053489721,0.070291996,6.7330005,32.328246,2.0660336,10.256861,0.0000046036668,"PACK PROXY"
"31036","31036","produits sucrés","confiseries non chocolatées","Dragée amande","Sugar-coated almond","2",0,"Ambiant (long)","Pas de préparation",5,1.2340327,1.2304825,7.4296105e-7,0.6405153,0.014707498,4.93774e-7,5.0365073e-7,1.096623e-9,0.047945165,0.00090503736,0.02007548,0.19346869,69.269194,246.77446,97.769324,41.424355,0.0000507689,"PACK PROXY"
"17440","17440","matières grasses","huiles et graisses végétales","Huile de tournesol","Sunflower oil","2",0,"Ambiant (long)","Pas de préparation",5,0.36962915,2.1567127,2.9496303e-7,0.25515332,0.0087364877,1.6712619e-7,3.578617e-8,7.1215361e-9,0.020681322,0.0013590739,0.027066398,0.084901107,142.93832,554.45914,0.47097453,22.057805,0.000014685372,"PACK AGB"
"15011","15011","fruits, légumes, légumineuses et oléagineux","fruits à coque et graines oléagineuses","Tournesol, graine","Sunflower seed","2",0,"Ambiant (long)","Pas de préparation",5,0.39457664,2.7726314,6.2975447e-8,0.26042304,0.0086879306,1.8216813e-7,3.1672921e-8,6.0879181e-9,0.02339176,0.0012418979,0.027138879,0.097066403,132.34663,573.20647,0.67638809,25.910758,0.000014109141,"PACK PROXY"
"15045","15045","fruits, légumes, légumineuses et oléagineux","fruits à coque et graines oléagineuses","Tournesol, graine, grillé, salé","Sunflower seed, grilled, salted","2",0,"Ambiant (long)","Pas de préparation",5,0.39457664,2.7726314,6.2975447e-8,0.26042304,0.0086879306,1.8216813e-7,3.1672921e-8,6.0879181e-9,0.02339176,0.0012418979,0.027138879,0.097066403,132.34663,573.20647,0.67638809,25.910758,0.000014109141,"PACK PROXY"
"26239","26239","viandes, œufs, poissons","produits à base de poissons et produits de la mer","Surimi, fourré au fromage","Surimi, filled w cheese","2",0,"Glacé","Pas de préparation",5,1.1221898000000001,7.5922999,2.0241385e-7,0.72134439,0.12401155,0.0000013192628,4.2325959e-8,3.2035246e-9,0.17018691,0.00054087991,0.043154452,0.47079659,19.10441,56.290052,0.91066502,109.81272,0.000021366715,"PACK AGB"
"26046","26046","viandes, œufs, poissons","produits à base de poissons et produits de la mer","Surimi, bâtonnets, tranche ou râpé saveur crabe","Surimi, on sticks, in slices or grated, crab flavour","2",0,"Glacé","Pas de préparation",5,1.1221898000000001,7.5922999,2.0241385e-7,0.72134439,0.12401155,0.0000013192628,4.2325959e-8,3.2035246e-9,0.17018691,0.00054087991,0.043154452,0.47079659,19.10441,56.290052,0.91066502,109.81272,0.000021366715,"PACK AGB"
"26244","26244","viandes, œufs, poissons","poissons crus","Rouget-barbet, filet avec peau, surgelé, cru (Thaïlande, Sénégal…)","Surmullet or red mullet, fillet with skin, frozen, raw (from Thailand or Senegal)","2",0,"Congelé","Pas de préparation",5,1.3730648,8.2153683,2.2432564e-7,0.50969293,0.13597665,0.0000013428235,1.0339223e-7,3.8262115e-9,0.17928035,0.0013818388,0.044306014,0.48066345,29.262917,15.358646,0.90378836,118.04662,0.00016493699,"PACK PROXY"
"26085","26085","viandes, œufs, poissons","poissons crus","Rouget-barbet de roche, cru","Surmullet or red mullet, raw","2",0,"Glacé","Pas de préparation",5,1.3222520999999998,7.6024979,0.0000016586786,0.26451245,0.12815018,0.0000013205452,9.9289907e-8,3.6976405e-9,0.17118358,0.00059572919,0.041948434,0.45450738,25.481151,13.644315,0.64510774,102.87958,0.00019466858,"PACK PROXY"
"26110","26110","viandes, œufs, poissons","poissons crus","Rouget-barbet de roche, vapeur","Surmullet or red mullet, steamed","2",0,"Glacé","Four",5,1.6472088999999999,9.3710694,0.0000020278661,0.84011139,0.15682384,0.0000016181809,1.2490049e-7,4.580668e-9,0.20968897,0.00077420029,0.051347594,0.55603277,31.640555,17.309876,0.82299329,137.11359,0.00024193131,"PACK PROXY"
"25456","25456","entrées et plats composés","plats composés","Sushi ou Maki aux produits de la mer","Sushi or maki with seafood products","2",0,"Glacé","Micro-onde",5,0.2944802,2.2552872,5.512779e-8,0.34323457,0.0082485229,1.0592511e-7,1.4743464e-7,7.8397737e-10,0.013092925,0.00035722357,0.014054902,0.048339033,24.99302,64.190535,7.7745619,31.117681,0.000012946253,"PACK PROXY"
"7421","7421","produits céréaliers","pains et viennoiseries","Pain grillé suédois aux fruits","Swedish toast, with fruits","2",0,"Ambiant (court)","Pas de préparation",5,0.18052852000000003,1.2896738,2.8676384e-8,0.48732571,0.0049095451,1.2552565e-7,1.152838e-7,1.6264255e-9,0.01557221,0.00027238687,0.008244984,0.065132626,14.644583,69.225253,0.5407189,19.693864,0.0000054501501,"PACK PROXY"
"7409","7409","produits céréaliers","pains et viennoiseries","Pain grillé suédois aux graines de lin","Swedish toast, with linseeds","2",0,"Ambiant (court)","Pas de préparation",5,0.18052852000000003,1.2896738,2.8676384e-8,0.48732571,0.0049095451,1.2552565e-7,1.152838e-7,1.6264255e-9,0.01557221,0.00027238687,0.008244984,0.065132626,14.644583,69.225253,0.5407189,19.693864,0.0000054501501,"PACK PROXY"
"11163","11163","aides culinaires et ingrédients divers","sauces","Sauce aigre douce, préemballée","Sweet and sour sauce, prepacked","2",0,"Glacé","Micro-onde",5,0.26500434,1.734555,9.443748e-7,0.86099095,0.0068250422,1.0638101e-7,3.4301324e-8,8.338749e-9,0.011514744,0.00034418159,0.0069880502,0.041344199,43.759588,85.851806,2.8093145,38.405242,0.000029367861,"PACK PROXY"
"20066","20066","fruits, légumes, légumineuses et oléagineux","légumes","Maïs doux, appertisé, égoutté","Sweet corn, canned, drained","2",0,"Ambiant (long)","Pas de préparation",5,0.16842688,1.362018,3.9333214e-8,0.24045367,0.0051267479,1.5083076e-7,2.1464977e-8,4.3165255e-9,0.013871147,0.00035589744,0.0051579479,0.062847735,22.984385,67.253956,0.5653195,18.529212,0.0000046902786,"PACK AGB"
"20233","20233","fruits, légumes, légumineuses et oléagineux","légumes","Maïs doux, surgelé, cru","Sweet corn, frozen, raw","2",0,"Congelé","Pas de préparation",5,0.12137683,0.82651158,2.5241209e-8,0.57582177,0.0029119745,7.2475831e-8,1.6023289e-8,6.6112735e-10,0.0095249745,0.00019278629,0.0039116743,0.035504971,17.77697,52.328308,0.4143277,19.937955,0.0000058993683,"PACK AGB"
"20049","20049","fruits, légumes, légumineuses et oléagineux","légumes","Maïs doux, en épis, cuit","Sweet corn, on the cob, cooked","2",0,"Ambiant (moyen)","Cuisson à l'eau",5,0.15406943,1.4437545,5.3189103e-8,0.18613731,0.004805442,9.4161139e-8,2.8562142e-8,4.8909004e-10,0.010856902,0.00023257225,0.004983063,0.043427581,9.9773407,23.337192,2.2837602,19.285592,0.0000058691852,"PACK AGB"
"20108","20108","fruits, légumes, légumineuses et oléagineux","légumes","Maïs doux, en épis, surgelé, cru","Sweet corn, on the cob, frozen, raw","2",0,"Congelé","Pas de préparation",5,0.14145169,1.0440957,2.6160316e-8,0.57922266,0.0032782475,8.5664154e-8,1.8847468e-8,7.9513722e-10,0.011536363,0.00023599968,0.0050167176,0.043392068,22.842157,64.857337,0.48996638,20.545284,0.0000062287271,"PACK AGB"
"20134","20134","fruits, légumes, légumineuses et oléagineux","légumes","Courge hokkaïdo, pulpe, crue","Sweet green hokkaido squash, pulp, raw","2",0,"Ambiant (moyen)","Pas de préparation",5,0.1308951,0.71411027,2.1792944e-8,0.17172636,0.0026598703,4.3253684e-8,1.7913363e-7,2.4913987e-9,0.0046008224,0.00027034978,0.011629437,0.017778879,5.2156761,125.69543,0.8877302,10.646756,0.0000044430145,"PACK AGB"
"20086","20086","fruits, légumes, légumineuses et oléagineux","légumes","Poivron vert, cuit","Sweet pepper, green, cooked","2",0,"Ambiant (moyen)","Cuisson à l'eau",5,0.7063044900000001,4.4122933,5.7622814e-8,0.32466532,0.02113427,4.7330448e-7,0.0000014107887,7.5145137e-9,0.052662403,0.0015322037,0.017079089,0.18996248,38.737491,62.533372,3.8925403,46.638246,0.000011408871,"PACK AGB"
"20085","20085","fruits, légumes, légumineuses et oléagineux","légumes","Poivron vert, cru","Sweet pepper, green, raw","2",0,"Ambiant (moyen)","Pas de préparation",5,0.54941571,3.099595,2.6962388e-8,0.13883599,0.015971949,3.8736189e-7,0.0000012029016,6.2759085e-9,0.043445702,0.0011765878,0.014071074,0.15816895,31.058051,47.081553,3.141573,27.053152,0.0000068720818,"PACK AGB"
"20041","20041","fruits, légumes, légumineuses et oléagineux","légumes","Poivron, vert, jaune ou rouge, cru","Sweet pepper, green, yellow or red, raw","2",0,"Ambiant (moyen)","Pas de préparation",5,0.54941571,3.099595,2.6962388e-8,0.13883599,0.015971949,3.8736189e-7,0.0000012029016,6.2759085e-9,0.043445702,0.0011765878,0.014071074,0.15816895,31.058051,47.081553,3.141573,27.053152,0.0000068720818,"PACK AGB"
"20275","20275","fruits, légumes, légumineuses et oléagineux","légumes","Poivron rouge, appertisé, égoutté","Sweet pepper, red, canned, drained","2",0,"Ambiant (long)","Micro-onde",5,0.48558594,3.0955963,4.9592598e-8,0.35222976,0.014524972,3.3167308e-7,9.0309357e-7,8.6060519e-9,0.034781111,0.001102701,0.011410157,0.12429803,26.623615,42.800264,2.5376303,35.676532,0.0000079028678,"PACK AGB"
"20088","20088","fruits, légumes, légumineuses et oléagineux","légumes","Poivron rouge, cuit","Sweet pepper, red, cooked","2",0,"Ambiant (moyen)","Cuisson à l'eau",5,0.7063044900000001,4.4122933,5.7622814e-8,0.32466532,0.02113427,4.7330448e-7,0.0000014107887,7.5145137e-9,0.052662403,0.0015322037,0.017079089,0.18996248,38.737491,62.533372,3.8925403,46.638246,0.000011408871,"PACK AGB"
"20087","20087","fruits, légumes, légumineuses et oléagineux","légumes","Poivron rouge, cru","Sweet pepper, red, raw","2",0,"Ambiant (moyen)","Pas de préparation",5,0.54941571,3.099595,2.6962388e-8,0.13883599,0.015971949,3.8736189e-7,0.0000012029016,6.2759085e-9,0.043445702,0.0011765878,0.014071074,0.15816895,31.058051,47.081553,3.141573,27.053152,0.0000068720818,"PACK AGB"
"20168","20168","fruits, légumes, légumineuses et oléagineux","légumes","Poivron jaune, cru","Sweet pepper, yellow, raw","2",0,"Ambiant (moyen)","Pas de préparation",5,0.54941571,3.099595,2.6962388e-8,0.13883599,0.015971949,3.8736189e-7,0.0000012029016,6.2759085e-9,0.043445702,0.0011765878,0.014071074,0.15816895,31.058051,47.081553,3.141573,27.053152,0.0000068720818,"PACK AGB"
"4102","4102","fruits, légumes, légumineuses et oléagineux","pommes de terre et autres tubercules","Patate douce, cuite","Sweet potato, cooked","2",0,"Ambiant (moyen)","Cuisson à l'eau",5,0.12636989999999998,1.0018933,4.1025511e-8,0.18244852,0.0047941327,5.4434916e-8,1.9089316e-8,3.8585057e-10,0.0066999988,0.00038664703,0.0038337591,0.023147915,24.353146,29.874999,2.2789224,15.997011,0.0000048981568,"PACK PROXY"
"4103","4103","fruits, légumes, légumineuses et oléagineux","pommes de terre et autres tubercules","Patate douce, purée, cuisinée à la crème","Sweet potato, puree, cooked with cream","2",0,"Ambiant (moyen)","Micro-onde",5,0.20714021,1.7565125,6.498123e-8,0.55985167,0.0056468942,1.3422145e-7,3.1778655e-8,7.3320649e-10,0.018385327,0.00036026608,0.0064482362,0.073845522,24.729922,53.66425,1.6487049,26.235866,0.0000065271931,"PACK PROXY"
"4101","4101","fruits, légumes, légumineuses et oléagineux","pommes de terre et autres tubercules","Patate douce, crue","Sweet potato, raw","2",0,"Ambiant (moyen)","Pas de préparation",5,0.064340186,0.42796203,1.8604518e-8,0.041179651,0.0024666016,3.1511314e-8,1.1261843e-8,2.0277197e-10,0.0040454579,0.00021341151,0.0024726946,0.014509704,16.158138,18.176746,1.4767716,5.2252592,0.0000021141035,"PACK AGB"
"40304","40304","viandes, œufs, poissons","viandes crues","Ris, veau, cru","Sweetbread, calf, raw","2",0,"Glacé","Pas de préparation",5,1.3354154999999999,13.601782,1.949333e-7,1.3076888,0.028386167,0.0000011145557,1.787789e-7,7.5352374e-9,0.15369484,0.0012884326,0.051237767,0.64813179,126.54987,656.43781,2.1532557,104.8375,0.000034072238,"PACK AGB"
"40305","40305","viandes, œufs, poissons","viandes cuites","Ris, veau, braisé ou sauté/poêlé","Sweetbread, calf, sautéed/pan-fried","2",0,"Glacé","Poêle",5,1.8465015999999999,18.779594,2.723644e-7,1.9221334,0.039216603,0.0000015306704,2.4636416e-7,1.0411816e-8,0.21106656,0.0017903609,0.070475297,0.88953659,174.61681,903.72288,2.9652401,148.25913,0.000047917123,"PACK AGB"
"40303","40303","viandes, œufs, poissons","viandes cuites","Ris, agneau, cuit","Sweetbread, lamb, cooked","2",0,"Glacé","Four",5,3.610846,27.290541,1.4645884e-7,1.3698251,0.052669093,0.0000044159372,6.1648396e-7,1.3579202e-8,0.64966558,0.0015047716,0.13331989,2.8893418,123.18027,2157.191,3.2813055,85.899596,0.000048854291,"PACK AGB"
"40302","40302","viandes, œufs, poissons","viandes crues","Ris, agneau, cru","Sweetbread, lamb, raw","2",0,"Glacé","Pas de préparation",5,2.6104642,19.845632,1.050082e-7,0.62208646,0.038173018,0.0000032174754,4.470845e-7,9.8588247e-9,0.47347924,0.0010636776,0.097171525,2.1071514,89.482003,1573.3052,2.3681387,54.284318,0.000032555888,"PACK AGB"
"20005","20005","fruits, légumes, légumineuses et oléagineux","légumes","Bette ou blette, cuite","Swiss chard, cooked","2",0,"Ambiant (moyen)","Cuisson à l'eau",5,0.13535645,1.4855744,4.9230673e-8,0.43559622,0.0047962084,5.744416e-8,1.8230883e-8,3.5444199e-10,0.0047679044,0.00026379852,0.0035221269,0.014623223,16.682659,-16.740598,0.58721784,27.005821,0.0000085422922,"PACK AGB"
"20004","20004","fruits, légumes, légumineuses et oléagineux","légumes","Bette ou blette, crue","Swiss chard, raw","2",0,"Ambiant (moyen)","Pas de préparation",5,0.057471578,0.58557227,1.9533049e-8,0.18357477,0.0019519037,3.08007e-8,1.0418277e-8,1.4000719e-10,0.0023801509,0.000086199968,0.0024531081,0.0079639168,12.126414,-20.845629,0.30855723,9.1302844,0.00000400728,"PACK AGB"
"26082","26082","viandes, œufs, poissons","poissons crus","Espadon, cru","Swordfish, raw","2",0,"Glacé","Pas de préparation",5,0.8406778899999999,4.7571689,0.0000015796852,0.25965509,0.069608091,7.2894242e-7,8.141288e-8,2.3194108e-9,0.094036502,0.00071488886,0.022586923,0.2441613,14.931256,12.327168,0.40636961,65.167452,0.0001701467,"PACK PROXY"
"26093","26093","viandes, œufs, poissons","poissons cuits","Espadon, rôti/cuit au four","Swordfish, roasted/baked","2",0,"Glacé","Four",5,1.0591788999999998,5.8967576,0.0000019314106,0.83418028,0.085340557,8.9579959e-7,1.030716e-7,2.8977696e-9,0.11548792,0.00091970117,0.027706065,0.299188,18.758521000000002,15.701564,0.53148019,91.064898,0.00021198868,"PACK PROXY"
"18058","18058","boissons","boissons sans alcool","Boisson préparée à partir de sirop à diluer type menthe, fraise, etc, sucré, dilué dans l'eau","Syrup (mint, strawberries flavouredetc.), with sugar diluted in water","2",0,"Ambiant (long)","Pas de préparation",5,0.026208982999999998,0.13795919,1.7704351e-9,0.018867159,0.00054442225,1.6972252e-8,1.4721122e-8,4.6975427e-10,0.0018219287,0.000038656779,0.00064402221,0.00730913,1.9101922,4.0671232,0.91352987,1.8295682,7.4511291e-7,"PACK PROXY"
"20918","20918","aides culinaires et ingrédients divers","ingrédients divers","Sirop pour fruits appertisés au sirop","Syrup for canned fruits in syrup","2",0,"Ambiant (long)","Pas de préparation",5,0.14531466,0.99017738,0.0000020289709,0.16152378,0.0031672547,4.8187484e-8,5.6409868e-9,2.1400159e-10,0.0045489406,0.00016987558,0.0012624626,0.013768329,3.0029781,7.1676189,0.38605948,17.072416,0.000052289079,"PACK PROXY"
"31089","31089","aides culinaires et ingrédients divers","ingrédients divers","Sirop d'agave","Syrup, agave","2",0,"Ambiant (long)","Pas de préparation",5,0.7807671300000001,6.1070334,0.0000020974621,2.7783856,0.05013621,3.2487179e-7,1.400481e-7,4.8473865e-9,0.048362917,0.0014765772,0.019853192,0.18923355,18.211286,145.04813,0.64042117,130.70424,0.000084009506,"PACK PROXY"
"31034","31034","aides culinaires et ingrédients divers","ingrédients divers","Sirop d'érable","Syrup, maple","2",0,"Ambiant (long)","Pas de préparation",5,0.2986808,2.2947308,0.0000022896173,0.21656744,0.0099048943,3.0832552e-7,2.6212297e-8,7.390736e-10,0.0088881589,0.00034613162,0.002962214,0.026171908,8.1748944,73.823064,2.4003794,32.848401,0.0000598446,"PACK PROXY"
"18017","18017","boissons","boissons sans alcool","Sirop à diluer, sucré","Syrup, with sugar (to be diluted)","2",0,"Ambiant (long)","Pas de préparation",5,0.17482241,0.92127257,1.1818597e-8,0.12467306,0.0036343967,1.1336412e-7,9.8323169e-8,3.1396378e-9,0.012182527,0.00025809692,0.0043071954,0.048886338,12.772284,27.210813,6.0732673,12.189655,0.0000049704196,"PACK PROXY"
"26269","26269","entrées et plats composés","salades composées et crudités","Taboulé ou Salade de couscous au poulet, préemballé","Tabbouleh with chicken, prepacked","2",0,"Glacé","Pas de préparation",5,0.4326055,3.3331167,0.0000019960563,0.43267451,0.012357206,2.4558816e-7,4.6484101e-8,6.4205541e-9,0.030398414,0.00069763837,0.011520406,0.11745905,53.203834,130.287,2.1667514,46.275408,0.000060694937,"PACK AGB"
"25608","25608","entrées et plats composés","salades composées et crudités","Taboulé ou Salade de couscous, préemballé","Tabbouleh, prepacked","2",0,"Glacé","Pas de préparation",5,0.15759322,1.3667014,7.0592944e-8,0.1571933,0.0050010385,8.2104066e-8,2.5472006e-8,3.7953633e-9,0.010156701,0.00026150641,0.0062096589,0.038761022,19.812876,83.799574,1.373906,19.019969,0.0000069165614,"PACK AGB"
"15203","15203","fruits, légumes, légumineuses et oléagineux","fruits à coque et graines oléagineuses","Tahin ou Purée de sésame","Tahini (sesame paste)","2",0,"Ambiant (long)","Pas de préparation",5,1.3529965,6.044873,5.1684085e-7,0.59083222,0.049773471,4.5612705e-7,0.0000039299436,3.4633403e-8,0.076911306,0.00118021,0.03051309,0.33056149,44.731531,181.46991,7.5693931,77.662163,0.000029677108,"PACK PROXY"
"13080","13080","fruits, légumes, légumineuses et oléagineux","fruits","Tamarin, fruit immature, pulpe, cru","Tamarind, mature fruit, pulp, raw","2",0,"Ambiant (moyen)","Pas de préparation",5,0.14894982,0.63124829,2.5265495e-8,0.02036187,0.0032081656,5.5483266e-8,9.0872682e-9,1.7082977e-10,0.0046987952,0.00010033291,0.0026875509,0.015928475,3.3407555,22.679462,11.821618,6.5375096,0.0000030717181,"PACK AGB"
"20991","20991","aides culinaires et ingrédients divers","algues","Kombu breton (Laminaria digitata), séchée ou déshydratée","Tangle (Laminaria digitata), dried or dehydrated","2",0,"Ambiant (long)","Pas de préparation",5,1.5199106,11.997799,3.4245099e-7,10.916084,0.053612038,8.2793619e-7,8.105209e-8,7.2588381e-9,0.10413826,0.0025048177,0.013751618,0.12951886,39.754891,31.710309,4.1626904,392.11548,0.000076152516,"PACK PROXY"
"18066","18066","boissons","eaux","Eau du robinet","Tap water","2",0,"Ambiant (long)","Pas de préparation",5,0.00010057581,0.00034670132,5.1740964e-12,0.00027917831,0.0000015755444,3.8129126e-11,3.3914748e-11,7.0914345e-13,0.0000017788136,1.0553461e-7,4.75941e-7,0.000004846211,0.0019399855,0.0012397396,0.0070672085,0.0095082117,2.8110251e-9,"PACK AGB"
"11043","11043","aides culinaires et ingrédients divers","condiments","Tapenade","Tapenade (a puree of capers, pitted black olives, anchovy and herbs, with olive oil and lemon juice","2",0,"Glacé","Micro-onde",5,0.33465385,1.8795913,5.1878278e-8,0.71968721,0.011414399,1.8571807e-7,8.2313639e-8,1.0463443e-9,0.023062797,0.00044498139,0.010443485,0.079150095,28.840524,226.33464,7.9806399,38.633011,0.000010961178,"PACK PROXY"
"4000","4000","fruits, légumes, légumineuses et oléagineux","pommes de terre et autres tubercules","Tapioca ou Perles du Japon, cru","Tapioca, raw","2",0,"Ambiant (moyen)","Pas de préparation",5,0.095212901,0.63409078,3.3155192e-8,0.046111072,0.0043543796,4.1787154e-8,1.8656533e-8,2.3766315e-10,0.0068317095,0.00040193477,0.0043939424,0.021715119,30.97882,21.159918,1.5268389,7.2652986,0.0000030324159,"PACK PROXY"
"8293","8293","viandes, œufs, poissons","produits à base de poissons et produits de la mer","Tarama, préemballé","Taramasalata, prepacked","2",0,"Glacé","Pas de préparation",5,0.30225437,2.2794683,0.0000017997614,0.65658853,0.0074579507,1.5506666e-7,2.8764677e-8,1.0125228e-9,0.019759982,0.00037834432,0.0088876255,0.077868886,35.432975,147.44888,0.53335522,32.847053,0.000051054844,"PACK PROXY"
"53201","53201","fruits, légumes, légumineuses et oléagineux","pommes de terre et autres tubercules","Taro, tubercule, cuit","Taro, tuber, cooked","2",0,"Ambiant (moyen)","Cuisson à l'eau",5,0.18383866,1.599425,7.173951e-8,0.23286631,0.0056913445,7.3715461e-8,3.1945956e-8,5.0020786e-10,0.0075345656,0.0007374746,0.0057835268,0.024698707,46.410007,37.635531,2.4241322,24.844275,0.0000076787637,"PACK PROXY"
"53200","53200","fruits, légumes, légumineuses et oléagineux","pommes de terre et autres tubercules","Taro, tubercule, cru","Taro, tuber, raw","2",0,"Ambiant (moyen)","Pas de préparation",5,0.07712232100000001,0.48215222,3.0868169e-8,0.04189352,0.0020065091,3.4804899e-8,1.7833414e-8,2.0140206e-10,0.0037709666,0.00038745407,0.003552013,0.013296271,30.580154,20.038166,1.5142787,5.3748629,0.00000271594,"PACK AGB"
"11092","11092","aides culinaires et ingrédients divers","herbes","Estragon, frais","Tarragon, fresh","2",0,"Ambiant (long)","Pas de préparation",5,0.11182788,0.75820933,1.409491e-8,0.077709716,0.0026612892,5.8322528e-8,9.9239663e-9,1.8217767e-10,0.0065950678,0.00013724551,0.0034498405,0.02657042,2.725661,31.194226,4.5048586,11.083346,0.0000034587008,"PACK PROXY"
"11051","11051","aides culinaires et ingrédients divers","sauces","Sauce tartare, préemballée","Tartare sauce, prepacked","2",0,"Glacé","Pas de préparation",5,0.5149075,3.7846928,9.5394162e-7,1.1386803,0.011813078,3.2838633e-7,1.0549474e-7,2.3882268e-9,0.042673251,0.00055979276,0.020214393,0.17632029,122.21617,297.22199,0.73876271,48.68381,0.000042550063,"PACK PROXY"
"25137","25137","entrées et plats composés","plats composés","Tartiflette","Tartiflette (cheese fondue)","2",0,"Glacé","Micro-onde",5,0.42174284,3.4204098,0.0000015069034,0.92476711,0.0094334621,2.9013141e-7,5.0703284e-8,3.5452496e-9,0.038437289,0.0005743608,0.011012494,0.15698509,42.431401,121.09083,0.73472009,44.861475,0.000046992884,"PACK AGB"
"23496","23496","produits céréaliers","gâteaux et pâtisseries","Tarte Tatin aux pommes","Tatin tart (caramelized upside-down apple tart)","2",0,"Ambiant (long)","Pas de préparation",5,0.29832888,2.2540296,0.0000017853541,0.5806435,0.0064576057,1.8876055e-7,3.5327098e-8,9.5192352e-10,0.025010176,0.00027162837,0.0074665404,0.10240857,22.753351,71.849866,0.80934883,29.895838,0.000050455496,"PACK PROXY"
"18020","18020","boissons","boissons sans alcool","Thé infusé, non sucré","Tea, brewed, without sugar","2",0,"Ambiant (long)","Cuisson à l'eau",5,0.016599069,0.055482086,8.1945046e-10,0.06742541,0.00017047575,6.1585182e-9,1.3900526e-9,4.6528312e-11,0.00047117074,0.00001731867,0.00024435635,0.0017192364,1.6052078,4.0378354,0.99709257,1.6970489,6.7797405e-7,"PACK PROXY"
"20917","20917","aides culinaires et ingrédients divers","ingrédients divers","Tempeh","Tempeh","2",0,"Ambiant (long)","Pas de préparation",5,0.20444466,2.4424787,4.5322064e-8,0.17539736,0.0075448247,8.7076678e-8,3.2630053e-8,5.6409736e-10,0.0084996327,0.00041641652,0.0087752566,0.023692858,3.9647137,91.158802,1.0827498,36.623415,0.0000057539807,"PACK PROXY"
"19410","19410","lait et produits laitiers","crèmes et spécialités à base de crème","Crème de lait, 30% MG, épaisse, rayon frais","Thick cream 30% fat, refrigerated","2",0,"Glacé","Pas de préparation",5,0.34167559999999997,3.1872192,4.0547063e-8,0.39014777,0.0069994738,3.3710448e-7,5.7123674e-8,1.5383805e-9,0.048018451,0.00025816814,0.011109893,0.20489597,29.409099,118.67333,0.39832441,21.062197,0.0000083163694,"PACK AGB"
"19431","19431","lait et produits laitiers","crèmes et spécialités à base de crème","Crème de lait, 15 à 20% MG, légère, épaisse, rayon frais","Thick cream, light, 15-20% fat, refrigerated","2",0,"Glacé","Pas de préparation",5,0.25537903,2.4014217,3.6761781e-8,0.3646491,0.0055067984,2.4226903e-7,4.1354203e-8,1.1589405e-9,0.033972556,0.00021743667,0.0078933908,0.14406643,21.032704,85.15497,0.31258637,18.891557,0.0000067821478,"PACK AGB"
"23402","23402","produits céréaliers","farines et pâtes à tarte","Pâte à pizza fine, crue","Thin-crust pizza shell, raw","2",0,"Glacé","Four",5,0.19681856,1.4285233,3.8570005e-8,1.1338364,0.0052619317,8.7921807e-8,2.6513262e-8,7.8694871e-10,0.010890021,0.00028426847,0.0059821668,0.04186237,10.748022,76.944987,1.4078126,39.059558,0.00001082779,"PACK PROXY"
"20265","20265","fruits, légumes, légumineuses et oléagineux","légumes","Julienne ou brunoise de légumes, surgelée, crue","Thinly-shredded or diced vegetables, frozen, raw","2",0,"Congelé","Pas de préparation",5,0.11206578,0.78379823,2.5414872e-8,0.60764258,0.0025054564,3.5744262e-8,6.4540275e-8,1.0279188e-9,0.0033827799,0.00021324816,0.0052683323,0.011305028,4.733452,54.664788,0.74937677,20.691435,0.0000062179832,"PACK AGB"
"11038","11038","aides culinaires et ingrédients divers","herbes","Thym, séché","Thyme, dried","2",0,"Ambiant (long)","Pas de préparation",5,0.48872245,2.9022242,9.1529312e-8,0.32295374,0.013984577,2.8166874e-7,4.3386916e-8,7.2242804e-10,0.035299245,0.0005735983,0.016887434,0.13289585,22.714571,143.66078,20.151447,39.861074,0.000010963285,"PACK PROXY"
"11070","11070","aides culinaires et ingrédients divers","herbes","Thym, frais","Thyme, fresh","2",0,"Ambiant (long)","Pas de préparation",5,0.13416724,0.95484931,1.6938823e-8,0.088685771,0.0037181316,6.9096631e-8,1.199318e-8,2.2508466e-10,0.0083349035,0.00016577874,0.0041714028,0.032532616,3.3616152,35.699491,5.1232564,13.270668,0.000004043241,"PACK PROXY"
"19698","19698","lait et produits laitiers","produits laitiers frais et assimilés","Tiramisu, rayon frais","Tiramisu, refrigerated","2",0,"Glacé","Pas de préparation",5,1.6197248,13.200488,1.7199043e-7,0.76208635,0.038077178,0.0000014697263,4.6673324e-7,1.2426237e-8,0.189153,0.0020671154,0.077813125,0.79474037,274.3321,507.07646,7.8919499,90.157693,0.000039566564,"PACK AGB"
"7004","7004","produits céréaliers","pains et viennoiseries","Pain grillé, domestique","Toasted bread, home-made","2",0,"Ambiant (court)","Pas de préparation",5,0.14435211,1.3980705,2.8975828e-8,0.4515682,0.0045013245,7.6054204e-8,1.4188122e-8,7.2604815e-10,0.0091134599,0.00020636865,0.0054677117,0.03654746,9.4730437,56.968557,0.35773072,25.916124,0.0000051161767,"PACK PROXY"
"25400","25400","entrées et plats composés","sandwichs","Croque-monsieur","Toasted ham sandwich topped with grated cheese","2",0,"Glacé","Pas de préparation",5,0.46138287,3.8756123,5.1545014e-8,1.0216959,0.0097213821,4.0347608e-7,5.731929e-8,2.0993777e-9,0.056344537,0.00046905285,0.016186245,0.23837038,66.053557,174.39919,0.77553239,41.349273,0.000012413165,"PACK PROXY"
"25542","25542","entrées et plats composés","sandwichs","Croque-madame","Toasted ham sandwich topped with grated cheese and a fried egg","2",0,"Glacé","Pas de préparation",5,0.44483309000000004,3.6961092,5.0752459e-8,0.99237086,0.0096125604,3.8373309e-7,5.4857219e-8,2.0769365e-9,0.0535494,0.00046699772,0.01593824,0.22621054,66.06241,172.27361,0.77035642,40.453168,0.000012205064,"PACK PROXY"
"31098","31098","produits sucrés","chocolats et produits à base de chocolat","Barre chocolat au lait avec nougat","Toblerone milk cholcolate bar w nougat","2",0,"Ambiant (long)","Pas de préparation",5,0.37242186,5.3329634,2.6751723e-8,0.68586544,0.011204056,1.6442358e-7,2.1321826e-8,3.120538e-9,0.01700697,0.00094890728,0.013705619,0.056967714,16.104166,180.99894,2.8998564,35.848804,0.000010267947,"PACK PROXY"
"25597_2","25597","entrées et plats composés","plats végétariens","Galette de tofu (steak végétal)","Tofu patty (vegetable steak)","2",0,"Ambiant (long)","Poêle",5,0.25272506,2.2143412,4.6915186e-8,0.89912474,0.0070843951,1.3933327e-7,6.5555698e-8,1.8106995e-9,0.014988067,0.000536081,0.010945901,0.052236683,12.969122,115.17972,1.1906425,40.942024,0.0000075829418,"PACK PROXY"
"20904","20904","entrées et plats composés","plats composés","Tofu, nature","Tofu, plain","2",0,"Glacé","Micro-onde",5,0.061509748,1.0353157,4.0678082e-8,0.68638113,0.0039469132,4.2069117e-8,4.219183e-7,1.3694368e-9,0.003942201,0.00018718826,0.0017296186,0.012658678,15.342621,-1147.5185,0.22669751,27.761356,0.0000061837293,"PACK AGB"
"20912","20912","viandes, œufs, poissons","substituts de viande","Tofu fumé, préemballé","Tofu, smoked","2",0,"Glacé","Poêle",5,0.20517987,2.1328783,5.2777135e-8,0.37914824,0.0069792704,1.0307304e-7,3.8270289e-8,7.5240133e-10,0.009804502,0.00052377726,0.01020666,0.028987106,6.4578209,114.62474,1.0866272,31.509817,0.0000065532134,"PACK PROXY"
"20260","20260","fruits, légumes, légumineuses et oléagineux","légumes","Tomate, coulis, appertisé (purée de tomates mi-réduite à 11%)","Tomato coulis, canned (tomato puree semi-reduced 11%)","2",0,"Ambiant (long)","Micro-onde",5,0.23033724,1.8386134,6.2993701e-8,0.15115503,0.0078267028,9.9838162e-8,4.0530061e-8,5.7476733e-10,0.0095546318,0.00033372119,0.0061783936,0.032051777,70.44002,61.60326,5.5041528,26.514277,0.000007892079,"PACK AGB"
"2053","2053","boissons","boissons sans alcool","Jus de tomate, pur jus (aliment moyen)","Tomato juice, pure juice (average)","2",0,"Ambiant (long)","Pas de préparation",5,0.12661122000000002,0.86209299,5.3335594e-7,0.14019515,0.0033285383,4.8532751e-8,1.9605958e-8,3.5357607e-10,0.0045288271,0.00014544478,0.0026860957,0.01543128,20.757017,24.151668,3.3168223,13.696671,0.000016370656,"PACK PROXY"
"20268","20268","fruits, légumes, légumineuses et oléagineux","légumes","Tomate, double concentré, appertisé","Tomato paste, double concentrate, canned","2",0,"Ambiant (long)","Pas de préparation",5,0.33945550999999996,2.8164387,7.6909711e-8,0.40140865,0.011330967,1.7770178e-7,6.0064034e-8,2.3730295e-9,0.01617078,0.00086614914,0.0074510831,0.041881964,80.836064,62.943153,6.1291802,41.526162,0.00001622231,"PACK AGB"
"20169","20169","fruits, légumes, légumineuses et oléagineux","légumes","Tomate, pulpe, appertisée","Tomato pulp, canned","2",0,"Ambiant (long)","Micro-onde",5,0.14020680000000002,1.2343358,3.3842248e-8,0.13564945,0.0048267193,7.4989472e-8,2.1910974e-8,2.5967491e-9,0.0054498515,0.00027424187,0.0030494414,0.017313485,31.980496,29.056311,2.5783173,18.327779,0.000004657295,"PACK AGB"
"20170","20170","fruits, légumes, légumineuses et oléagineux","légumes","Tomate, purée, appertisée","Tomato puree, canned","2",0,"Ambiant (long)","Micro-onde",5,0.22508202000000002,1.797095,6.1014949e-8,0.14361243,0.0076572196,9.5777353e-8,3.956881e-8,5.3112307e-10,0.0092879221,0.00031294256,0.0060559676,0.031268945,69.577025,57.111828,5.4558825,26.071457,0.0000076027575,"PACK AGB"
"37002","37002","aides culinaires et ingrédients divers","ingrédients divers","Base de pizza tomatée","Tomato sauce for pizza base","2",0,"Ambiant (long)","Pas de préparation",5,0.20167073,1.5285296,4.675304e-8,0.30022335,0.0062088929,9.6768442e-8,2.9948507e-8,8.7159196e-9,0.0081960237,0.00034538948,0.0052792636,0.027755826,50.13679,53.477968,3.7705446,24.64513,0.000006659942,"PACK PROXY"
"11208","11208","aides culinaires et ingrédients divers","sauces","Sauce tomate au fromage, préemballée","Tomato sauce, w cheese, prepacked","2",0,"Glacé","Micro-onde",5,0.27491365,2.3302242,5.4235163e-8,0.31382265,0.0092202406,1.5285337e-7,4.4746621e-8,2.3357943e-9,0.015803099,0.00036678926,0.0077397283,0.054530959,65.515597,86.755066,4.6743648,32.228298,0.0000078972201,"PACK AGB"
"11177","11177","aides culinaires et ingrédients divers","sauces","Sauce tomate aux champignons, préemballée","Tomato sauce, w mushrooms, prepacked","2",0,"Glacé","Micro-onde",5,0.24673207,2.1286016,5.2450356e-8,0.34448617,0.0085408964,1.4537227e-7,3.347643e-8,2.8856038e-9,0.013776949,0.00032163162,0.0057346497,0.047545413,57.782059,49.76091,3.7993417,33.086399,0.0000071203852,"PACK AGB"
"11178","11178","aides culinaires et ingrédients divers","sauces","Sauce tomate aux olives, préemballée","Tomato sauce, w olives, prepacked","2",0,"Glacé","Micro-onde",5,0.21103464,1.7987428,4.2345362e-8,0.27718182,0.0075346599,1.0889312e-7,3.4758555e-8,1.9370847e-9,0.010089636,0.00027262975,0.0051015281,0.031207376,47.714329,57.944214,4.0735691,27.732535,0.0000060712028,"PACK AGB"
"11207","11207","aides culinaires et ingrédients divers","sauces","Sauce tomate aux petits légumes, préemballée","Tomato sauce, w vegetables, prepacked","2",0,"Glacé","Micro-onde",5,0.20280868000000002,1.7720198,3.9751839e-8,0.33662146,0.007143155,1.0240236e-7,4.5317993e-8,2.8217182e-9,0.0093206295,0.00027527049,0.005578003,0.028088121,42.681321,52.751317,3.1613178,28.105663,0.0000059815565,"PACK AGB"
"11107_2","11107_2","0","0","Sauce tomate au basilic","Tomato sauce, with basil","2",0,"Ambiant (long)","Pas de préparation",5,0.21847579,1.9440963,4.7419154e-8,0.2907024,0.0078701178,1.1036069e-7,3.1425283e-8,2.0974222e-9,0.010048227,0.0003140976,0.0056764552,0.030554548,55.386181,56.363312,3.6550422,29.128016,0.0000063680723,"PACK AGB"
"11114","11114","aides culinaires et ingrédients divers","sauces","Sauce tomate à la viande ou Sauce bolognaise, préemballée","Tomato sauce, with meat or Bolognese sauce, prepacked","2",0,"Glacé","Micro-onde",5,0.95669881,6.6511448,5.7942861e-8,0.44927546,0.014192839,5.4534217e-7,0.0000018938337,1.2132681e-8,0.073980824,0.000581879,0.025764583,0.31201027,78.573947,654.06039,3.9896416,38.885416,0.000012617702,"PACK AGB"
"11107_1","11107","aides culinaires et ingrédients divers","sauces","Sauce tomate aux oignons, préemballée","Tomato sauce, with onions, prepacked","2",0,"Glacé","Micro-onde",5,0.21588276,1.8977303,4.5242426e-8,0.29495434,0.0076458891,1.0826058e-7,2.9780257e-8,5.8893197e-9,0.0098186114,0.00028142375,0.0053942416,0.029736409,52.297381,50.169854,3.4757199,28.699951,0.0000061429991,"PACK AGB"
"25561","25561","entrées et plats composés","pizzas, tartes et crêpes salées","Tarte à la tomate","Tomato tart","2",0,"Glacé","Four",5,0.41429232,3.1919696,1.8313914e-7,1.3262548,0.010847843,2.4617136e-7,6.7075575e-8,1.4756914e-9,0.029997379,0.00059051803,0.011235471,0.11593272,71.2651,106.59798,4.6724041,55.661566,0.000019133901,"PACK PROXY"
"20172","20172","fruits, légumes, légumineuses et oléagineux","légumes","Tomate cerise, crue","Tomato, cherry, raw","2",0,"Ambiant (moyen)","Pas de préparation",5,0.060069486,0.658096,2.3237738e-8,0.089273157,0.0022014453,3.4721906e-8,1.7145027e-8,2.78673e-10,0.0027889493,0.0000921622,0.0014540804,0.010215494,3.0117599,5.286093,0.3531501,9.2144434,0.0000042361119,"PACK AGB"
"20189","20189","fruits, légumes, légumineuses et oléagineux","légumes","Tomate, séchée","Tomato, dried","2",0,"Ambiant (moyen)","Pas de préparation",5,1.7110816,9.1496803,1.6210031e-7,22.088656,0.033450758,5.309454e-7,1.172441e-7,6.2906366e-9,0.046906557,0.0019932169,0.01858489,0.11642854,126.29764,203.60165,9.7774887,552.00775,0.000057954134,"PACK AGB"
"20256","20256","fruits, légumes, légumineuses et oléagineux","légumes","Tomate, séchée, à l'huile","Tomato, dried, in oil","2",0,"Ambiant (moyen)","Pas de préparation",5,1.7110816,9.1496803,1.6210031e-7,22.088656,0.033450758,5.309454e-7,1.172441e-7,6.2906366e-9,0.046906557,0.0019932169,0.01858489,0.11642854,126.29764,203.60165,9.7774887,552.00775,0.000057954134,"PACK AGB"
"20119","20119","fruits, légumes, légumineuses et oléagineux","légumes","Tomate verte, crue","Tomato, green, raw","2",0,"Ambiant (moyen)","Pas de préparation",5,0.16436147,2.2663702,6.3553872e-8,0.22677913,0.0059775082,6.7462473e-8,1.715916e-8,5.3711149e-10,0.0051745234,0.00035752003,0.0018105175,0.01719497,4.4322621,12.953738,0.29833524,35.072125,0.0000083644791,"PACK AGB"
"20047_2","20047","fruits, légumes, légumineuses et oléagineux","légumes","Tomate de saison, crue","Tomato, in season, raw","1",0,"Ambiant (moyen)","Pas de préparation",5,0.060069486,0.658096,2.3237738e-8,0.089273157,0.0022014453,3.4721906e-8,1.7145027e-8,2.78673e-10,0.0027889493,0.0000921622,0.0014540804,0.010215494,3.0117599,5.286093,0.3531501,9.2144434,0.0000042361119,"PACK AGB"
"20047_3","20047","fruits, légumes, légumineuses et oléagineux","légumes","Tomate hors saison, crue","Tomato, off season, raw","0",0,"Ambiant (moyen)","Pas de préparation",5,0.14480535,1.5160765,1.6098129e-7,0.13177583,0.0049701196,8.1164435e-8,1.9748917e-8,1.3539779e-9,0.006596496,0.00027164861,0.0019353034,0.022254265,13.600016,10.750078,2.0028002,21.658017,0.0000087037774,"PACK AGB"
"20048","20048","fruits, légumes, légumineuses et oléagineux","légumes","Tomate, pelée, appertisée, égouttée","Tomato, peeled, canned, drained","2",0,"Ambiant (long)","Micro-onde",5,0.21956996,1.925913,5.413208e-8,0.1843455,0.0075642588,1.1828388e-7,3.4622027e-8,4.0330039e-9,0.0085492165,0.00041534297,0.0048437342,0.027297985,51.259218,45.827807,4.1491358,28.098171,0.0000072926335,"PACK AGB"
"20242","20242","fruits, légumes, légumineuses et oléagineux","légumes","Tomate, pulpe et peau, bouillie/cuite à l'eau","Tomato, pulp and peel, boiled/cooked in water","2",0,"Ambiant (moyen)","Cuisson à l'eau",5,0.2579061,3.2890448,9.2761803e-8,0.5058709,0.0091140482,1.1769168e-7,2.6683146e-8,4.7023858e-9,0.008164955,0.0006391497,0.0027169109,0.02558889,7.9537999,22.511834,0.54428643,53.565356,0.000012542145,"PACK AGB"
"20047_1","20047","fruits, légumes, légumineuses et oléagineux","légumes","Tomate, crue","Tomato, raw","2",0,"Ambiant (moyen)","Pas de préparation",5,0.16436147,2.2663702,6.3553872e-8,0.22677913,0.0059775082,6.7462473e-8,1.715916e-8,5.3711149e-10,0.0051745234,0.00035752003,0.0018105175,0.01719497,4.4322621,12.953738,0.29833524,35.072125,0.0000083644791,"PACK AGB"
"20289","20289","fruits, légumes, légumineuses et oléagineux","légumes","Tomate, pulpe et peau, rôtie/cuite au four","Tomato, roasted/baked, with skin","2",0,"Ambiant (moyen)","Four",5,0.13866367000000002,1.1647058,3.873608e-8,0.71498658,0.0041420341,7.1191166e-8,1.671377e-8,4.2850125e-9,0.0047046702,0.00033751585,0.001853197,0.013503479,10.529439,22.392114,0.86549547,26.864945,0.0000093562279,"PACK AGB"
"12763","12763","lait et produits laitiers","fromages","Tome des Bauges","Tomme cheese (PDO) from the French Bauges munntains","2",0,"Glacé","Pas de préparation",5,0.5055471500000001,4.7098115,4.1876563e-8,0.47580252,0.010105689,5.045847e-7,8.4280966e-8,2.1421736e-9,0.0727334,0.00044640804,0.017588318,0.31022664,44.130441,171.72718,0.58615749,27.788242,0.000011714291,"PACK AGB"
"12758","12758","lait et produits laitiers","fromages","Tomme ou tome de vache","Tomme cheese, from cow's milk","2",0,"Glacé","Pas de préparation",5,0.50266098,4.6838174,4.1819674e-8,0.47629583,0.010059413,5.0123043e-7,8.3721307e-8,2.1294704e-9,0.072227336,0.00044640141,0.017479658,0.30801184,43.832543,170.50515,0.58301309,27.771886,0.000011668057,"PACK AGB"
"12759","12759","lait et produits laitiers","fromages","Tomme ou tome de montagne ou de Savoie","Tomme cheese, from mountain or Savoy","2",0,"Glacé","Pas de préparation",5,0.49929832,4.6535317,4.1753392e-8,0.47687058,0.010005497,4.9732238e-7,8.3069251e-8,2.11467e-9,0.071637724,0.00044639369,0.017353059,0.30543138,43.485463,169.08137,0.57934955,27.752829,0.00001161419,"PACK AGB"
"12760","12760","lait et produits laitiers","fromages","Tomme ou tome, allégée en matière grasse, environ 13% MG","Tomme cheese, reduced fat, around 13% fat","2",0,"Glacé","Pas de préparation",5,0.49929832,4.6535317,4.1753392e-8,0.47687058,0.010005497,4.9732238e-7,8.3069251e-8,2.11467e-9,0.071637724,0.00044639369,0.017353059,0.30543138,43.485463,169.08137,0.57934955,27.752829,0.00001161419,"PACK AGB"
"40203","40203","viandes, œufs, poissons","viandes cuites","Langue, boeuf, cuite","Tongue, beef, cooked","2",0,"Glacé","Four",5,3.7260701999999997,29.813546,1.1754259e-7,1.3551669,0.046191725,0.0000030236854,0.0000050199216,3.1547419e-8,0.44441516,0.001695656,0.10854471,1.9524125,135.47551,2944.0111,2.6773109,82.640517,0.000047792864,"PACK AGB"
"40202","40202","viandes, œufs, poissons","viandes crues","Langue, boeuf, crue","Tongue, beef, raw","2",0,"Glacé","Pas de préparation",5,2.694526,21.686291,8.3912352e-8,0.61139255,0.033447453,0.000002201758,0.0000036596128,2.2967539e-8,0.32373878,0.0012029374,0.079096795,1.4236146,98.451998,2147.3299,1.9274944,51.906657,0.000031781524,"PACK AGB"
"40201","40201","viandes, œufs, poissons","viandes cuites","Langue, veau, cuite","Tongue, calf, cooked","2",0,"Glacé","Four",5,1.4934041,14.914643,2.1619525e-7,1.9510069,0.031379269,0.0000012272361,1.9883869e-7,8.3107651e-9,0.16914436,0.0014442289,0.056209107,0.71153278,138.89534,720.40849,2.3920482,126.39424,0.000041578257,"PACK AGB"
"40204","40204","viandes, œufs, poissons","viandes crues","Langue, veau, crue","Tongue, calf, raw","2",0,"Glacé","Pas de préparation",5,1.0656843,10.816795,1.5588441e-7,1.0460877,0.022641025,8.9115824e-7,1.4239135e-7,6.0152359e-9,0.12291494,0.0010195087,0.040915347,0.51833067,100.94694,525.10033,1.719381,83.827189,0.000027247657,"PACK AGB"
"40205","40205","viandes, œufs, poissons","viandes crues","Langue, porc, crue","Tongue, pork, raw","2",0,"Glacé","Pas de préparation",5,0.33310496,2.7215857,3.7382212e-8,0.51031354,0.0073241142,2.962042e-7,3.1078891e-8,1.5939877e-9,0.040959653,0.00036898057,0.011253043,0.17168576,71.491432,135.35647,0.6610427,25.454069,0.0000097360327,"PACK AGB"
"26200","26200","viandes, œufs, poissons","poissons crus","Sole tropicale ou Sole langue, crue","Tonguesole, raw","2",0,"Glacé","Pas de préparation",5,1.3222520999999998,7.6024979,0.0000016586786,0.26451245,0.12815018,0.0000013205452,9.9289907e-8,3.6976405e-9,0.17118358,0.00059572919,0.041948434,0.45450738,25.481151,13.644315,0.64510774,102.87958,0.00019466858,"PACK PROXY"
"18344","18344","boissons","boissons sans alcool","Tonic ou bitter, sucré","Tonic drink, with sugar","2",0,"Glacé","Pas de préparation",5,0.071651759,0.51481871,4.2542804e-7,0.21932514,0.0019784286,3.5390217e-8,4.9489947e-9,1.5340409e-10,0.0036230421,0.000094904744,0.0010028054,0.013088428,8.9145576,13.418356,0.30207958,10.56034,0.000013150697,"PACK PROXY"
"18014","18014","boissons","boissons sans alcool","Tonic ou bitter, sucré, avec édulcorants","Tonic drink, with sugar and artificial sweetener(s)","2",0,"Glacé","Pas de préparation",5,0.071651759,0.51481871,4.2542804e-7,0.21932514,0.0019784286,3.5390217e-8,4.9489947e-9,1.5340409e-10,0.0036230421,0.000094904744,0.0010028054,0.013088428,8.9145576,13.418356,0.30207958,10.56034,0.000013150697,"PACK PROXY"
"18013","18013","boissons","boissons sans alcool","Tonic ou bitter, non sucré, avec édulcorants","Tonic drink, without sugar, with artificial sweetener(s)","2",0,"Glacé","Pas de préparation",5,0.071651759,0.51481871,4.2542804e-7,0.21932514,0.0019784286,3.5390217e-8,4.9489947e-9,1.5340409e-10,0.0036230421,0.000094904744,0.0010028054,0.013088428,8.9145576,13.418356,0.30207958,10.56034,0.000013150697,"PACK PROXY"
"20994","20994","aides culinaires et ingrédients divers","algues","Fucus vésiculeux (Fucus serratus ou Fucus vesiculosus), séché ou déshydraté","Toothed wrack or bladder wrack (Fucus serratus et vesiculosus), dried or dehydrated","2",0,"Ambiant (long)","Pas de préparation",5,1.5199106,11.997799,3.4245099e-7,10.916084,0.053612038,8.2793619e-7,8.105209e-8,7.2588381e-9,0.10413826,0.0025048177,0.013751618,0.12951886,39.754891,31.710309,4.1626904,392.11548,0.000076152516,"PACK PROXY"
"25525","25525","aides culinaires et ingrédients divers","aides culinaires","Pizza, sauce garniture pour","Topping sauce for pizza","2",0,"Ambiant (long)","Pas de préparation",5,0.19249575,1.4961852,4.7845752e-8,0.2734297,0.0060978498,8.4005864e-8,2.87644e-8,6.0768255e-9,0.0077868414,0.00027479794,0.0051686413,0.026589418,49.383246,53.797989,3.7512095,24.4967,0.0000068100681,"PACK PROXY"
"30011","30011","viandes, œufs, poissons","charcuteries","Saucisse de Toulouse, cuite","Toulouse sausage, cooked","2",0,"Glacé","Four",5,0.69319713,5.3502946,6.9610349e-8,1.566754,0.014203253,5.9586325e-7,6.5506417e-8,3.267378e-9,0.083222849,0.00080405948,0.023080702,0.34816665,145.99398,278.59135,1.4319861,59.961876,0.000022720292,"PACK AGB"
"30110","30110","viandes, œufs, poissons","charcuteries","Saucisse de Toulouse, crue","Toulouse sausage, raw","2",0,"Glacé","Pas de préparation",5,0.66053473,5.2623162,6.708707e-8,1.0496276,0.013858214,5.9014465e-7,6.1844662e-8,3.2017435e-9,0.082558952,0.00075727908,0.02295458,0.34711376,145.46739,277.94197,1.3967068,48.470217,0.00001849061,"PACK AGB"
"40502","40502","viandes, œufs, poissons","viandes crues","Tripes, boeuf, crues","Tripe, beef, raw","2",0,"Glacé","Pas de préparation",5,3.3714676000000003,27.188651,1.0496822e-7,0.76431981,0.041894203,0.0000027528054,0.0000045753058,2.8725616e-8,0.40472465,0.0015177184,0.098964576,1.7797367,123.43119,2684.2247,2.4133974,64.936832,0.000039739571,"PACK AGB"
"27008","27008","viandes, œufs, poissons","poissons crus","Truite d'élevage, crue","Trout, farmed, raw","2",0,"Glacé","Pas de préparation",5,1.2756456999999999,5.678611,0.0000015554541,1.6259522,0.025579229,3.0521632e-7,6.0567429e-8,2.569617e-9,0.034279317,0.019300747,0.092299323,0.11769153,91.84262,99.479849,33.130167,90.836532,0.000056095637,"PACK PROXY"
"27029","27029","viandes, œufs, poissons","poissons cuits","Truite d'élevage, fumée","Trout, farmed, smoked","2",0,"Glacé","Pas de préparation",5,1.5680722,7.0355021,3.2955461e-7,3.3325267,0.029224375,3.7691496e-7,7.8810615e-8,3.3621246e-9,0.039733708,0.023613033,0.11195124,0.13568362,114.92824,141.83346,40.494698,139.47723,0.000033833972,"PACK PROXY"
"27006","27006","viandes, œufs, poissons","poissons cuits","Truite, rôtie/cuite au four","Trout, roasted/baked","2",0,"Glacé","Four",5,1.5902998,7.021892,0.000001901823,2.5025083,0.031578762,3.7840544e-7,7.7618099e-8,3.2032858e-9,0.042520932,0.023614113,0.11282895,0.14476107,112.67176,122.12004,40.489136,122.40833,0.000072725709,"PACK PROXY"
"27007","27007","viandes, œufs, poissons","poissons cuits","Truite, cuite à la vapeur","Trout, steamed","2",0,"Glacé","Four",5,1.5902998,7.021892,0.000001901823,2.5025083,0.031578762,3.7840544e-7,7.7618099e-8,3.2032858e-9,0.042520932,0.023614113,0.11282895,0.14476107,112.67176,122.12004,40.489136,122.40833,0.000072725709,"PACK PROXY"
"26219","26219","viandes, œufs, poissons","poissons crus","Grondin perlon, cru","Tub gurnard, raw","2",0,"Glacé","Pas de préparation",5,1.9688571000000001,12.188752,0.0000017640754,0.28003355,0.23912983,0.0000024713049,4.7505226e-8,5.4092627e-9,0.31970158,0.00052943654,0.078563124,0.85806833,12.058341,16.31433,0.39493123,161.74181,0.000065558231,"PACK PROXY"
"26245","26245","viandes, œufs, poissons","produits à base de poissons et produits de la mer","Miettes de thon à l'huile, appertisées","Tuna, flaked, in oil, canned, drained","2",0,"Ambiant (long)","Pas de préparation",5,1.044961,6.4159632,1.5093539e-7,0.48737487,0.090288946,0.000001091836,4.2477701e-8,8.2560702e-9,0.12773625,0.0012407477,0.043068936,0.39227762,46.934735,52.416658,12.829291,89.901563,0.000026091331,"PACK AGB"
"26242","26242","viandes, œufs, poissons","produits à base de poissons et produits de la mer","Miettes de thon à la tomate, appertisées","Tuna, flaked, in tomato sauce, canned, drained","2",0,"Ambiant (long)","Pas de préparation",5,1.1644464,7.9445747,2.6312176e-7,0.40969429,0.12866837,0.000001335544,4.2431872e-8,1.0367992e-8,0.17271927,0.00061343033,0.044112257,0.4656821,27.870691,56.251217,1.9172456,107.25629,0.000027834356,"PACK AGB"
"26243","26243","viandes, œufs, poissons","produits à base de poissons et produits de la mer","Thon, à la catalane ou à l'escabèche (sauce tomate), appertisé","Tuna, in Catalan-style or in tomato sauce, canned","2",0,"Ambiant (long)","Pas de préparation",5,1.1773704,8.1073881,2.715324e-7,0.52003797,0.12784683,0.0000013401209,4.5125497e-8,9.4954328e-9,0.17089595,0.00071597413,0.043888149,0.46183316,29.148905,62.959165,2.0114379,111.86086,0.000029307782,"PACK AGB"
"26180","26180","viandes, œufs, poissons","produits à base de poissons et produits de la mer","Thon à l'huile, appertisé, égoutté","Tuna, in sunflower oil, canned, drained","2",0,"Ambiant (long)","Pas de préparation",5,1.2214249,8.8749346,0.0000085324778,0.42690517,0.1171423,0.0000012600672,6.4178672e-8,1.1797515e-8,0.16254305,0.0014675375,0.049294038,0.44718643,70.769482,277.31452,2.2623911,102.46782,0.000028649798,"PACK AGB"
"26039","26039","viandes, œufs, poissons","produits à base de poissons et produits de la mer","Thon, au naturel, appertisé, égoutté","Tuna, plain, canned, drained","2",0,"Ambiant (long)","Pas de préparation",5,0.8469369,5.7955544,1.4333703e-7,0.45291975,0.087875925,0.0000010223553,3.3459309e-8,7.7554e-9,0.11825352,0.00074102517,0.028937606,0.35335271,13.219418,19.98381,0.54318339,84.280906,0.000023271237,"PACK AGB"
"26053","26053","viandes, œufs, poissons","poissons crus","Thon, cru","Tuna, raw","2",0,"Glacé","Pas de préparation",5,0.79068125,5.0646687,0.0000015851834,0.24048774,0.086908178,8.9543154e-7,2.5816702e-8,2.0546578e-9,0.11494827,0.00031404978,0.028377081,0.3088793,6.878944,8.8803994,0.26127736,69.322211,0.000056171873,"PACK PROXY"
"26041","26041","viandes, œufs, poissons","poissons cuits","Thon, rôti/cuit au four","Tuna, roasted/baked","2",0,"Glacé","Four",5,0.99813009,6.2722327,0.0000019381242,0.81077582,0.10646497,0.0000010990925,3.5185445e-8,2.5744907e-9,0.1410224,0.00043025339,0.034776183,0.37821243,8.9261809,11.492859,0.35431414,96.1381,0.000072818798,"PACK PROXY"
"26174","26174","viandes, œufs, poissons","poissons crus","Turbot, cru","Turbot, raw","2",0,"Glacé","Pas de préparation",5,1.9980886,12.822659,0.0000015610333,1.5136074,0.062680032,7.4794584e-7,2.7538534e-7,5.5437332e-9,0.068529816,0.0012351703,0.56058275,0.24958185,114.99832,369.98448,2.6279663,177.58084,0.00005705798,"PACK PROXY"
"26201","26201","viandes, œufs, poissons","poissons crus","Turbot d'élevage, cru","Turbot, raw, farmed","2",0,"Glacé","Pas de préparation",5,1.9980886,12.822659,0.0000015610333,1.5136074,0.062680032,7.4794584e-7,2.7538534e-7,5.5437332e-9,0.068529816,0.0012351703,0.56058275,0.24958185,114.99832,369.98448,2.6279663,177.58084,0.00005705798,"PACK PROXY"
"26042","26042","viandes, œufs, poissons","poissons crus","Turbot sauvage, cru","Turbot, raw, wild","2",0,"Glacé","Pas de préparation",5,1.6438713,10.196171,0.0000017129659,0.26697857,0.19782995,0.0000020450897,4.038269e-8,4.4949249e-9,0.2642995,0.00045812178,0.06495523,0.70924173,10.288488,13.9341,0.34363322,136.01508,0.000060869168,"PACK PROXY"
"26094","26094","viandes, œufs, poissons","poissons cuits","Turbot, rôti/cuit au four","Turbot, roasted/baked","2",0,"Glacé","Four",5,2.4724445,15.74519,0.0000019086355,2.3653288,0.076880995,9.1900387e-7,3.3992324e-7,6.8348543e-9,0.084342778,0.001554995,0.68463018,0.30580681,140.94621,452.42189,3.2441787,228.32817,0.000073900786,"PACK PROXY"
"28964","28964","viandes, œufs, poissons","charcuteries","Jambon de dinde ou Blanc de dinde en tranche","Turkey cooked ham, in slices","2",0,"Glacé","Pas de préparation",5,0.8260987900000001,5.7519051,0.00000140395,1.1494693,0.022856171,7.1880264e-7,8.090369e-8,3.9289701e-9,0.097828664,0.00098168741,0.027116453,0.40590335,145.96911,220.46646,1.5012186,75.343537,0.000057459369,"PACK AGB"
"22080","22080","viandes, œufs, poissons","œufs","Oeuf de dinde, cru","Turkey egg, raw","2",0,"Ambiant (moyen)","Pas de préparation",5,0.29896656,2.1173169,2.9630313e-8,0.24710064,0.0085109627,2.4439655e-7,3.4765227e-8,2.1129665e-9,0.033526289,0.00048617622,0.01513875,0.14004306,77.284751,183.97857,0.68294976,19.089683,0.0000092343236,"PACK PROXY"
"16570","16570","matières grasses","autres matières grasses","Graisse de dinde","Turkey fat","2",0,"Glacé","Pas de préparation",5,0.24959546999999999,2.2270709,4.7247975e-8,0.39728141,0.0089520877,2.0988757e-7,2.5249603e-8,2.005938e-9,0.02487339,0.00032402429,0.0067676301,0.094929291,40.029273,52.790359,0.50927462,30.224132,0.0000083248211,"PACK PROXY"
"36036","36036","viandes, œufs, poissons","autres produits à base de viande","Poulet, escalope panée","Turkey, breaded escalope","2",0,"Glacé","Four",5,0.96429502,6.7753129,1.1352625e-7,1.2468061,0.027568286,9.0462386e-7,1.0097943e-7,5.0300899e-9,0.12419206,0.0011086561,0.035569636,0.51724021,186.72307,302.28563,1.9049597,80.641781,0.000034754056,"PACK AGB"
"36304","36304","viandes, œufs, poissons","viandes crues","Dinde, escalope, crue","Turkey, escalope, raw","2",0,"Glacé","Pas de préparation",5,0.7566313,5.4036578,1.0389162e-7,1.091408,0.021777585,7.0884141e-7,7.5764187e-8,3.7897342e-9,0.096756322,0.00083870323,0.026714622,0.40312252,143.87796,215.55163,1.4419812,68.81471,0.000024617074,"PACK AGB"
"36308","36308","viandes, œufs, poissons","viandes cuites","Dinde, escalope, rôtie/cuite au four","Turkey, escalope, roasted/baked","2",0,"Glacé","Four",5,1.0343437999999998,7.2417181,1.4006227e-7,1.9620085,0.029175728,9.4413239e-7,1.0396368e-7,5.0827493e-9,0.12875668,0.0011571143,0.035492805,0.53473465,191.00229,286.01169,1.9442748,102.59338,0.000036819484,"PACK AGB"
"36306","36306","viandes, œufs, poissons","viandes cuites","Dinde, escalope, sautée/poêlée","Turkey, escalope, sautéed/pan-fried, with salt","2",0,"Glacé","Poêle",5,1.0171734000000001,7.284669,1.4253159e-7,1.5701264,0.029127721,9.4125425e-7,1.0156786e-7,5.0975122e-9,0.12847521,0.0011338063,0.035601777,0.53478061,191.59078,289.16843,1.9222835,95.504027,0.000033762426,"PACK AGB"
"36305","36305","viandes, œufs, poissons","viandes crues","Dinde, cuisse, viande et peau, crue","Turkey, leg, meat and skin, raw","2",0,"Glacé","Pas de préparation",5,0.7260626299999999,5.2216635,9.1046647e-8,0.55196777,0.021682987,7.0883702e-7,7.5549582e-8,3.7773022e-9,0.0965738,0.00080781334,0.026264788,0.40261544,142.6097,215.01525,1.4472833,55.840099,0.000024331083,"PACK AGB"
"36307","36307","viandes, œufs, poissons","viandes crues","Dinde, cuisse, viande sans peau, crue","Turkey, leg, meat only, raw","2",0,"Glacé","Pas de préparation",5,0.72542816,5.2199545,9.0997633e-8,0.54192259,0.021676284,7.0872594e-7,7.5478452e-8,3.7760273e-9,0.096560904,0.00080690463,0.026262338,0.40259499,142.59947,215.00264,1.446598,55.616873,0.000024248922,"PACK AGB"
"36300","36300","viandes, œufs, poissons","viandes crues","Dinde, viande et peau, crue","Turkey, meat and skin, raw","2",0,"Glacé","Pas de préparation",5,0.57820198,4.1127002,7.2775091e-8,0.44151091,0.017278481,5.6658327e-7,5.9807902e-8,3.0088878e-9,0.077218103,0.00063501331,0.020936965,0.3219176,113.7948,171.96228,1.1546031,44.62927,0.000019454733,"PACK AGB"
"36301","36301","viandes, œufs, poissons","viandes crues","Dinde, viande, crue","Turkey, meat, raw","2",0,"Glacé","Pas de préparation",5,0.57820198,4.1127002,7.2775091e-8,0.44151091,0.017278481,5.6658327e-7,5.9807902e-8,3.0088878e-9,0.077218103,0.00063501331,0.020936965,0.3219176,113.7948,171.96228,1.1546031,44.62927,0.000019454733,"PACK AGB"
"36302","36302","viandes, œufs, poissons","viandes cuites","Dinde, viande, rôtie/cuite au four","Turkey, meat, roasted/baked","2",0,"Glacé","Four",5,0.79812658,5.5326584,9.8868029e-8,1.1016293,0.0232195,7.5580112e-7,8.2839634e-8,4.0490103e-9,0.10289062,0.00088745538,0.027843938,0.42722989,151.1761,228.30506,1.5638236,70.575004,0.000029985217,"PACK AGB"
"36310","36310","viandes, œufs, poissons","viandes crues","Dinde, aile, crue","Turkey, wing, raw","2",0,"Glacé","Pas de préparation",5,0.7260626299999999,5.2216635,9.1046647e-8,0.55196777,0.021682987,7.0883702e-7,7.5549582e-8,3.7773022e-9,0.0965738,0.00080781334,0.026264788,0.40261544,142.6097,215.01525,1.4472833,55.840099,0.000024331083,"PACK AGB"
"11089","11089","aides culinaires et ingrédients divers","épices","Curcuma, poudre","Turmeric, powder","2",0,"Ambiant (long)","Pas de préparation",5,1.0394948,8.080858,1.3795789e-7,0.44594955,0.038422568,4.928406e-7,1.0846572e-7,2.0028493e-9,0.063659842,0.0022053951,0.055869173,0.21887855,75.89518,623.62537,18.377819,87.637183,0.000081711008,"PACK PROXY"
"20065","20065","fruits, légumes, légumineuses et oléagineux","légumes","Chou-rave, cru","Turnip cabbage, raw","2",0,"Ambiant (moyen)","Pas de préparation",5,0.042815085,0.50498482,1.8722335e-8,0.046434713,0.0016777942,2.6042198e-8,4.6394065e-9,1.7850438e-10,0.0018646953,0.000073249665,0.0012764651,0.006864106,3.0444728,11.369517,0.378327,5.5931572,0.0000021626999,"PACK AGB"
"20033","20033","fruits, légumes, légumineuses et oléagineux","légumes","Navet, cuit","Turnip, cooked","2",0,"Ambiant (moyen)","Cuisson à l'eau",5,0.10097887,1.1882179,4.3056363e-8,0.20420859,0.0039140962,4.5336287e-8,9.434063e-9,3.4146771e-10,0.0036277864,0.00020883496,0.0018434427,0.011665779,5.1328104,18.483617,0.58938541,19.552308,0.0000053477349,"PACK AGB"
"20234","20234","fruits, légumes, légumineuses et oléagineux","légumes","Navet, surgelé, cru","Turnip, frozen, raw","2",0,"Congelé","Pas de préparation",5,0.077837704,0.66289028,2.3586438e-8,0.57014034,0.0021157713,2.8250107e-8,7.3890737e-9,2.2424137e-10,0.0023442605,0.00013430417,0.0014585671,0.0069315822,3.9268538,11.176856,0.39728318,18.823595,0.0000054147325,"PACK AGB"
"20064","20064","fruits, légumes, légumineuses et oléagineux","légumes","Navet, pelé, cru","Turnip, peeled, raw","2",0,"Ambiant (moyen)","Pas de préparation",5,0.036031619,0.40540258,1.6431837e-8,0.039989516,0.0014350408,2.2615503e-8,3.6972861e-9,1.4918836e-10,0.0016152252,0.000057633657,0.0010780266,0.0059336212,2.5021444,9.974141,0.33093478,4.8767533,0.0000018902035,"PACK AGB"
"23680","23680","produits céréaliers","gâteaux et pâtisseries","Galette des rois feuilletée","Twelfth Night cake","2",0,"Ambiant (long)","Pas de préparation",5,0.8923987099999999,3.2967612,0.0000018022437,0.70355503,0.012989672,4.8728564e-7,2.7915005e-7,1.8905604e-9,0.05900898,0.00066135667,0.019285043,0.24491743,59.425794,219.15289,44.436003,41.708208,0.000064681481,"PACK PROXY"
"23684","23684","produits céréaliers","gâteaux et pâtisseries","Galette des rois feuilletée, fourrée frangipane, et Pithiviers","Twelfth Night cake (puff pastry filled with almond paste)","2",0,"Ambiant (long)","Pas de préparation",5,0.8923987099999999,3.2967612,0.0000018022437,0.70355503,0.012989672,4.8728564e-7,2.7915005e-7,1.8905604e-9,0.05900898,0.00066135667,0.019285043,0.24491743,59.425794,219.15289,44.436003,41.708208,0.000064681481,"PACK PROXY"
"12340","12340","lait et produits laitiers","fromages","Spécialité fromagère non affinée environ 20% MG, type fromage en barquette à tartiner ou coque fromagère","Uncured soft cheese, spreadable, around 20% fat, in a tub","2",0,"Glacé","Pas de préparation",5,0.41876015,3.9524421,4.9759504e-8,0.52016141,0.0089818089,3.9392576e-7,6.6668295e-8,1.8027064e-9,0.055962931,0.00048336215,0.013956306,0.23615395,34.566189,130.84936,0.4704559,30.660497,0.000010193274,"PACK AGB"
"12315","12315","lait et produits laitiers","fromages","Spécialité fromagère non affinée environ 25% MG, type fromage en barquette à tartiner ou coque fromagère","Uncured soft cheese, spreadable, around 25% fat, in a tub","2",0,"Glacé","Pas de préparation",5,0.45071817,4.240271,5.0389432e-8,0.51469913,0.0094942152,4.3106702e-7,7.2865295e-8,1.9433665e-9,0.061566483,0.00048343554,0.015159482,0.26067808,37.864766,144.38065,0.50527335,30.841604,0.000010705217,"PACK AGB"
"19530","19530","lait et produits laitiers","fromages","Spécialité fromagère non affinée à tartiner environ 30-40 % MG aromatisée (ex: ail et fines herbes)","Uncured soft cheese, spreadable, around 30-40% fat, flavoured (ex : garlic and herbs)","2",0,"Glacé","Pas de préparation",5,0.45071817,4.240271,5.0389432e-8,0.51469913,0.0094942152,4.3106702e-7,7.2865295e-8,1.9433665e-9,0.061566483,0.00048343554,0.015159482,0.26067808,37.864766,144.38065,0.50527335,30.841604,0.000010705217,"PACK AGB"
"12051","12051","lait et produits laitiers","fromages","Mont d'or ou Vacherin du Haut-Doubs (produit en France) ou Vacherin-Mont d'Or (produit en Suisse)","Vacherin cheese or Mont d'or cheese, from cow's milk","2",0,"Glacé","Pas de préparation",5,0.44889658000000005,4.1248715,4.2338878e-8,0.41085261,0.009337263,4.5073187e-7,7.514931e-8,1.9794577e-9,0.063919322,0.00043775085,0.01578619,0.27284375,39.122683,183.10489,0.43803178,23.903226,0.000010167399,"PACK AGB"
"12848","12848","lait et produits laitiers","fromages","Valençay (fromage de chèvre)","Valençay cheese, from goat's milk","2",0,"Glacé","Pas de préparation",5,0.92948877,6.7760878,0.0000012653646,0.76108453,0.0132175,0.0000010377018,7.9635562e-8,2.8109147e-9,0.14792913,0.00080348043,0.028850149,0.64342911,45.235392,470.73047,1.9976555,43.301905,0.000045966763,"PACK AGB"
"11065","11065","aides culinaires et ingrédients divers","épices","Vanille, extrait alcoolique","Vanilla, alcoholic extract","2",0,"Ambiant (long)","Pas de préparation",5,0.6403152599999999,6.6547382,3.7444788e-8,0.5506935,0.015769415,1.9713765e-7,2.5065422e-8,6.3845758e-10,0.017586806,0.0018147007,0.098986903,0.038661385,31.420754,957.8276,0.64472709,55.155282,0.0000064109485,"PACK PROXY"
"11098","11098","aides culinaires et ingrédients divers","épices","Vanille, extrait aqueux","Vanilla, aqueous extract","2",0,"Ambiant (long)","Pas de préparation",5,0.6403152599999999,6.6547382,3.7444788e-8,0.5506935,0.015769415,1.9713765e-7,2.5065422e-8,6.3845758e-10,0.017586806,0.0018147007,0.098986903,0.038661385,31.420754,957.8276,0.64472709,55.155282,0.0000064109485,"PACK PROXY"
"6530","6530","viandes, œufs, poissons","viandes crues","Veau, filet, cru","Veal fillet, raw","2",0,"Glacé","Pas de préparation",5,1.0970413,11.219045,1.5941195e-7,1.0677638,0.02324245,9.1350758e-7,1.4623099e-7,6.1669818e-9,0.12602031,0.0010654306,0.04223698,0.53141263,104.61894,538.6124,1.7601933,85.742478,0.000027886174,"PACK AGB"
"6531","6531","viandes, œufs, poissons","viandes cuites","Veau, filet, rôti/cuit au four","Veal fillet, roasted/baked","2",0,"Glacé","Four",5,1.4185074,14.260514,2.0390151e-7,1.8659862,0.029706225,0.0000011597133,1.8838905e-7,7.8561165e-9,0.15985991,0.0013926929,0.053482276,0.67236354,132.68718,681.05519,2.2588556,119.80643,0.000039457083,"PACK AGB"
"25125","25125","entrées et plats composés","plats composés","Paupiette de veau","Veal olive or veal paupiette","2",0,"Glacé","Four",5,1.1604189,11.039303,1.9001732e-7,2.0255745,0.024257829,9.4185946e-7,1.4868195e-7,7.356522e-9,0.1292538,0.0012199501,0.042230509,0.54328739,124.18921,525.59012,1.9013227,106.83774,0.000034218483,"PACK AGB"
"25213","25213","entrées et plats composés","plats composés","Paupiette de veau, cuite au four","Veal paupiette, cooked in oven","2",0,"Glacé","Four",5,1.1604189,11.039303,1.9001732e-7,2.0255745,0.024257829,9.4185946e-7,1.4868195e-7,7.356522e-9,0.1292538,0.0012199501,0.042230509,0.54328739,124.18921,525.59012,1.9013227,106.83774,0.000034218483,"PACK AGB"
"8903","8903","viandes, œufs, poissons","charcuteries","Quenelle de veau, en sauce","Veal quenelle, in sauce","2",0,"Glacé","Four",5,0.51691535,4.3962861,5.8971961e-7,1.3825174,0.010707184,4.0003111e-7,7.088214e-8,2.4297965e-9,0.055338744,0.00053172317,0.017573232,0.23140049,49.52431,197.56489,0.73687855,53.668752,0.000029573407,"PACK AGB"
"25001","25001","entrées et plats composés","plats composés","Blanquette de veau","Veal stew in white sauce","2",0,"Glacé","Four",5,1.025955,9.8850591,1.7987163e-7,1.9039137,0.02153856,8.2667969e-7,1.3502638e-7,7.0829564e-9,0.11199308,0.0010619098,0.03635414,0.47125262,93.116485,451.23411,1.6603578,100.10852,0.000030962324,"PACK AGB"
"25173","25173","viandes, œufs, poissons","autres produits à base de viande","Veau, escalope panée, cuite","Veal, bread escalope, cooked","2",0,"Glacé","Four",5,1.1623278,11.548894,1.7865869e-7,1.6316577,0.024949782,9.3624356e-7,1.5423079e-7,6.530623e-9,0.12813475,0.0012851462,0.04342261,0.53704675,112.52919,556.63037,1.9256086,101.5078,0.000034092848,"PACK AGB"
"6540","6540","viandes, œufs, poissons","viandes crues","Veau, poitrine, crue","Veal, breast, raw","2",0,"Glacé","Pas de préparation",5,0.8816539,8.9580593,1.3112346e-7,0.89233383,0.018887764,7.3458249e-7,1.1739686e-7,4.9493398e-9,0.10106726,0.00084586114,0.033624328,0.42580475,82.96973,431.05574,1.4309494,70.539999,0.000022783919,"PACK AGB"
"6511","6511","viandes, œufs, poissons","viandes cuites","Veau, côte, grillée/poêlée","Veal, chop, grilled/pan-fried","2",0,"Glacé","Poêle",5,1.4111590999999999,14.372414,2.1191491e-7,1.5286685,0.030215785,0.0000011634367,1.8758368e-7,7.9125488e-9,0.16002199,0.0013758221,0.053437854,0.67370065,132.54223,684.38003,2.2773413,115.6557,0.000037112368,"PACK AGB"
"6510","6510","viandes, œufs, poissons","viandes crues","Veau, côte, crue","Veal, chop, raw","2",0,"Glacé","Pas de préparation",5,1.1053775,11.278362,1.6398211e-7,1.1154964,0.023694591,9.1883605e-7,1.4753579e-7,6.2028672e-9,0.12638525,0.0010713731,0.042123992,0.53247438,104.07836,538.88207,1.7927161,88.22851,0.000028492565,"PACK AGB"
"6520","6520","viandes, œufs, poissons","viandes cuites","Veau, escalope, cuite","Veal, escalope, cooked","2",0,"Glacé","Four",5,1.4185074,14.260514,2.0390151e-7,1.8659862,0.029706225,0.0000011597133,1.8838905e-7,7.8561165e-9,0.15985991,0.0013926929,0.053482276,0.67236354,132.68718,681.05519,2.2588556,119.80643,0.000039457083,"PACK AGB"
"6521","6521","viandes, œufs, poissons","viandes crues","Veau, escalope, crue","Veal, escalope, raw","2",0,"Glacé","Pas de préparation",5,1.0970413,11.219045,1.5941195e-7,1.0677638,0.02324245,9.1350758e-7,1.4623099e-7,6.1669818e-9,0.12602031,0.0010654306,0.04223698,0.53141263,104.61894,538.6124,1.7601933,85.742478,0.000027886174,"PACK AGB"
"6581","6581","viandes, œufs, poissons","viandes cuites","Veau, jarret, braisé ou bouilli","Veal, knuckle or shank, braised or boiled","2",0,"Glacé","Cuisson à l'eau",5,1.4227925,14.483371,2.1594671e-7,1.6566657,0.030421257,0.0000011643964,1.8847333e-7,7.903985e-9,0.16015844,0.0013832255,0.053334092,0.67375604,131.85255,681.12741,2.2858159,120.00795,0.000038202237,"PACK AGB"
"6583","6583","viandes, œufs, poissons","viandes crues","Veau, jarret, cru","Veal, knuckle or shank, raw","2",0,"Glacé","Pas de préparation",5,1.1053775,11.278362,1.6398211e-7,1.1154964,0.023694591,9.1883605e-7,1.4753579e-7,6.2028672e-9,0.12638525,0.0010713731,0.042123992,0.53247438,104.07836,538.88207,1.7927161,88.22851,0.000028492565,"PACK AGB"
"6513","6513","viandes, œufs, poissons","viandes crues","Veau, carré, cru","Veal, loin, raw","2",0,"Glacé","Pas de préparation",5,0.8816539,8.9580593,1.3112346e-7,0.89233383,0.018887764,7.3458249e-7,1.1739686e-7,4.9493398e-9,0.10106726,0.00084586114,0.033624328,0.42580475,82.96973,431.05574,1.4309494,70.539999,0.000022783919,"PACK AGB"
"6512","6512","viandes, œufs, poissons","viandes cuites","Veau, carré, sauté/poêlé","Veal, loin, sautéed/pan-fried","2",0,"Glacé","Poêle",5,1.1285393,11.441251,1.7040611e-7,1.2467801,0.024143531,9.306774e-7,1.4951059e-7,6.329024e-9,0.1280389,0.0010909428,0.042700574,0.53894954,105.87656,548.16768,1.8203386,93.31108,0.000029901071,"PACK AGB"
"6536","6536","viandes, œufs, poissons","viandes crues","Veau, steak haché 15% MG, cru","Veal, minced steak, 15% fat, raw","2",0,"Glacé","Pas de préparation",5,1.3816677000000002,13.872958,2.030371e-7,1.8632383,0.02912515,0.0000011274387,1.8207693e-7,7.6916586e-9,0.15528449,0.0013854614,0.051946576,0.65413916,128.8073,664.49526,2.1793027,119.8933,0.000035598449,"PACK AGB"
"6535","6535","viandes, œufs, poissons","viandes crues","Veau, steak haché 20% MG, cru","Veal, minced steak, 20% fat, raw","2",0,"Glacé","Pas de préparation",5,1.3816677000000002,13.872958,2.030371e-7,1.8632383,0.02912515,0.0000011274387,1.8207693e-7,7.6916586e-9,0.15528449,0.0013854614,0.051946576,0.65413916,128.8073,664.49526,2.1793027,119.8933,0.000035598449,"PACK AGB"
"6591","6591","viandes, œufs, poissons","viandes cuites","Veau, collier, braisé ou bouilli","Veal, neck, braised or boiled","2",0,"Glacé","Cuisson à l'eau",5,1.4227925,14.483371,2.1594671e-7,1.6566657,0.030421257,0.0000011643964,1.8847333e-7,7.903985e-9,0.16015844,0.0013832255,0.053334092,0.67375604,131.85255,681.12741,2.2858159,120.00795,0.000038202237,"PACK AGB"
"6590","6590","viandes, œufs, poissons","viandes crues","Veau, collier, cru","Veal, neck, raw","2",0,"Glacé","Pas de préparation",5,1.1053775,11.278362,1.6398211e-7,1.1154964,0.023694591,9.1883605e-7,1.4753579e-7,6.2028672e-9,0.12638525,0.0010713731,0.042123992,0.53247438,104.07836,538.88207,1.7927161,88.22851,0.000028492565,"PACK AGB"
"6551","6551","viandes, œufs, poissons","viandes cuites","Veau, rôti, cuit","Veal, roast, cooked","2",0,"Glacé","Four",5,1.7691502,17.905704,2.5434433e-7,2.2033012,0.037153754,0.00000144898,2.3556847e-7,9.8241924e-9,0.19972356,0.0017469156,0.066939534,0.84046715,166.18992,851.23547,2.8198399,146.95272,0.000048279934,"PACK AGB"
"6550","6550","viandes, œufs, poissons","viandes crues","Veau, rôti, cru","Veal, roast, raw","2",0,"Glacé","Pas de préparation",5,1.3746118,14.104594,1.9934272e-7,1.3347838,0.029137949,0.0000011424924,1.8357844e-7,7.7249198e-9,0.15757655,0.0013458349,0.052889807,0.66448423,131.13986,673.3279,2.2042711,107.23161,0.000034870384,"PACK AGB"
"6563","6563","viandes, œufs, poissons","viandes cuites","Veau, épaule, braisée ou bouillie","Veal, shoulder, braised/boiled","2",0,"Glacé","Cuisson à l'eau",5,1.1359884,11.514854,1.7304385e-7,1.3355331,0.024271573,9.3105644e-7,1.5006907e-7,6.3096784e-9,0.12809592,0.0010936459,0.042578195,0.53883011,105.12886,544.85473,1.8254861,96.3075,0.000030640745,"PACK AGB"
"6562","6562","viandes, œufs, poissons","viandes cuites","Veau, épaule, grillée/poêlée","Veal, shoulder, grilled/pan-fried","2",0,"Glacé","Poêle",5,1.1285393,11.441251,1.7040611e-7,1.2467801,0.024143531,9.306774e-7,1.4951059e-7,6.329024e-9,0.1280389,0.0010909428,0.042700574,0.53894954,105.87656,548.16768,1.8203386,93.31108,0.000029901071,"PACK AGB"
"6560","6560","viandes, œufs, poissons","viandes crues","Veau, épaule, crue","Veal, shoulder, raw","2",0,"Glacé","Pas de préparation",5,0.8816539,8.9580593,1.3112346e-7,0.89233383,0.018887764,7.3458249e-7,1.1739686e-7,4.9493398e-9,0.10106726,0.00084586114,0.033624328,0.42580475,82.96973,431.05574,1.4309494,70.539999,0.000022783919,"PACK AGB"
"6523","6523","viandes, œufs, poissons","viandes cuites","Veau, noix, grillée/poêlée","Veal, tenderloin, grilled/pan-fried","2",0,"Glacé","Poêle",5,1.4006289,14.297457,2.0614173e-7,1.4683931,0.029644618,0.0000011567057,1.8593549e-7,7.8672187e-9,0.159561,0.0013683154,0.053580566,0.67235942,133.22506,684.03937,2.2362583,112.51572,0.00003634653,"PACK AGB"
"6522","6522","viandes, œufs, poissons","viandes crues","Veau, noix, crue","Veal, tenderloin, raw","2",0,"Glacé","Pas de préparation",5,1.0970413,11.219045,1.5941195e-7,1.0677638,0.02324245,9.1350758e-7,1.4623099e-7,6.1669818e-9,0.12602031,0.0010654306,0.04223698,0.53141263,104.61894,538.6124,1.7601933,85.742478,0.000027886174,"PACK AGB"
"6524","6524","viandes, œufs, poissons","viandes cuites","Veau, noix, rôtie","Veal, tenderloin, roasted","2",0,"Glacé","Four",5,1.4185074,14.260514,2.0390151e-7,1.8659862,0.029706225,0.0000011597133,1.8838905e-7,7.8561165e-9,0.15985991,0.0013926929,0.053482276,0.67236354,132.68718,681.05519,2.2588556,119.80643,0.000039457083,"PACK AGB"
"25589_2","25589","entrées et plats composés","plats végétariens","Boulettes aux légumes (sans viande)","Vegetable ball (without meat)","2",0,"Glacé","Poêle",5,0.36531565,2.4462676,6.9318717e-8,1.9961679,0.0087726443,1.8808533e-7,5.0934461e-8,3.1904666e-9,0.023974524,0.00063571284,0.01560324,0.094143516,62.331685,209.03703,0.84235104,62.043843,0.000012898135,"PACK PROXY"
"11219","11219","aides culinaires et ingrédients divers","sauces","Sauce végétale type bolognaise, préemballée","Vegetable Bolognese sauce","2",0,"Ambiant (long)","Pas de préparation",5,0.31278843,1.8262471,9.4350915e-7,1.5388072,0.0074818009,1.1260483e-7,4.5479933e-8,4.6579812e-9,0.011981797,0.00041455163,0.0084565641,0.039652252,54.047364,91.346869,4.2846354,54.306009,0.000028940763,"PACK PROXY"
"42605","42605","aliments infantiles","petits pots salés et plats infantiles","Plat légumes, avec féculent et viande/poisson, dès 12 mois","Vegetable dish for baby, w meat/fish and starch, from 12 months","2",0,"Ambiant (long)","Micro-onde",5,0.32753993,2.3201211,6.0147255e-8,0.60071538,0.028251156,3.1334935e-7,3.3525797e-8,3.0342474e-9,0.039432397,0.00021862327,0.011532145,0.11284969,11.810288,53.79276,0.78727935,41.790714,0.00000792328,"PACK PROXY"
"42606","42606","aliments infantiles","petits pots salés et plats infantiles","Plat légumes, avec féculent et viande/poisson, dès 18 mois","Vegetable dish for baby, w meat/fish and starch, from 18 months","2",0,"Ambiant (long)","Micro-onde",5,0.32753993,2.3201211,6.0147255e-8,0.60071538,0.028251156,3.1334935e-7,3.3525797e-8,3.0342474e-9,0.039432397,0.00021862327,0.011532145,0.11284969,11.810288,53.79276,0.78727935,41.790714,0.00000792328,"PACK PROXY"
"42603","42603","aliments infantiles","petits pots salés et plats infantiles","Plat légumes, avec féculent et viande/poisson, dès 6-8 mois","Vegetable dish for baby, w meat/fish and starch, from 6-8 months","2",0,"Ambiant (long)","Micro-onde",5,0.32753993,2.3201211,6.0147255e-8,0.60071538,0.028251156,3.1334935e-7,3.3525797e-8,3.0342474e-9,0.039432397,0.00021862327,0.011532145,0.11284969,11.810288,53.79276,0.78727935,41.790714,0.00000792328,"PACK PROXY"
"42604","42604","aliments infantiles","petits pots salés et plats infantiles","Plat légumes, avec féculent et viande/poisson, dès 8-12 mois","Vegetable dish for baby, w meat/fish and starch, from 8-12 months","2",0,"Ambiant (long)","Micro-onde",5,0.32753993,2.3201211,6.0147255e-8,0.60071538,0.028251156,3.1334935e-7,3.3525797e-8,3.0342474e-9,0.039432397,0.00021862327,0.011532145,0.11284969,11.810288,53.79276,0.78727935,41.790714,0.00000792328,"PACK PROXY"
"20251","20251","aliments infantiles","petits pots salés et plats infantiles","Plat légumes, avec féculent et lait/crème, dès 12 mois","Vegetable dish for baby, with milk/cream and starch, from 12 months","2",0,"Ambiant (long)","Micro-onde",5,0.1594682,1.3682689,3.1197669e-8,0.60682934,0.0040479855,8.6722878e-8,3.3894807e-8,2.6058873e-9,0.010457066,0.00018902424,0.0043485675,0.041734409,13.204595,62.142725,0.78255268,27.3323,0.000005595152,"PACK PROXY"
"20254","20254","aliments infantiles","petits pots salés et plats infantiles","Plat légumes, avec féculent et lait/crème, dès 18 mois","Vegetable dish for baby, with milk/cream and starch, from 18 months","2",0,"Ambiant (long)","Micro-onde",5,0.1594682,1.3682689,3.1197669e-8,0.60682934,0.0040479855,8.6722878e-8,3.3894807e-8,2.6058873e-9,0.010457066,0.00018902424,0.0043485675,0.041734409,13.204595,62.142725,0.78255268,27.3323,0.000005595152,"PACK PROXY"
"20249","20249","aliments infantiles","petits pots salés et plats infantiles","Plat légumes, avec féculent et lait/crème, dès 6-8 mois","Vegetable dish for baby, with milk/cream and starch, from 6-8 months","2",0,"Ambiant (long)","Micro-onde",5,0.1594682,1.3682689,3.1197669e-8,0.60682934,0.0040479855,8.6722878e-8,3.3894807e-8,2.6058873e-9,0.010457066,0.00018902424,0.0043485675,0.041734409,13.204595,62.142725,0.78255268,27.3323,0.000005595152,"PACK PROXY"
"20250","20250","aliments infantiles","petits pots salés et plats infantiles","Plat légumes, avec féculent et lait/crème, dès 8-12 mois","Vegetable dish for baby, with milk/cream and starch, from 8-12 months","2",0,"Ambiant (long)","Micro-onde",5,0.1594682,1.3682689,3.1197669e-8,0.60682934,0.0040479855,8.6722878e-8,3.3894807e-8,2.6058873e-9,0.010457066,0.00018902424,0.0043485675,0.041734409,13.204595,62.142725,0.78255268,27.3323,0.000005595152,"PACK PROXY"
"20248","20248","aliments infantiles","petits pots salés et plats infantiles","Plat légumes, avec féculent, dès 6-8 mois","Vegetable dish for baby, with starch, from 6-8 months","2",0,"Ambiant (long)","Micro-onde",5,0.13755461,1.1543558,3.0325155e-8,0.59412367,0.0036712633,6.1385489e-8,3.1018335e-8,2.688549e-9,0.0066846769,0.00018152663,0.0035919868,0.025412246,11.53561,56.444463,0.80504575,26.59002,0.0000052389281,"PACK PROXY"
"16614","16614","matières grasses","margarines","Matière grasse végétale (type margarine) à 80% MG, salé","Vegetable fat (like margarine), 80% fat, salted","2",0,"Glacé","Pas de préparation",5,0.43709559,2.7156331,6.5861374e-8,0.33580974,0.012741337,2.7140778e-7,5.8126083e-8,9.5573006e-9,0.025248596,0.0012861272,0.022846082,0.094640699,147.11122,374.61863,4.3329421,30.789145,0.000015801151,"PACK AGB"
"16738","16738","matières grasses","margarines","Matière grasse végétale (type margarine) à 50-63% MG, allégée, demi-sel","Vegetable fat (margarine type), 50-63% fat, light, lightly salted","2",0,"Glacé","Pas de préparation",5,0.30167781,2.2769001,6.3929955e-8,0.32896552,0.0089526936,1.8845842e-7,3.5905646e-8,4.1970462e-9,0.021047443,0.00069727492,0.014475208,0.082953339,81.101118,256.24258,1.7412172,25.308579,0.000010532563,"PACK AGB"
"16654","16654","matières grasses","margarines","Matière grasse végétale (type margarine) à 60% de MG, allégée, au tournesol, doux","Vegetable fat (margarine type), 60% fat, unsalted, sunflowerseed","2",0,"Glacé","Pas de préparation",5,0.2681939,2.1079075,6.9089096e-8,0.33522953,0.0076683528,1.5579428e-7,2.7468349e-8,3.3812753e-9,0.017280953,0.00067346874,0.014237041,0.069028419,72.213254,263.35199,0.80439944,24.232952,0.0000091231815,"PACK AGB"
"16616","16616","matières grasses","margarines","Matière grasse végétale (type margarine) à 70% MG, doux","Vegetable fat (margarine type), 70% fat, unsalted","2",0,"Glacé","Pas de préparation",5,0.23032021,2.5266181,4.4721151e-8,0.29123058,0.0078446494,2.053513e-7,1.9792323e-8,8.996935e-10,0.013328549,0.00027084285,0.010323428,0.052308506,35.426861,105.39078,0.99308373,21.711293,0.0000073931305,"PACK AGB"
"16615","16615","matières grasses","margarines","Matière grasse végétale ou margarine, 80% MG, doux","Vegetable fat (margarine type), 80% fat, unsalted","2",0,"Glacé","Pas de préparation",5,0.43637420000000005,2.7094721,6.5782833e-8,0.33535579,0.012716109,2.7095351e-7,5.8004396e-8,9.5549391e-9,0.025212693,0.0012834352,0.022838253,0.094565037,147.06596,374.57493,4.3307981,30.710622,0.00001565346,"PACK AGB"
"16734","16734","matières grasses","margarines","Matière grasse végétale (type margarine), à tartiner, à 30-40% MG, légère, demi-sel","Vegetable fat (margarine type), spreadable, 30-40% fat, light, lightly salted","2",0,"Glacé","Pas de préparation",5,0.18059795,1.8165865,4.652684e-8,0.29688218,0.005875763,1.3050701e-7,1.6856874e-8,7.6072119e-10,0.012584841,0.00025041648,0.0071600035,0.050059473,28.680531,107.47812,0.49277137,19.859743,0.0000063622053,"PACK AGB"
"16742","16742","matières grasses","margarines","Matière grasse végétale (type margarine) à 30-40% MG, légère, demi-sel, aux esters de stérol végétal","Vegetable fat (margarine type), spreadable, 30-40% fat, light, lightly salted, with plant sterols esters","2",0,"Glacé","Pas de préparation",5,0.19465191,1.5513651,4.9639599e-8,0.30627061,0.0057910937,1.1470391e-7,2.3598725e-8,2.1583587e-9,0.013361226,0.00044521982,0.0088092761,0.05271534,42.23712,158.29732,0.81546843,20.597872,0.0000071660419,"PACK AGB"
"16733","16733","matières grasses","margarines","Matière grasse végétale (type margarine), à tartiner, à 30-40% MG, légère, doux","Vegetable fat (margarine type), spreadable, 30-40% fat, light, unsalted","2",0,"Glacé","Pas de préparation",5,0.17701358,1.7818329,4.6004709e-8,0.29581196,0.0057639098,1.2741816e-7,1.648768e-8,7.4424888e-10,0.012295333,0.00024507745,0.0069829695,0.048893738,27.974713,104.89113,0.48123942,19.675852,0.0000061988565,"PACK AGB"
"16736","16736","matières grasses","margarines","Matière grasse végétale (type margarine), à tartiner, à 30-40% MG, légère, doux, riche en oméga 3","Vegetable fat (margarine type), spreadable, 30-40% fat, light, unsalted, rich in omega 3","2",0,"Glacé","Pas de préparation",5,0.22903868,1.7380403,5.3171309e-8,0.31956934,0.0068664882,1.2914814e-7,3.7825525e-8,1.4219037e-9,0.016706128,0.00040381554,0.0099866827,0.066681681,42.157478,189.11538,2.2127898,22.045572,0.0000084791273,"PACK AGB"
"16740","16740","matières grasses","margarines","Matière grasse végétale (type margarine) à 50-63% MG, allégée, demi-sel, riche en oméga 3","Vegetable fat (margarine type), spreadable, 50-63% fat, light, lightly salted, rich in omega 3","2",0,"Glacé","Pas de préparation",5,0.24081632,2.1064255,5.3096075e-8,0.32014924,0.0071212247,1.6693136e-7,2.8179635e-8,1.8176768e-9,0.017671447,0.00047517866,0.011610444,0.071425431,42.594692,191.10799,0.84234999,22.621998,0.000008243075,"PACK AGB"
"16741","16741","matières grasses","margarines","Matière grasse végétale (type margarine) à 50-63% MG, allégée, doux","Vegetable fat (margarine type), spreadable, 50-63% fat, light, unsalted","2",0,"Glacé","Pas de préparation",5,0.30133833,2.2740008,6.3892995e-8,0.3287519,0.0089408219,1.8824465e-7,3.5848381e-8,4.1959349e-9,0.021030548,0.00069600809,0.014471524,0.082917733,81.07982,256.22202,1.7402082,25.271628,0.000010463061,"PACK AGB"
"16737","16737","matières grasses","margarines","Matière grasse végétale (type margarine) à 50-63% MG, allégée, doux, riche en oméga 3","Vegetable fat (margarine type), spreadable, 50-63% fat, light, unsalted, rich in omega 3","2",0,"Glacé","Pas de préparation",5,0.24245587999999998,2.1194206,5.3342249e-8,0.32053491,0.0071630124,1.6828047e-7,2.8371636e-8,1.834524e-9,0.017827685,0.00047788456,0.011728099,0.072119102,43.019133,193.1417,0.84913805,22.671475,0.000008219913,"PACK AGB"
"16739","16739","matières grasses","margarines","Matière grasse végétale (type margarine) à 50-63% MG, allégée, doux, aux esters de stérol végétal","Vegetable fat (margarine type), spreadable, 50-63% fat, light, unsalted, with plant sterols esters","2",0,"Glacé","Pas de préparation",5,0.27625537,2.1274458,6.2773294e-8,0.32629888,0.0082130535,1.708706e-7,3.2198111e-8,3.5104658e-9,0.019722754,0.00061765524,0.013057045,0.078237961,71.52546,236.51177,1.3759689,24.274606,0.0000095695955,"PACK AGB"
"8297","8297","entrées et plats composés","plats composés","Flan de légumes","Vegetable flan","2",0,"Glacé","Micro-onde",5,0.29949776,2.1868475,5.0537774e-8,0.81712689,0.0070153284,1.8927266e-7,1.1379116e-7,2.9023347e-9,0.025085868,0.00040551685,0.012512769,0.10260864,25.430645,153.6565,2.1534241,35.541065,0.0000098724424,"PACK AGB"
"25556","25556","entrées et plats composés","plats composés","Beignet de légumes","Vegetable fritters","2",0,"Glacé","Micro-onde",5,0.26998925,1.5822288,4.8923957e-8,0.77185664,0.0065300572,1.3529885e-7,1.1597835e-7,2.9879835e-9,0.017350413,0.00038794025,0.011348212,0.069279597,19.105866,180.56138,4.2418376,34.050747,0.0000097063562,"PACK AGB"
"25232_2","25232","viandes, œufs, poissons","substituts de viande","Saucisse hot-dog végétale","Vegetable Hot-dog sausage","2",0,"Glacé","Poêle",5,0.30591838000000005,2.443869,6.5159e-8,1.1716078,0.0084512417,1.7951842e-7,3.1251175e-8,1.5291512e-9,0.023663826,0.00047867111,0.011933188,0.096069795,46.499885,160.01337,0.57790174,46.204816,0.000010853925,"PACK PROXY"
"25199","25199","entrées et plats composés","plats composés","Palet ou galette de légumes, préfrit, surgelé","Vegetable rosti, pre-fried, frozen","2",0,"Congelé","Micro-onde",5,0.19588926,1.2015567,4.5848336e-8,1.0702082,0.0042112142,7.5042695e-8,8.3807521e-8,5.1771065e-9,0.0088872364,0.00033097752,0.0096398853,0.033292917,16.966779,113.50526,0.91811783,33.926315,0.0000090921982,"PACK AGB"
"25208","25208","entrées et plats composés","plats composés","Palet ou galette de légumes, préfrit, surgelé, cuit","Vegetable rosti, pre-fried, frozen, cooked","2",0,"Congelé","Micro-onde",5,0.19588926,1.2015567,4.5848336e-8,1.0702082,0.0042112142,7.5042695e-8,8.3807521e-8,5.1771065e-9,0.0088872364,0.00033097752,0.0096398853,0.033292917,16.966779,113.50526,0.91811783,33.926315,0.0000090921982,"PACK AGB"
"8296","8296","entrées et plats composés","plats composés","Terrine ou mousse de légumes","Vegetable terrine or mousse","2",0,"Glacé","Micro-onde",5,0.21760162,1.8306835,4.6601665e-8,0.76020997,0.0057799689,1.1990349e-7,7.0500173e-8,1.3445172e-9,0.015020586,0.00032889708,0.009114586,0.059223799,17.248027,79.577854,0.87289012,32.896725,0.0000084923857,"PACK AGB"
"20258","20258","fruits, légumes, légumineuses et oléagineux","légumes","Légumes (3-4 sortes en mélange), purée","Vegetables (3-4 types), mashed","2",0,"Glacé","Micro-onde",5,0.15266345,1.3327753,3.7057504e-8,0.72335527,0.0040662543,7.380781e-8,4.2925264e-8,7.8872119e-10,0.0082803331,0.00024965557,0.0049921709,0.031346229,7.7177419,44.963581,0.64672897,28.440638,0.0000067399256,"PACK AGB"
"25162","25162","entrées et plats composés","plats composés","Gratin de légumes","Vegetables au gratin (oven grilled)","2",0,"Glacé","Micro-onde",5,0.26367509,2.1675463,5.8870811e-8,0.88939704,0.0068771019,1.4696351e-7,7.6254323e-8,1.283403e-9,0.017971786,0.00036136289,0.0087518798,0.0702977,30.56944,80.819341,2.0901539,39.124647,0.000009977639,"PACK AGB"
"25588","25588","entrées et plats composés","plats composés","Gratin de légumes en sauce blanche type béchamel, cuit","Vegetables au gratin (oven grilled) in bechamel sauce","2",0,"Glacé","Micro-onde",5,0.30480289,2.0966679,4.8633447e-8,0.87224103,0.0065540647,2.4749682e-7,2.3902892e-7,2.116366e-9,0.033940283,0.00025581323,0.0085077226,0.14494723,12.441299,67.709126,0.32004927,35.0975,0.0000088777548,"PACK AGB"
"20273","20273","entrées et plats composés","plats composés","Poêlée de légumes assaisonnés à l'asiatiques ou wok de légumes, surgelée, crue","Vegetables pan-fried or stir-fried, Asian-style, frozen, raw","2",0,"Congelé","Micro-onde",5,0.30996578999999996,1.7624618,4.2620573e-8,1.1407338,0.0076878945,1.5990492e-7,4.3960473e-7,8.3476712e-9,0.017771624,0.00056878946,0.0092418519,0.062796185,14.935485,56.17126,1.4808109,39.881393,0.0000097632109,"PACK AGB"
"20498","20498","entrées et plats composés","plats composés","Poêlée de légumes assaisonnés aux champignons (""champêtre""), surgelée","Vegetables pan-fried with mushrooms (country-style), frozen","2",0,"Congelé","Micro-onde",5,0.30996578999999996,1.7624618,4.2620573e-8,1.1407338,0.0076878945,1.5990492e-7,4.3960473e-7,8.3476712e-9,0.017771624,0.00056878946,0.0092418519,0.062796185,14.935485,56.17126,1.4808109,39.881393,0.0000097632109,"PACK AGB"
"20262","20262","entrées et plats composés","plats composés","Poêlée de légumes assaisonnés sans champignon, surgelée, crue","Vegetables pan-fried without mushrooms, frozen, raw","2",0,"Congelé","Micro-onde",5,0.30996578999999996,1.7624618,4.2620573e-8,1.1407338,0.0076878945,1.5990492e-7,4.3960473e-7,8.3476712e-9,0.017771624,0.00056878946,0.0092418519,0.062796185,14.935485,56.17126,1.4808109,39.881393,0.0000097632109,"PACK AGB"
"25417","25417","entrées et plats composés","pizzas, tartes et crêpes salées","Tarte aux légumes","Vegetables tart","2",0,"Glacé","Four",5,0.41429232,3.1919696,1.8313914e-7,1.3262548,0.010847843,2.4617136e-7,6.7075575e-8,1.4756914e-9,0.029997379,0.00059051803,0.011235471,0.11593272,71.2651,106.59798,4.6724041,55.661566,0.000019133901,"PACK PROXY"
"25415_2","25415","entrées et plats composés","sandwichs","Burger végétarien","Veggie burger","2",0,"Glacé","Four",5,0.43908792,3.7530826,8.3339266e-8,2.0226456,0.012707413,2.4420318e-7,8.5850379e-8,5.0262765e-9,0.027827405,0.0005695804,0.010573058,0.10428846,32.644264,99.990498,1.0708012,79.742094,0.000025797992,"PACK PROXY"
"30750","30750","viandes, œufs, poissons","charcuteries","Saucisse viennoise, crue","Viennese sausage, pork and veal, raw","2",0,"Glacé","Pas de préparation",5,0.54202821,4.3079885,6.6247644e-8,1.1527153,0.011199651,4.643788e-7,4.9550063e-8,2.5610105e-9,0.064810846,0.00061800386,0.018023766,0.27228859,114.16693,216.55764,1.0801732,47.749915,0.000015693989,"PACK AGB"
"11018","11018","aides culinaires et ingrédients divers","condiments","Vinaigre","Vinegar","2",0,"Ambiant (long)","Pas de préparation",5,0.16298697,1.2390527,2.0845408e-8,0.33961997,0.0049321402,7.5852888e-8,3.9460371e-8,8.2862361e-10,0.007154567,0.0002136722,0.0073555749,0.024115118,63.147527,127.98653,0.28479131,19.229564,0.000010216291,"PACK PROXY"
"11091","11091","aides culinaires et ingrédients divers","condiments","Vinaigre balsamique","Vinegar, balsamic","2",0,"Ambiant (long)","Pas de préparation",5,0.16298697,1.2390527,2.0845408e-8,0.33961997,0.0049321402,7.5852888e-8,3.9460371e-8,8.2862361e-10,0.007154567,0.0002136722,0.0073555749,0.024115118,63.147527,127.98653,0.28479131,19.229564,0.000010216291,"PACK PROXY"
"11090","11090","aides culinaires et ingrédients divers","condiments","Vinaigre de cidre","Vinegar, cider","2",0,"Ambiant (long)","Pas de préparation",5,0.099329888,1.1018011,2.6202267e-8,0.20451344,0.0042310212,4.5441624e-8,1.797608e-8,3.9305489e-10,0.0042032582,0.00013026495,0.0019477254,0.012210399,21.078,25.102732,0.50438446,15.20504,0.0000051088681,"PACK PROXY"
"0006","6","matières grasses","huiles et graisses végétales","Huile de coco","Virgin coconut oil","2",0,"Ambiant (long)","Pas de préparation",5,0.63568991,3.4625205,2.6826175e-8,0.20430242,0.016699093,5.4450497e-7,1.1702696e-7,1.3624622e-8,0.048630881,0.00094121938,0.031541692,0.24724975,191.47616,379.77406,10.387978,29.692945,0.000012332649,"PACK PROXY"
"1008","1008","boissons","boisson alcoolisées","Vodka","Vodka","2",0,"Ambiant (long)","Réfrigéré chez le consommateur",5,0.71775655,4.5470101,8.8529047e-8,1.2582273,0.020534585,3.0534318e-7,2.0257381e-7,4.2918302e-9,0.031213544,0.0010005902,0.038872195,0.11648847,337.14825,710.32933,1.2983204,64.833911,0.000051023939,"PACK PROXY"
"25503","25503","entrées et plats composés","feuilletées et autres entrées","Bouchée à la reine, au poisson et fruits de mer","Vol-au-vent with fish and seafood","2",0,"Glacé","Four",5,1.4062407000000001,8.9267037,2.3410413e-7,1.1521276,0.16192203,0.0000016877003,4.5610946e-8,6.1716363e-9,0.21821887,0.00049300284,0.055065514,0.59211581,23.784237,46.573202,0.64006638,137.23524,0.000027912091,"PACK PROXY"
"25412","25412","entrées et plats composés","feuilletées et autres entrées","Bouchée à la reine, à la viande/volaille/quenelle","Vol-au-vent, with meat/poultry/quenelle","2",0,"Glacé","Four",5,0.46060052,3.6989564,7.0426537e-8,1.3560964,0.012574138,3.7777919e-7,5.0287091e-8,1.6615144e-9,0.046974256,0.00058592837,0.012301039,0.19320097,49.856928,100.0472,1.1496493,61.982835,0.000020427577,"PACK PROXY"
"24300","24300","produits céréaliers","céréales de petit-déjeuner et biscuits","Gaufrette ou éventail sans fourrage","Wafer biscuit without filling","2",0,"Ambiant (long)","Pas de préparation",5,0.35221262,3.1887947,4.392188e-8,0.60080075,0.0087539858,2.8585708e-7,4.1010468e-8,1.5364586e-9,0.03939499,0.00035907644,0.012881518,0.16613809,32.743925,128.33672,1.07915,36.849587,0.0000099554494,"PACK PROXY"
"23853","23853","produits céréaliers","gâteaux et pâtisseries","Gaufre croustillante (fine ou sèche), nature ou sucrée, préemballée","Wafer biscuit, crunchy (thin or dry), plain or with sugar, prepacked","2",0,"Ambiant (long)","Pas de préparation",5,0.24268715999999999,1.9949276,2.4032258e-8,0.58207465,0.0055539609,2.0539021e-7,3.2018689e-8,1.1303273e-9,0.028395364,0.00024343056,0.0095960543,0.12041821,26.695223,96.905276,0.57771799,23.871578,0.0000065284705,"PACK PROXY"
"23854","23854","produits céréaliers","gâteaux et pâtisseries","Gaufre croustillante (fine ou sèche), chocolatée, préemballée","Wafer biscuit, crunchy (thin or dry), with chocolate, prepacked","2",0,"Ambiant (long)","Pas de préparation",5,0.31060235,2.544136,2.8652733e-8,0.61054779,0.0069515067,2.7545934e-7,3.8546182e-8,1.4215435e-9,0.038436067,0.0003041761,0.012647944,0.16390756,31.898408,127.09776,0.91713236,26.714657,0.0000081551183,"PACK PROXY"
"24311","24311","produits céréaliers","céréales de petit-déjeuner et biscuits","Gaufrette fourrée chocolat, préemballée","Wafer biscuit, filled with chocolate, prepacked","2",0,"Ambiant (long)","Pas de préparation",5,0.53633407,7.4161162,4.572076e-8,0.62886932,0.015084619,3.0862386e-7,4.1302513e-8,3.1487768e-9,0.040628099,0.00081184699,0.022170159,0.16977124,36.189931,283.17046,1.2109372,45.442938,0.00001064016,"PACK PROXY"
"24312","24312","produits céréaliers","céréales de petit-déjeuner et biscuits","Gaufrette fourrée fruits à coque (noisette, amande, praline, etc.), chocolatée ou non, préemballée","Wafer biscuit, filled with nuts (hazelnut, almond, praline, etc.), with chocolate or not, prepacked","2",0,"Ambiant (long)","Pas de préparation",5,0.95498287,3.0079728,6.5173501e-8,0.67279596,0.014732219,4.8165801e-7,3.3087184e-7,1.8140718e-9,0.055170856,0.00075964614,0.02026909,0.22773856,69.255106,236.05216,58.135401,47.804559,0.0000266519,"PACK PROXY"
"24313","24313","produits céréaliers","céréales de petit-déjeuner et biscuits","Gaufrette, fourrée vanille, préemballée","Wafer biscuit, plain or vanilla flavoured, prepacked","2",0,"Ambiant (long)","Pas de préparation",5,0.35221262,3.1887947,4.392188e-8,0.60080075,0.0087539858,2.8585708e-7,4.1010468e-8,1.5364586e-9,0.03939499,0.00035907644,0.012881518,0.16613809,32.743925,128.33672,1.07915,36.849587,0.0000099554494,"PACK PROXY"
"24320","24320","produits céréaliers","céréales de petit-déjeuner et biscuits","Gaufrette fourrée, aux fruits","Wafer biscuit, with fruits","2",0,"Ambiant (long)","Pas de préparation",5,0.34326928,2.8057275,2.981647e-7,0.58558572,0.0080639051,2.364903e-7,3.8941567e-8,1.4423892e-9,0.03153569,0.00041604715,0.010495638,0.13136638,104.44723,99.128354,1.8924493,37.384974,0.000010616607,"PACK PROXY"
"24360","24360","produits céréaliers","céréales de petit-déjeuner et biscuits","Cigarette","Wafer cookie","2",0,"Ambiant (long)","Pas de préparation",5,0.29775915999999997,2.7041889,4.1391408e-8,0.56612573,0.0076706592,2.3382173e-7,2.6256806e-8,1.0926062e-9,0.031432316,0.00031842863,0.010399386,0.13188912,20.203419,95.172996,1.3626677,35.529427,0.0000089551894,"PACK PROXY"
"24370","24370","produits céréaliers","céréales de petit-déjeuner et biscuits","Crêpe dentelle","Wafer cookie","2",0,"Ambiant (long)","Pas de préparation",5,0.29775915999999997,2.7041889,4.1391408e-8,0.56612573,0.0076706592,2.3382173e-7,2.6256806e-8,1.0926062e-9,0.031432316,0.00031842863,0.010399386,0.13188912,20.203419,95.172996,1.3626677,35.529427,0.0000089551894,"PACK PROXY"
"24371","24371","produits céréaliers","céréales de petit-déjeuner et biscuits","Crêpe dentelle au chocolat, préemballée","Wafer cookie, with chocolate, prepacked","2",0,"Ambiant (long)","Pas de préparation",5,0.61714044,10.310353,4.5626496e-8,0.61516907,0.019159986,2.4483707e-7,2.744106e-8,4.1629104e-9,0.02941223,0.0011606502,0.027441335,0.11997071,29.871093,392.29479,1.2577654,50.664427,0.000010027218,"PACK PROXY"
"20984","20984","aides culinaires et ingrédients divers","algues","Wakamé (Undaria pinnatifida), séchée ou déshydratée","Wakame (Undaria pinnatifida), dried or dehydrated","2",0,"Ambiant (long)","Pas de préparation",5,1.5467408,12.2005,3.4542267e-7,10.918509,0.057733433,8.3490215e-7,8.1758221e-8,7.301482e-9,0.10955946,0.0025147409,0.015110188,0.14459756,39.9629,32.056889,4.1695191,394.63825,0.000076401245,"PACK PROXY"
"15005","15005","fruits, légumes, légumineuses et oléagineux","fruits à coque et graines oléagineuses","Noix, séchée, cerneaux","Walnut, dried, husked","2",0,"Ambiant (long)","Pas de préparation",5,0.39576831999999995,2.4910903,1.1359047e-7,0.47210508,0.010696787,9.8826776e-8,6.0619209e-8,1.5609954e-9,0.014032073,0.00060060018,0.0065632237,0.044465562,117.57798,418.736,7.4988525,39.272414,0.000042904342,"PACK PROXY"
"15023","15023","fruits, légumes, légumineuses et oléagineux","fruits à coque et graines oléagineuses","Noix, fraîche","Walnut, fresh","2",0,"Ambiant (long)","Pas de préparation",5,0.39576831999999995,2.4910903,1.1359047e-7,0.47210508,0.010696787,9.8826776e-8,6.0619209e-8,1.5609954e-9,0.014032073,0.00060060018,0.0065632237,0.044465562,117.57798,418.736,7.4988525,39.272414,0.000042904342,"PACK PROXY"
"4028","4028","fruits, légumes, légumineuses et oléagineux","pommes de terre et autres tubercules","Pomme de terre de conservation, sans peau, bouillie/cuite à l'eau","Ware potato, boiled/cooked in water, peeled","2",0,"Ambiant (moyen)","Cuisson à l'eau",5,0.10880936000000001,1.1770177,3.2491554e-8,0.21110208,0.0037812922,5.2284802e-8,1.9235877e-8,5.1803079e-10,0.0043322762,0.00024067474,0.002194164,0.014091236,8.1537998,36.218655,0.54031759,20.110713,0.0000054249977,"PACK PROXY"
"18430","18430","boissons","eaux","Eau embouteillée de source","Water, bottled","2",0,"Ambiant (long)","Pas de préparation",5,0.046243447,0.33559328,5.6024616e-7,0.12188402,0.0010583969,1.5629165e-8,3.2124827e-9,7.5658615e-11,0.00093963942,0.000055986984,0.00023139274,0.0019342732,0.81623889,1.7702726,0.055838936,7.1255563,0.000015048982,"PACK PROXY"
"20022","20022","fruits, légumes, légumineuses et oléagineux","légumes","Cresson de fontaine, cru","Watercress, raw","2",0,"Ambiant (moyen)","Pas de préparation",5,0.08104230500000001,0.88848059,2.6147778e-8,0.24487187,0.0027157196,4.1878176e-8,1.4943976e-8,2.0826628e-10,0.0032417634,0.00013366222,0.0033955874,0.010909819,16.656811,-27.710972,0.41678219,12.245061,0.0000053599292,"PACK AGB"
"13036","13036","fruits, légumes, légumineuses et oléagineux","fruits","Pastèque, pulpe, crue","Watermelon, pulp, raw","2",0,"Ambiant (moyen)","Pas de préparation",5,0.08259942,0.78568297,2.6213373e-8,0.066290746,0.0028691112,3.864454e-8,1.6192714e-8,4.1616403e-10,0.0038331745,0.00013935813,0.0033451973,0.010902645,10.684117,20.990435,0.83391674,10.860658,0.0000068043862,"PACK AGB"
"9621","9621","aides culinaires et ingrédients divers","ingrédients divers","Son de blé","Wheat bran","2",0,"Ambiant (long)","Pas de préparation",5,0.046215584000000004,0.37228766,6.4543214e-9,0.11812123,0.0013324306,3.3995059e-8,4.7638327e-9,2.9892674e-10,0.0037408637,0.000075849082,0.0022544034,0.015412415,4.4243313,27.644919,0.076719602,5.7264642,0.0000020905716,"PACK PROXY"
"9691","9691","produits céréaliers","pâtes, riz et céréales","Boulgour de blé, cuit, non salé","Wheat bulgur, cooked, unsalted","2",0,"Ambiant (long)","Micro-onde",5,0.064673189,0.51080836,4.7308995e-8,0.11306318,0.0018446052,4.3474245e-8,8.3849579e-9,4.4191244e-10,0.0058122927,0.00011760421,0.003553641,0.023317295,3.0386036,40.661101,0.15860787,7.0824196,0.0000038480266,"PACK AGB"
"9690","9690","produits céréaliers","pâtes, riz et céréales","Boulgour de blé, cru","Wheat bulgur, raw","2",0,"Ambiant (long)","Pas de préparation",5,0.11104133000000001,0.83660047,1.2287685e-8,0.086187939,0.003109876,8.642347e-8,1.5696176e-8,9.0558429e-10,0.012086074,0.0001859229,0.0077017446,0.050089402,5.61428,87.91877,0.25405188,8.1817076,0.0000042075661,"PACK AGB"
"9437","9437","produits céréaliers","farines et pâtes à tarte","Farine de blé tendre ou froment avec levure incorporée","Wheat flour, self-raising","2",0,"Ambiant (long)","Pas de préparation",5,0.10413345,0.79014045,1.2646423e-8,0.17027384,0.0028657526,7.7437978e-8,1.0673296e-8,7.9886611e-10,0.010041413,0.00017387069,0.0062276519,0.042690369,11.908754,75.881802,0.18242426,9.3717582,0.0000043734677,"PACK PROXY"
"9410","9410","produits céréaliers","farines et pâtes à tarte","Farine de blé tendre ou froment T110","Wheat flour, type 110","2",0,"Ambiant (long)","Pas de préparation",5,0.10413345,0.79014045,1.2646423e-8,0.17027384,0.0028657526,7.7437978e-8,1.0673296e-8,7.9886611e-10,0.010041413,0.00017387069,0.0062276519,0.042690369,11.908754,75.881802,0.18242426,9.3717582,0.0000043734677,"PACK PROXY"
"9415","9415","produits céréaliers","farines et pâtes à tarte","Farine de blé tendre ou froment T150","Wheat flour, type 150","2",0,"Ambiant (long)","Pas de préparation",5,0.10413345,0.79014045,1.2646423e-8,0.17027384,0.0028657526,7.7437978e-8,1.0673296e-8,7.9886611e-10,0.010041413,0.00017387069,0.0062276519,0.042690369,11.908754,75.881802,0.18242426,9.3717582,0.0000043734677,"PACK PROXY"
"9436","9436","produits céréaliers","farines et pâtes à tarte","Farine de blé tendre ou froment T55 (pour pains)","Wheat flour, type 55 (for bread)","2",0,"Ambiant (long)","Pas de préparation",5,0.10413345,0.79014045,1.2646423e-8,0.17027384,0.0028657526,7.7437978e-8,1.0673296e-8,7.9886611e-10,0.010041413,0.00017387069,0.0062276519,0.042690369,11.908754,75.881802,0.18242426,9.3717582,0.0000043734677,"PACK PROXY"
"9440","9440","produits céréaliers","farines et pâtes à tarte","Farine de blé tendre ou froment T45 (pour pâtisserie)","Wheat flour, type 55 (for pastry)","2",0,"Ambiant (long)","Pas de préparation",5,0.10413345,0.79014045,1.2646423e-8,0.17027384,0.0028657526,7.7437978e-8,1.0673296e-8,7.9886611e-10,0.010041413,0.00017387069,0.0062276519,0.042690369,11.908754,75.881802,0.18242426,9.3717582,0.0000043734677,"PACK PROXY"
"9435","9435","produits céréaliers","farines et pâtes à tarte","Farine de blé tendre ou froment T65","Wheat flour, type 65","2",0,"Ambiant (long)","Pas de préparation",5,0.10413345,0.79014045,1.2646423e-8,0.17027384,0.0028657526,7.7437978e-8,1.0673296e-8,7.9886611e-10,0.010041413,0.00017387069,0.0062276519,0.042690369,11.908754,75.881802,0.18242426,9.3717582,0.0000043734677,"PACK PROXY"
"9445","9445","produits céréaliers","farines et pâtes à tarte","Farine de blé tendre ou froment T80","Wheat flour, type 80","2",0,"Ambiant (long)","Pas de préparation",5,0.10413345,0.79014045,1.2646423e-8,0.17027384,0.0028657526,7.7437978e-8,1.0673296e-8,7.9886611e-10,0.010041413,0.00017387069,0.0062276519,0.042690369,11.908754,75.881802,0.18242426,9.3717582,0.0000043734677,"PACK PROXY"
"7407","7407","produits céréaliers","pains et viennoiseries","Pain grillé suédois au froment","Wheat swedish toast","2",0,"Ambiant (court)","Pas de préparation",5,0.18052852000000003,1.2896738,2.8676384e-8,0.48732571,0.0049095451,1.2552565e-7,1.152838e-7,1.6264255e-9,0.01557221,0.00027238687,0.008244984,0.065132626,14.644583,69.225253,0.5407189,19.693864,0.0000054501501,"PACK PROXY"
"7420","7420","produits céréaliers","pains et viennoiseries","Pain grillé suédois au blé complet","Wheat swedish toast, wholemeal","2",0,"Ambiant (court)","Pas de préparation",5,0.18052852000000003,1.2896738,2.8676384e-8,0.48732571,0.0049095451,1.2552565e-7,1.152838e-7,1.6264255e-9,0.01557221,0.00027238687,0.008244984,0.065132626,14.644583,69.225253,0.5407189,19.693864,0.0000054501501,"PACK PROXY"
"7815_2","7815","entrées et plats composés","sandwichs","Wrap végétarien","Wheat tortilla wrap, filled with soy-based, vegetarian","2",0,"Glacé","Four",5,0.29276659,1.8225915,5.2792007e-8,2.0620939,0.0067063733,1.3058634e-7,4.1215591e-8,1.2219883e-9,0.016408616,0.00042362567,0.010044092,0.062274756,34.202039,133.90039,1.7225486,59.059968,0.000013153876,"PACK PROXY"
"7815_1","7815","produits céréaliers","pains et viennoiseries","Tortilla souple (à garnir), à base de blé","Wheat tortilla wrap, to be filled","2",0,"Ambiant (court)","Pas de préparation",5,0.16985924,1.2887047,2.8198726e-8,0.6300608,0.0046241425,9.8795246e-8,2.2674734e-8,9.3074175e-10,0.012535988,0.00025972973,0.007689488,0.051644705,17.086823,103.43905,0.88250885,25.021003,0.0000053660316,"PACK PROXY"
"9080","9080","produits céréaliers","pâtes, riz et céréales","Blé dur précuit, entier, cru","Wheat, whole, pre-cooked, raw","2",0,"Ambiant (long)","Pas de préparation",5,0.13664013,1.128513,1.0614913e-7,0.10550178,0.004067303,9.6559221e-8,1.788168e-8,9.7934123e-10,0.012938675,0.0002521289,0.0079918361,0.05237328,6.7121525,91.673479,0.34809908,12.668845,0.000007467163,"PACK AGB"
"9010","9010","produits céréaliers","pâtes, riz et céréales","Blé tendre entier ou froment, cru","Wheat, whole, raw","2",0,"Ambiant (long)","Pas de préparation",5,0.086819892,0.68453459,1.1841778e-8,0.079687521,0.0024662904,6.5651976e-8,8.9989764e-9,6.8508963e-10,0.0085679781,0.00014726166,0.0052978532,0.036615658,10.154871,65.380098,0.16250229,6.9686855,0.0000034918477,"PACK AGB"
"25225","25225","entrées et plats composés","plats végétariens","Nuggets de blé (sans soja), préemballé","Wheat-based nuggets (wo soybean)","2",0,"Glacé","Poêle",5,0.23534804999999998,1.830426,6.3186868e-8,0.80109932,0.0063163602,1.1778133e-7,2.9152715e-8,3.2626095e-9,0.014725062,0.00050575943,0.011900707,0.059432133,33.474277,151.5238,0.4179792,35.689305,0.0000091698742,"PACK PROXY"
"19420","19420","lait et produits laitiers","crèmes et spécialités à base de crème","Crème chantilly, sous pression, UHT","Whipped cream or Chantilly cream, under pressure, UHT","2",0,"Ambiant (long)","Pas de préparation",5,0.32567999,3.026198,3.1086718e-8,0.25249302,0.0066159198,3.3079262e-7,5.2061532e-8,1.4627187e-9,0.046701172,0.00024904576,0.010914655,0.19964127,28.266304,116.05223,0.57050775,17.991073,0.0000072010591,"PACK AGB"
"1013","1013","boissons","boisson alcoolisées","Cocktail à base de whisky","Whiskey-based cocktail","2",0,"Ambiant (long)","Réfrigéré chez le consommateur",5,0.40017225,2.7299788,4.9695217e-8,0.74290353,0.012028917,1.7813104e-7,1.0651236e-7,2.2613533e-9,0.017585293,0.00054704085,0.020226077,0.062873335,174.96813,363.92825,0.7320682,40.024683,0.000027088607,"PACK PROXY"
"1005","1005","boissons","boisson alcoolisées","Whisky","Whisky","2",0,"Ambiant (long)","Réfrigéré chez le consommateur",5,0.71775655,4.5470101,8.8529047e-8,1.2582273,0.020534585,3.0534318e-7,2.0257381e-7,4.2918302e-9,0.031213544,0.0010005902,0.038872195,0.11648847,337.14825,710.32933,1.2983204,64.833911,0.000051023939,"PACK PROXY"
"25002","25002","entrées et plats composés","plats composés","Cassoulet, appertisé","White bean stew, canned","2",0,"Ambiant (long)","Micro-onde",5,0.066729942,0.59694184,1.7778911e-8,0.27807514,0.0019031559,3.3853108e-8,9.5729308e-9,2.0655091e-9,0.002357992,0.00013997405,0.0010306358,0.0073791461,4.2690377,17.514619,0.53533359,13.406937,0.0000025868093,"PACK AGB"
"25099","25099","entrées et plats composés","plats composés","Cassoulet au canard ou oie, appertisé","White bean stew, with duck or goose, canned","2",0,"Ambiant (long)","Micro-onde",5,0.075694096,0.65448751,1.8014407e-8,0.29226412,0.0020024402,4.7734158e-8,7.9532798e-9,2.0804559e-9,0.0043049856,0.00014871231,0.0013136243,0.016009868,4.9564628,15.698079,0.48899787,14.032558,0.0000026883051,"PACK AGB"
"25098","25098","entrées et plats composés","plats composés","Cassoulet au porc, appertisé","White bean stew, with pork, canned","2",0,"Ambiant (long)","Micro-onde",5,0.2552155,2.0685824,2.9499101e-8,0.48852838,0.0054695459,2.1446856e-7,2.5379497e-8,3.0185959e-9,0.028194072,0.00034186687,0.0080478851,0.11722114,50.11879,98.796505,0.82915451,23.537496,0.0000072893833,"PACK AGB"
"11140","11140","aides culinaires et ingrédients divers","sauces","Sauce au beurre blanc, préemballée","White butter sauce, prepacked","2",0,"Glacé","Micro-onde",5,0.4954683,4.0219573,9.4087799e-7,1.006603,0.0097950997,3.9836775e-7,8.2816217e-8,6.5664853e-9,0.055473913,0.00040051186,0.016171601,0.23397951,59.079741,184.97037,0.63472782,41.638654,0.000034117307,"PACK PROXY"
"20116","20116","fruits, légumes, légumineuses et oléagineux","légumes","Chou blanc, cru","White cabbage, raw","2",0,"Ambiant (moyen)","Pas de préparation",5,0.068950065,0.75494967,2.1732556e-8,0.09154728,0.0026158422,3.8438769e-8,1.4321748e-8,1.5905086e-10,0.0032186212,0.00016588779,0.0023718486,0.0097180842,6.9277623,9.3064176,0.49023385,9.3549405,0.0000039834032,"PACK AGB"
"31010","31010","produits sucrés","chocolats et produits à base de chocolat","Chocolat blanc, tablette","White chocolate bar","2",0,"Ambiant (long)","Pas de préparation",5,0.71801518,11.129413,4.3763029e-8,0.55126836,0.020735958,3.9775911e-7,5.0998849e-8,5.5211223e-9,0.049662619,0.001394177,0.028876187,0.19642161,38.825841,404.49528,1.2325934,46.1972,0.000014834432,"PACK PROXY"
"31026","31026","produits sucrés","chocolats et produits à base de chocolat","Chocolat blanc aux fruits secs (noisettes, amandes, raisins, praliné) , tablette","White chocolate bar, with dried fruits (nuts, almonds, raisins, praline)","2",0,"Ambiant (long)","Pas de préparation",5,0.71801518,11.129413,4.3763029e-8,0.55126836,0.020735958,3.9775911e-7,5.0998849e-8,5.5211223e-9,0.049662619,0.001394177,0.028876187,0.19642161,38.825841,404.49528,1.2325934,46.1972,0.000014834432,"PACK PROXY"
"25140","25140","entrées et plats composés","plats composés","Poisson blanc à la florentine (sauce aux épinards)","White fish with Florentine-style sauce (spinach sauce)","2",0,"Glacé","Micro-onde",5,1.4818804,9.3814281,2.4287302e-7,0.73636739,0.1730546,0.0000018467179,5.1651454e-8,4.3155308e-9,0.2389627,0.00049809171,0.060128056,0.65776854,19.400474,81.064095,0.60806493,128.99069,0.000025056161,"PACK PROXY"
"25142","25142","entrées et plats composés","plats composés","Poisson blanc à la sauce moutarde","White fish with mustard sauce","2",0,"Glacé","Micro-onde",5,1.4818804,9.3814281,2.4287302e-7,0.73636739,0.1730546,0.0000018467179,5.1651454e-8,4.3155308e-9,0.2389627,0.00049809171,0.060128056,0.65776854,19.400474,81.064095,0.60806493,128.99069,0.000025056161,"PACK PROXY"
"25143","25143","entrées et plats composés","plats composés","Poisson blanc à la parisienne (sauce aux champignons)","White fish with Parisian-style sauce (mushrooms sauce)","2",0,"Glacé","Micro-onde",5,1.6146424000000001,10.390736,3.1404487e-7,0.75440678,0.18515768,0.0000019807067,6.6193961e-8,7.3565027e-9,0.25566942,0.00081410098,0.066658957,0.70328813,23.127442,89.69933,0.78419219,139.85469,0.000027804607,"PACK PROXY"
"25128","25128","entrées et plats composés","plats composés","Poisson blanc à la provençale ou niçoise (sauce tomate)","White fish with Provencal-style sauce (tomato sauce)","2",0,"Glacé","Micro-onde",5,1.6865071,10.348268,2.7563253e-7,0.73167529,0.1979511,0.0000020740352,1.2457821e-7,6.2481978e-9,0.26744038,0.00059724708,0.068319657,0.72567818,22.960695,95.95219,2.4042678,145.94876,0.000028172677,"PACK PROXY"
"25141","25141","entrées et plats composés","plats composés","Poisson blanc à la marinière (sauce aux oignons, vin blanc, moules)","White fish with shallots, mussels and white wine sauce","2",0,"Glacé","Micro-onde",5,1.3634420999999999,9.6008231,4.047575e-7,0.86300606,0.13654798,0.0000014872881,9.7517685e-8,7.425923e-9,0.18975084,0.0016778368,0.058460966,0.53625669,43.923151,168.87292,1.529941,124.73823,0.000028698692,"PACK PROXY"
"25146","25146","entrées et plats composés","plats composés","Poisson blanc sauce oseille","White fish with sorrel sauce","2",0,"Glacé","Micro-onde",5,1.4818804,9.3814281,2.4287302e-7,0.73636739,0.1730546,0.0000018467179,5.1651454e-8,4.3155308e-9,0.2389627,0.00049809171,0.060128056,0.65776854,19.400474,81.064095,0.60806493,128.99069,0.000025056161,"PACK PROXY"
"25145","25145","entrées et plats composés","plats composés","Poisson blanc à l'estragon","White fish with tarragon sauce","2",0,"Glacé","Micro-onde",5,1.4818804,9.3814281,2.4287302e-7,0.73636739,0.1730546,0.0000018467179,5.1651454e-8,4.3155308e-9,0.2389627,0.00049809171,0.060128056,0.65776854,19.400474,81.064095,0.60806493,128.99069,0.000025056161,"PACK PROXY"
"11019","11019","aides culinaires et ingrédients divers","épices","Poivre blanc, poudre","White pepper, powder","2",0,"Ambiant (long)","Pas de préparation",5,0.98663239,7.4515835,1.3684646e-7,0.41899637,0.03566036,4.832134e-7,1.0445028e-7,1.9233432e-9,0.060015813,0.0015929014,0.054819499,0.20832805,74.457366,622.2384,18.265257,80.305266,0.00008149237,"PACK PROXY"
"8803","8803","viandes, œufs, poissons","charcuteries","Boudin blanc truffé, cru","White pudding, truffled, raw","2",0,"Glacé","Pas de préparation",5,0.48611482,3.9061152,7.5123375e-8,1.0124002,0.011514697,4.0939038e-7,4.7522639e-8,2.2793873e-9,0.056094474,0.00060642829,0.01562939,0.23401374,91.463818,170.20306,0.9804023,48.334497,0.000015059326,"PACK AGB"
"25184","25184","entrées et plats composés","plats composés","Riz blanc, cuit, avec poulet","White rice, cooked, with chicken","2",0,"Glacé","Micro-onde",5,0.40310135,2.9098513,0.0000015077117,0.9436769,0.0092741548,2.2571044e-7,1.1305461e-7,1.413864e-9,0.029199423,0.00057708113,0.011467116,0.11588111,51.776141,111.29639,2.8611685,44.751403,0.00004641652,"PACK AGB"
"25185","25185","entrées et plats composés","plats composés","Riz blanc, cuit, avec légumes et viande","White rice, cooked, with vegetables and meat","2",0,"Glacé","Micro-onde",5,0.37164784,2.6729715,0.0000015055324,0.90495028,0.0085549877,1.9433014e-7,9.4667535e-8,4.7783715e-9,0.024576706,0.00054545402,0.010583156,0.096188545,44.259967,107.27382,2.4155715,43.030428,0.00004580645,"PACK AGB"
"26124","26124","viandes, œufs, poissons","produits à base de poissons et produits de la mer","Merlan, pané","Whiting, breaded","2",0,"Glacé","Four",5,2.4554798,15.09321,0.0000024963338,0.86462011,0.2927026,0.0000030270203,6.2600367e-8,6.6980438e-9,0.39137522,0.00071311121,0.096139349,1.0494707,15.539318,20.88073,0.5357546,210.81441,0.000092798979,"PACK PROXY"
"26021","26021","viandes, œufs, poissons","poissons cuits","Merlan, frit","Whiting, fried","2",0,"Glacé","Poêle",5,2.4187423999999997,15.00896,0.0000021589476,0.45751931,0.29228553,0.0000030205079,5.9208684e-8,6.6799302e-9,0.39074194,0.00066859038,0.096151816,1.0488162,15.764828,23.461424,0.49474665,201.61878,0.000081148734,"PACK PROXY"
"26095","26095","viandes, œufs, poissons","poissons crus","Merlan, cru","Whiting, raw","2",0,"Glacé","Pas de préparation",5,1.9688571000000001,12.188752,0.0000017640754,0.28003355,0.23912983,0.0000024713049,4.7505226e-8,5.4092627e-9,0.31970158,0.00052943654,0.078563124,0.85806833,12.058341,16.31433,0.39493123,161.74181,0.000065558231,"PACK PROXY"
"26022","26022","viandes, œufs, poissons","poissons cuits","Merlan, cuit à la vapeur","Whiting, steamed","2",0,"Glacé","Four",5,2.4367512000000002,14.971152,0.0000021565617,0.85906355,0.29233644,0.0000030233252,6.1668391e-8,6.670658e-9,0.39103808,0.00069325312,0.096056254,1.0488041,15.250525,20.57012,0.51751326,208.98779,0.000084280085,"PACK PROXY"
"8321","8321","viandes, œufs, poissons","charcuteries","Foie gras, entier","Whole duck foie gras, pasteurized","2",0,"Glacé","Pas de préparation",5,3.528709,22.093018,5.4404317e-7,5.475895,0.064225768,0.0000039467299,2.5304402e-7,1.7015216e-8,0.55893149,0.004236628,0.11955021,2.3981345,412.41412,1287.6045,6.3506943,267.1827,0.000072010769,"PACK AGB"
"9111","9111","produits céréaliers","pâtes, riz et céréales","Riz sauvage, cuit, non salé","Wild rice, cooked, unsalted","2",0,"Ambiant (long)","Cuisson à l'eau",5,0.18895092,1.0309619,6.0216273e-8,0.19649824,0.0035656582,6.9677752e-8,2.2735541e-7,1.8180877e-10,0.010184824,0.00013691399,0.0077708149,0.040228115,19.38008,29.549759,6.2523544,11.68855,0.0000047890357,"PACK AGB"
"9108","9108","produits céréaliers","pâtes, riz et céréales","Riz sauvage, cru","Wild rice, raw","2",0,"Ambiant (long)","Pas de préparation",5,0.3655623,1.7200367,3.0383879e-8,0.092132465,0.0064374168,1.4223338e-7,5.085215e-7,2.4327389e-10,0.021478751,0.00020172365,0.017077142,0.08710146,42.108568,62.488952,13.991475,10.432286,0.0000045916151,"PACK AGB"
"5214","5214","boissons","boisson alcoolisées","Vin rouge","Wine, red","2",0,"Ambiant (long)","Réfrigéré chez le consommateur",5,0.19049018,1.5488647,2.6083054e-8,0.42158279,0.0061345049,9.1944829e-8,4.2480783e-8,9.0527365e-10,0.0084937487,0.00026676004,0.0077393113,0.027076409,65.621897,133.30177,0.36198244,24.558577,0.000011196131,"PACK AGB"
"5216","5216","boissons","boisson alcoolisées","Vin rosé","Wine, rose","2",0,"Glacé","Réfrigéré chez le consommateur",5,0.20998669,1.6898411,3.183846e-8,0.42170121,0.0066771354,9.9145906e-8,4.8384415e-8,1.0266067e-9,0.0094129545,0.00029810409,0.008811447,0.030630905,74.885687,152.93369,0.40451736,25.473426,0.000013200918,"PACK AGB"
"5215","5215","boissons","boisson alcoolisées","Vin blanc sec","Wine, white, dry","2",0,"Glacé","Réfrigéré chez le consommateur",5,0.22310865,1.7576834,3.3321024e-8,0.5086431,0.0069430008,1.0350277e-7,5.1293803e-8,1.0950777e-9,0.0098824479,0.00031674509,0.0093597312,0.0323145,79.537804,162.828,0.43148375,27.819635,0.000014010241,"PACK AGB"
"5201","5201","boissons","boisson alcoolisées","Vin blanc mousseux","Wine, white, sparkling","2",0,"Glacé","Réfrigéré chez le consommateur",5,0.27220126,2.3631532,4.0962979e-8,0.59811151,0.0092755283,1.3542925e-7,5.6353416e-8,1.3405398e-9,0.012575195,0.00040871012,0.01005677,0.037907928,84.496763,169.07594,0.54729428,36.606417,0.000015150481,"PACK AGB"
"5209","5209","boissons","boisson alcoolisées","Vin blanc mousseux aromatisé","Wine, white, sparkling, flavoured","2",0,"Glacé","Réfrigéré chez le consommateur",5,0.27220126,2.3631532,4.0962979e-8,0.59811151,0.0092755283,1.3542925e-7,5.6353416e-8,1.3405398e-9,0.012575195,0.00040871012,0.01005677,0.037907928,84.496763,169.07594,0.54729428,36.606417,0.000015150481,"PACK AGB"
"1006","1006","boissons","boisson alcoolisées","Vin doux","Wine, white, sweet","2",0,"Ambiant (long)","Réfrigéré chez le consommateur",5,0.21601476,1.7023332,2.9208509e-8,0.43583383,0.0067347921,1.0170033e-7,5.0664391e-8,1.0828239e-9,0.0096521447,0.00030636348,0.0092968318,0.031614902,79.380725,162.68663,0.42512371,25.91589,0.000013310236,"PACK AGB"
"1007","1007","boissons","boisson alcoolisées","Apéritif à base de vin ou vermouth","Wine-based aperitif","2",0,"Ambiant (long)","Réfrigéré chez le consommateur",5,0.26705101,1.9725407,3.271294e-8,0.50489773,0.0081325364,1.3060309e-7,6.134352e-8,1.3386711e-9,0.013080419,0.00035748161,0.012313003,0.045791521,102.09514,209.49534,0.69387999,29.355559,0.000016656028,"PACK PROXY"
"25565","25565","entrées et plats composés","plats composés","Yakitori (brochettes japonaises grillées en sauce)","Yakitori (grilled meat on skewers, Japanese-style, with sauce)","2",0,"Glacé","Micro-onde",5,0.74229618,5.2182117,9.0930876e-8,0.82131471,0.017064572,6.1107056e-7,4.7417821e-7,4.8314468e-9,0.081984444,0.0010644667,0.02392341,0.33614064,128.0285,282.77381,3.8968333,48.488859,0.000019173692,"PACK AGB"
"53503","53503","fruits, légumes, légumineuses et oléagineux","pommes de terre et autres tubercules","Igname, épluchée, bouillie/cuite à l'eau","Yam or Indian potato, peeled, boiled/cooked in water","2",0,"Ambiant (moyen)","Cuisson à l'eau",5,0.10235168,0.62386334,4.056147e-8,0.1521137,0.0029314418,4.4071319e-8,2.1307916e-8,2.5654776e-10,0.0051381581,0.00045598298,0.0042741236,0.017375361,35.784567,23.842039,1.7852287,10.34239,0.0000041892837,"PACK AGB"
"53502","53502","fruits, légumes, légumineuses et oléagineux","pommes de terre et autres tubercules","Igname, épluchée, crue","Yam or Indian potato, peeled, raw","2",0,"Ambiant (moyen)","Pas de préparation",5,0.064169187,0.36951313,2.5932903e-8,0.034842288,0.0019160459,2.98682e-8,1.433692e-8,1.6004306e-10,0.0034621487,0.00031127228,0.0029601924,0.011879801,25.005863,16.633837,1.2473203,4.7765162,0.0000022996734,"PACK AGB"
"26181","26181","viandes, œufs, poissons","produits à base de poissons et produits de la mer","Thon albacore ou thon jaune, au naturel, appertisé, égoutté","Yellowfin tuna, canned in brine, drained","2",0,"Ambiant (long)","Pas de préparation",5,0.85393852,6.3804357,2.3123321e-7,0.14593363,0.094965837,9.8737702e-7,2.9337978e-8,7.4748834e-9,0.12529862,0.00051693225,0.030794275,0.33421429,13.307222,13.250093,0.42461987,79.474556,0.000020777899,"PACK AGB"
"26064","26064","viandes, œufs, poissons","poissons crus","Thon albacore ou thon jaune, cru","Yellowfin tuna, raw","2",0,"Glacé","Pas de préparation",5,0.79068125,5.0646687,0.0000015851834,0.24048774,0.086908178,8.9543154e-7,2.5816702e-8,2.0546578e-9,0.11494827,0.00031404978,0.028377081,0.3088793,6.878944,8.8803994,0.26127736,69.322211,0.000056171873,"PACK PROXY"
"23588","23588","produits céréaliers","gâteaux et pâtisseries","Gâteau au yaourt","Yogurt cake","2",0,"Ambiant (long)","Pas de préparation",5,0.30804218,2.7705622,5.6509011e-8,0.55902173,0.009279559,1.8934557e-7,2.9519773e-8,1.3950766e-9,0.024566678,0.00043469102,0.011040982,0.099676269,36.0045,140.57444,1.8611941,42.426416,0.000010319599,"PACK PROXY"
"11166","11166","aides culinaires et ingrédients divers","sauces","Sauce au yaourt","Yogurt sauce","2",0,"Glacé","Pas de préparation",5,0.21500366999999998,1.5643882,9.2422145e-7,0.75752994,0.0047530902,1.1762546e-7,2.563984e-8,8.8177611e-9,0.014651559,0.00022131891,0.0045916203,0.057784415,20.595665,50.652715,0.43157025,29.869017,0.000026010129,"PACK PROXY"
"19577","19577","lait et produits laitiers","produits laitiers frais et assimilés","Yaourt, lait fermenté ou spécialité laitière, aromatisé, sucré, à la crème","Yogurt, fermented milk or dairy specialty, flavoured, w sugar, with cream","2",0,"Glacé","Pas de préparation",5,0.18607815,1.8009027,4.7550251e-8,0.34771347,0.0044381786,1.6023658e-7,2.5322545e-8,7.3880486e-10,0.021104696,0.0002139903,0.0051288459,0.087385664,13.519633,53.111249,0.4273532,19.156055,0.0000059357508,"PACK AGB"
"19575","19575","lait et produits laitiers","produits laitiers frais et assimilés","Yaourt, lait fermenté ou spécialité laitière, aromatisé, sucré","Yogurt, fermented milk or dairy specialty, flavoured, with sugar","2",0,"Glacé","Pas de préparation",5,0.16304804,1.5899798,4.7218193e-8,0.34467014,0.0041128168,1.3349412e-7,2.084204e-8,6.293252e-10,0.017136069,0.00020363516,0.0042206445,0.070084975,11.150693,43.544731,0.40896914,19.15084,0.0000055610036,"PACK AGB"
"19559","19559","lait et produits laitiers","produits laitiers frais et assimilés","Yaourt, lait fermenté ou spécialité laitière, aromatisé, avec édulcorants, 0% MG","Yogurt, fermented milk or dairy specialty, flavoured, with sweetener, fat free","2",0,"Glacé","Pas de préparation",5,0.16304804,1.5899798,4.7218193e-8,0.34467014,0.0041128168,1.3349412e-7,2.084204e-8,6.293252e-10,0.017136069,0.00020363516,0.0042206445,0.070084975,11.150693,43.544731,0.40896914,19.15084,0.0000055610036,"PACK AGB"
"19593","19593","lait et produits laitiers","produits laitiers frais et assimilés","Yaourt, lait fermenté ou spécialité laitière, nature","Yogurt, fermented milk or dairy specialty, plain","2",0,"Glacé","Pas de préparation",5,0.15990926,1.5913934,4.6401272e-8,0.34530804,0.0039290956,1.3117303e-7,2.2767037e-8,6.4955182e-10,0.016916207,0.00019442454,0.0040735326,0.069278394,11.237043,43.605244,0.2736967,18.437047,0.0000053583349,"PACK AGB"
"19594","19594","lait et produits laitiers","produits laitiers frais et assimilés","Yaourt, lait fermenté ou spécialité laitière, nature, 0% MG","Yogurt, fermented milk or dairy specialty, plain, fat free","2",0,"Glacé","Pas de préparation",5,0.15990926,1.5913934,4.6401272e-8,0.34530804,0.0039290956,1.3117303e-7,2.2767037e-8,6.4955182e-10,0.016916207,0.00019442454,0.0040735326,0.069278394,11.237043,43.605244,0.2736967,18.437047,0.0000053583349,"PACK AGB"
"19598","19598","lait et produits laitiers","produits laitiers frais et assimilés","Yaourt, lait fermenté ou spécialité laitière, nature, à la crème","Yogurt, fermented milk or dairy specialty, plain, w cream","2",0,"Glacé","Pas de préparation",5,0.21578465000000002,2.1085024,4.9869578e-8,0.36860871,0.0049112723,1.9106076e-7,3.2725655e-8,8.9729086e-10,0.025778041,0.0002214995,0.0061055643,0.10761361,16.525162,64.697559,0.32686184,20.308695,0.0000063514075,"PACK AGB"
"19599","19599","lait et produits laitiers","produits laitiers frais et assimilés","Yaourt, lait fermenté ou spécialité laitière, nature, sucré","Yogurt, fermented milk or dairy specialty, plain, w sugar","2",0,"Glacé","Pas de préparation",5,0.1635169,1.5929564,4.6644029e-8,0.3431713,0.0040540595,1.3521304e-7,2.0906936e-8,6.3355326e-10,0.017389905,0.00020386736,0.0042889838,0.071281726,11.274326,44.174682,0.41831806,18.692231,0.0000055379799,"PACK AGB"
"19579","19579","lait et produits laitiers","produits laitiers frais et assimilés","Yaourt, lait fermenté ou spécialité laitière, aux céréales","Yogurt, fermented milk or dairy specialty, w cereals","2",0,"Glacé","Pas de préparation",5,0.28250108,1.802484,5.5686284e-8,0.4039194,0.0054695881,1.8110659e-7,7.7117415e-8,1.7517044e-9,0.022269647,0.00029691066,0.0068512388,0.091567054,34.923716,82.064283,8.4570517,22.170904,0.0000084455877,"PACK AGB"
"19587","19587","lait et produits laitiers","produits laitiers frais et assimilés","Yaourt, lait fermenté ou spécialité laitière, aux fruits, sucré","Yogurt, fermented milk or dairy specialty, w fruits, with sugar","2",0,"Glacé","Pas de préparation",5,0.19125916999999998,1.6576873,2.0059677e-7,0.35370093,0.0043063164,1.3751057e-7,2.6299601e-8,7.9950821e-10,0.017454957,0.00026478915,0.0043983599,0.071090318,58.846362,45.293096,0.85638082,20.23475,0.0000066445673,"PACK AGB"
"19589","19589","lait et produits laitiers","produits laitiers frais et assimilés","Yaourt, lait fermenté ou spécialité laitière, aux fruits, sucré, à la crème","Yogurt, fermented milk or dairy specialty, w fruits, with sugar, with cream","2",0,"Glacé","Pas de préparation",5,0.19125916999999998,1.6576873,2.0059677e-7,0.35370093,0.0043063164,1.3751057e-7,2.6299601e-8,7.9950821e-10,0.017454957,0.00026478915,0.0043983599,0.071090318,58.846362,45.293096,0.85638082,20.23475,0.0000066445673,"PACK AGB"
"19558","19558","lait et produits laitiers","produits laitiers frais et assimilés","Yaourt, lait fermenté ou spécialité laitière, aux céréales, 0% MG","Yogurt, fermented milk or dairy specialty, with cereals, fat free","2",0,"Glacé","Pas de préparation",5,0.28250108,1.802484,5.5686284e-8,0.4039194,0.0054695881,1.8110659e-7,7.7117415e-8,1.7517044e-9,0.022269647,0.00029691066,0.0068512388,0.091567054,34.923716,82.064283,8.4570517,22.170904,0.0000084455877,"PACK AGB"
"19580","19580","lait et produits laitiers","produits laitiers frais et assimilés","Yaourt, lait fermenté ou spécialité laitière, aux copeaux de chocolat, à la crème, sucré","Yogurt, fermented milk or dairy specialty, with chocolate shavings, with cream, with sugar","2",0,"Glacé","Pas de préparation",5,0.22567236999999998,2.1749118,5.5332366e-8,0.35733104,0.0052929927,1.6219603e-7,4.6491667e-8,2.3821105e-9,0.021173601,0.00026837744,0.0061748256,0.087516461,49.372025,71.718662,0.9938917,20.428884,0.0000061751419,"PACK AGB"
"19592","19592","lait et produits laitiers","produits laitiers frais et assimilés","Yaourt, lait fermenté ou spécialité laitière, aux fruits, sucré, enrichi en vitamine D","Yogurt, fermented milk or dairy specialty, with fruits, with sugar, fortified with vitamin D","2",0,"Glacé","Pas de préparation",5,0.19125916999999998,1.6576873,2.0059677e-7,0.35370093,0.0043063164,1.3751057e-7,2.6299601e-8,7.9950821e-10,0.017454957,0.00026478915,0.0043983599,0.071090318,58.846362,45.293096,0.85638082,20.23475,0.0000066445673,"PACK AGB"
"19581","19581","lait et produits laitiers","produits laitiers frais et assimilés","Yaourt, lait fermenté ou spécialité laitière, aux fruits, avec édulcorants, 0% MG","Yogurt, fermented milk or dairy specialty, with fruits, with sweetener, fat free","2",0,"Glacé","Pas de préparation",5,0.19125916999999998,1.6576873,2.0059677e-7,0.35370093,0.0043063164,1.3751057e-7,2.6299601e-8,7.9950821e-10,0.017454957,0.00026478915,0.0043983599,0.071090318,58.846362,45.293096,0.85638082,20.23475,0.0000066445673,"PACK AGB"
"19582","19582","lait et produits laitiers","produits laitiers frais et assimilés","Yaourt, lait fermenté ou spécialité laitière, aux fruits, avec édulcorants, 0% MG, enrichi en vitamine D","Yogurt, fermented milk or dairy specialty, with fruits, with sweetener, fat free, fortified with vitamin D","2",0,"Glacé","Pas de préparation",5,0.19125916999999998,1.6576873,2.0059677e-7,0.35370093,0.0043063164,1.3751057e-7,2.6299601e-8,7.9950821e-10,0.017454957,0.00026478915,0.0043983599,0.071090318,58.846362,45.293096,0.85638082,20.23475,0.0000066445673,"PACK AGB"
"19556","19556","lait et produits laitiers","produits laitiers frais et assimilés","Yaourt au lait de chèvre, nature, 5% MG environ","Yogurt, goat's milk, plain, around 5% fat","2",0,"Glacé","Pas de préparation",5,0.2197953,1.83301,4.747143e-8,0.36042025,0.0041500309,2.233697e-7,1.9702816e-8,7.1455069e-10,0.03012712,0.00022618807,0.0058994819,0.12874489,10.451437,97.54561,0.5361982,19.141403,0.0000060684983,"PACK AGB"
"19550","19550","lait et produits laitiers","produits laitiers frais et assimilés","Yaourt à la grecque, au lait de brebis","Yogurt, Greek-style, ewe's milk","2",0,"Glacé","Pas de préparation",5,0.24433291,2.0497373,4.8255622e-8,0.40187761,0.004821831,2.4670008e-7,3.5271037e-8,9.3740608e-10,0.033727799,0.00023590482,0.0060681749,0.14564499,7.2444338,126.60237,0.41311495,20.575025,0.0000065434771,"PACK AGB"
"19552","19552","lait et produits laitiers","produits laitiers frais et assimilés","Yaourt à la grecque, sur lit de fruits","Yogurt, Greek-style, on a bed of fruits","2",0,"Glacé","Pas de préparation",5,0.21747138,1.9471687,1.5705556e-7,0.34637162,0.0051139709,1.7011777e-7,2.9675049e-8,8.6644841e-10,0.022108599,0.00027672682,0.0057069255,0.091216965,50.945332,57.315151,0.85190503,21.232869,0.0000070846271,"PACK AGB"
"19860","19860","lait et produits laitiers","produits laitiers frais et assimilés","Yaourt à la grecque, nature","Yogurt, Greek-style, plain","2",0,"Glacé","Pas de préparation",5,0.20911805,2.040999,4.8391641e-8,0.34450817,0.0047717716,1.860612e-7,3.1947113e-8,8.7336694e-10,0.025094399,0.00021778076,0.0059488521,0.1048172,16.136838,63.190695,0.32339211,19.250055,0.0000062417694,"PACK AGB"
"21801","21801","viandes, œufs, poissons","viandes cuites","Chevreau, cuit","Young goat, cooked","2",0,"Glacé","Poêle",5,5.0552437,38.271579,1.9352718e-7,1.1670116,0.072986082,0.0000062445011,8.6758598e-7,1.9172244e-8,0.9202765,0.0020364937,0.18889759,4.0971353,174.09325,3062.6963,4.519041,101.3185,0.000062385175,"PACK AGB"
"21800","21800","viandes, œufs, poissons","viandes crues","Chevreau, cru","Young goat, raw","2",0,"Glacé","Pas de préparation",5,3.9900518,30.197052,1.4942629e-7,0.82920714,0.057551757,0.0000049410302,6.8582876e-7,1.5116094e-8,0.72820625,0.0015943639,0.14935455,3.2424811,136.97034,2421.5683,3.567256,76.879119,0.000048498636,"PACK AGB"
